# Blender v3.0.1 OBJ File: ''
# www.blender.org
mtllib sabine.mtl
v 0.073577 0.289673 -0.018946
v 0.077620 0.283521 -0.017792
v 0.081115 0.286983 -0.013765
v 0.077354 0.293965 -0.013558
v 0.072547 0.300581 -0.013400
v 0.068314 0.296480 -0.019195
v 0.066221 0.282957 -0.019726
v 0.070472 0.277328 -0.018199
v 0.065209 0.273816 -0.014836
v 0.060004 0.278673 -0.014903
v 0.055072 0.285090 -0.014894
v 0.061083 0.290154 -0.019884
v 0.066794 0.274829 -0.013301
v 0.060004 0.278673 -0.014903
v 0.061440 0.279553 -0.013359
v 0.065209 0.273816 -0.014836
v 0.055072 0.285090 -0.014894
v 0.056417 0.285937 -0.013350
v 0.076532 0.292944 -0.011823
v 0.081115 0.286983 -0.013765
v 0.080293 0.285962 -0.012030
v 0.077354 0.293965 -0.013558
v 0.071983 0.299875 -0.011665
v 0.072547 0.300581 -0.013400
v 0.070887 0.277735 -0.016223
v 0.065209 0.273816 -0.014836
v 0.066794 0.274829 -0.013301
v 0.070472 0.277328 -0.018199
v 0.076416 0.282525 -0.015907
v 0.077620 0.283521 -0.017792
v 0.080293 0.285962 -0.012030
v 0.081115 0.286983 -0.013765
v 0.061083 0.290154 -0.019884
v 0.056417 0.285937 -0.013350
v 0.055072 0.285090 -0.014894
v 0.061149 0.290154 -0.016879
v 0.068314 0.296480 -0.019195
v 0.066911 0.295268 -0.015891
v 0.072547 0.300581 -0.013400
v 0.071983 0.299875 -0.011665
v 0.061440 0.279553 -0.013359
v 0.069061 0.285497 -0.018008
v 0.070887 0.277735 -0.016223
v 0.066794 0.274829 -0.013301
v 0.061149 0.290154 -0.016879
v 0.056417 0.285937 -0.013350
v 0.066911 0.295268 -0.015891
v 0.076532 0.292944 -0.011823
v 0.076416 0.282525 -0.015907
v 0.080293 0.285962 -0.012030
v 0.071983 0.299875 -0.011665
v 0.056160 0.296040 -0.019909
v 0.050805 0.304051 -0.019045
v 0.046862 0.300216 -0.015517
v 0.051054 0.291491 -0.015193
v 0.054923 0.285372 -0.014886
v 0.060933 0.290329 -0.019726
v 0.063897 0.302017 -0.019128
v 0.057887 0.309298 -0.018290
v 0.062187 0.311066 -0.013317
v 0.068272 0.305255 -0.013359
v 0.072249 0.301013 -0.013450
v 0.068040 0.296613 -0.019328
v 0.052955 0.291823 -0.013765
v 0.046862 0.300216 -0.015517
v 0.048232 0.301503 -0.014446
v 0.051054 0.291491 -0.015193
v 0.056259 0.286228 -0.013458
v 0.054923 0.285372 -0.014886
v 0.048232 0.301503 -0.014446
v 0.050805 0.304051 -0.019045
v 0.050872 0.303877 -0.017144
v 0.046862 0.300216 -0.015517
v 0.057887 0.309298 -0.018290
v 0.057687 0.308443 -0.016580
v 0.062187 0.311066 -0.013317
v 0.061166 0.310103 -0.011524
v 0.061166 0.310103 -0.011524
v 0.068272 0.305255 -0.013359
v 0.067450 0.304234 -0.011574
v 0.062187 0.311066 -0.013317
v 0.072249 0.301013 -0.013450
v 0.071684 0.300307 -0.011657
v 0.060933 0.290329 -0.019726
v 0.066861 0.295525 -0.016173
v 0.068040 0.296613 -0.019328
v 0.061000 0.290378 -0.016704
v 0.056259 0.286228 -0.013458
v 0.054923 0.285372 -0.014886
v 0.071684 0.300307 -0.011657
v 0.072249 0.301013 -0.013450
v 0.048232 0.301503 -0.014446
v 0.050872 0.303877 -0.017144
v 0.052955 0.291823 -0.013765
v 0.059779 0.297053 -0.018796
v 0.061000 0.290378 -0.016704
v 0.057687 0.308443 -0.016580
v 0.067450 0.304234 -0.011574
v 0.066861 0.295525 -0.016173
v 0.071684 0.300307 -0.011657
v 0.061166 0.310103 -0.011524
v 0.056259 0.286228 -0.013458
v 0.076416 0.282525 -0.015907
v 0.070887 0.277735 -0.016223
v 0.069061 0.285497 -0.018008
v -0.081565 0.286452 -0.013765
v -0.078062 0.282990 -0.017792
v -0.074019 0.289133 -0.018946
v -0.077797 0.293433 -0.013558
v -0.072724 0.299701 -0.013400
v -0.068499 0.295600 -0.019195
v -0.066672 0.282425 -0.019726
v -0.070914 0.276797 -0.018199
v -0.065651 0.273285 -0.014836
v -0.060454 0.278142 -0.014903
v -0.055257 0.284210 -0.014894
v -0.061268 0.289283 -0.019884
v -0.060454 0.278142 -0.014903
v -0.067245 0.274290 -0.013301
v -0.061882 0.279013 -0.013359
v -0.065651 0.273285 -0.014836
v -0.055257 0.284210 -0.014894
v -0.056594 0.285065 -0.013350
v -0.081565 0.286452 -0.013765
v -0.076975 0.292412 -0.011823
v -0.080744 0.285430 -0.012030
v -0.077797 0.293433 -0.013558
v -0.072160 0.299004 -0.011665
v -0.072724 0.299701 -0.013400
v -0.065651 0.273285 -0.014836
v -0.071330 0.277195 -0.016223
v -0.067245 0.274290 -0.013301
v -0.070914 0.276797 -0.018199
v -0.076867 0.281994 -0.015907
v -0.078062 0.282990 -0.017792
v -0.080744 0.285430 -0.012030
v -0.081565 0.286452 -0.013765
v -0.056594 0.285065 -0.013350
v -0.061268 0.289283 -0.019884
v -0.055257 0.284210 -0.014894
v -0.061326 0.289283 -0.016879
v -0.068499 0.295600 -0.019195
v -0.067096 0.294396 -0.015891
v -0.072724 0.299701 -0.013400
v -0.072160 0.299004 -0.011665
v -0.071330 0.277195 -0.016223
v -0.069503 0.284957 -0.018008
v -0.061882 0.279013 -0.013359
v -0.067245 0.274290 -0.013301
v -0.061326 0.289283 -0.016879
v -0.056594 0.285065 -0.013350
v -0.067096 0.294396 -0.015891
v -0.076975 0.292412 -0.011823
v -0.076867 0.281994 -0.015907
v -0.080744 0.285430 -0.012030
v -0.072160 0.299004 -0.011665
v -0.046856 0.300216 -0.015517
v -0.050808 0.304051 -0.019045
v -0.056154 0.296040 -0.019909
v -0.051057 0.291491 -0.015193
v -0.055100 0.284501 -0.014886
v -0.061118 0.289457 -0.019726
v -0.063899 0.302017 -0.019128
v -0.057889 0.309298 -0.018290
v -0.062189 0.311066 -0.013317
v -0.068274 0.305255 -0.013359
v -0.072425 0.300133 -0.013450
v -0.068216 0.295733 -0.019328
v -0.046856 0.300216 -0.015517
v -0.052958 0.291823 -0.013765
v -0.048226 0.301503 -0.014446
v -0.051057 0.291491 -0.015193
v -0.056436 0.285347 -0.013458
v -0.055100 0.284501 -0.014886
v -0.050808 0.304051 -0.019045
v -0.048226 0.301503 -0.014446
v -0.050874 0.303877 -0.017144
v -0.046856 0.300216 -0.015517
v -0.057889 0.309298 -0.018290
v -0.057690 0.308443 -0.016580
v -0.062189 0.311066 -0.013317
v -0.061168 0.310103 -0.011524
v -0.068274 0.305255 -0.013359
v -0.061168 0.310103 -0.011524
v -0.067453 0.304234 -0.011574
v -0.062189 0.311066 -0.013317
v -0.072425 0.300133 -0.013450
v -0.071861 0.299427 -0.011657
v -0.067038 0.294645 -0.016173
v -0.061118 0.289457 -0.019726
v -0.068216 0.295733 -0.019328
v -0.061177 0.289507 -0.016704
v -0.056436 0.285347 -0.013458
v -0.055100 0.284501 -0.014886
v -0.071861 0.299427 -0.011657
v -0.072425 0.300133 -0.013450
v -0.052958 0.291823 -0.013765
v -0.050874 0.303877 -0.017144
v -0.048226 0.301503 -0.014446
v -0.059782 0.297053 -0.018796
v -0.061177 0.289507 -0.016704
v -0.057690 0.308443 -0.016580
v -0.067453 0.304234 -0.011574
v -0.067038 0.294645 -0.016173
v -0.071861 0.299427 -0.011657
v -0.061168 0.310103 -0.011524
v -0.056436 0.285347 -0.013458
v -0.069503 0.284957 -0.018008
v -0.071330 0.277195 -0.016223
v -0.076867 0.281994 -0.015907
v 0.058277 0.287946 0.000430
v 0.059148 0.298796 0.003593
v 0.064760 0.292089 0.002141
v 0.051967 0.295525 0.000688
v 0.065640 0.303993 -0.000209
v 0.068886 0.298082 -0.001114
v 0.065939 0.304923 -0.009191
v 0.068587 0.299261 -0.009283
v 0.067874 0.288768 0.003610
v 0.073295 0.295741 -0.000068
v 0.080484 0.287224 0.001020
v 0.074556 0.279445 0.005652
v 0.065333 0.272629 0.002498
v 0.060518 0.282708 0.001327
v 0.065840 0.273086 -0.009465
v 0.061000 0.284185 -0.009698
v 0.074000 0.263506 -0.007581
v 0.074457 0.263738 0.001999
v 0.081654 0.270487 0.005802
v 0.087432 0.276739 0.001418
v 0.062369 0.294322 -0.015127
v 0.057828 0.300440 -0.015716
v 0.052275 0.295326 -0.010237
v 0.057214 0.289888 -0.009681
v 0.061000 0.284185 -0.009698
v 0.044014 0.303163 -0.010320
v 0.052059 0.309630 -0.017493
v 0.062378 0.312610 -0.008809
v 0.061224 0.311290 0.000430
v 0.053487 0.305977 0.004374
v 0.046331 0.302225 0.001244
v 0.052275 0.295326 -0.010237
v 0.057214 0.289888 -0.009681
v 0.044014 0.303163 -0.010320
v 0.040436 0.308767 -0.009814
v 0.055471 0.318737 0.000630
v 0.048174 0.314595 0.004922
v 0.049195 0.328218 0.000854
v 0.043541 0.323245 0.005304
v 0.057272 0.319351 -0.009141
v 0.050498 0.328923 -0.008486
v 0.037730 0.315109 0.002962
v 0.040959 0.309273 0.002174
v 0.036726 0.314470 -0.007531
v 0.040436 0.308767 -0.009814
v 0.046057 0.328093 -0.017867
v 0.049278 0.315225 -0.017825
v 0.040943 0.320746 -0.018663
v 0.037672 0.316047 -0.013907
v 0.036726 0.314470 -0.007531
v 0.033986 0.318247 -0.007722
v 0.035580 0.320024 0.002788
v 0.039673 0.329172 0.005710
v 0.043641 0.335183 0.001393
v 0.045534 0.338561 -0.008751
v 0.042246 0.345236 -0.008328
v 0.040976 0.340463 -0.017028
v 0.036642 0.347685 -0.016455
v 0.042836 0.336760 -0.016405
v 0.038718 0.349578 -0.008270
v 0.037846 0.346697 0.001609
v 0.035480 0.343725 -0.019602
v 0.033803 0.335706 -0.021320
v 0.039357 0.334352 -0.019294
v 0.032060 0.327354 -0.019884
v 0.025560 0.336411 -0.023844
v 0.025344 0.345194 -0.021918
v 0.029445 0.350242 -0.016140
v 0.033463 0.351379 -0.008510
v 0.032957 0.349761 -0.002550
v 0.040968 0.331372 -0.019469
v 0.036111 0.326234 -0.018414
v 0.037581 0.323793 -0.018215
v 0.034077 0.322348 -0.013525
v 0.035397 0.319700 -0.013218
v 0.026871 0.325876 -0.019485
v 0.029030 0.350209 -0.002616
v 0.028681 0.351620 -0.008427
v 0.030939 0.323203 -0.015376
v 0.028416 0.321618 -0.012271
v 0.031744 0.322232 -0.007473
v 0.031246 0.320713 -0.004218
v 0.032292 0.320713 -0.008178
v 0.033986 0.318247 -0.007722
v 0.029304 0.347926 0.001501
v 0.032541 0.347527 0.001518
v 0.030441 0.342837 0.005486
v 0.036759 0.341384 0.005121
v 0.035638 0.335000 0.006740
v 0.030532 0.336320 0.007952
v 0.030898 0.328657 0.007404
v 0.034916 0.328018 0.006399
v 0.032268 0.323892 0.002730
v 0.031736 0.323560 0.002772
v 0.031744 0.322232 -0.007473
v 0.032292 0.320713 -0.008178
v 0.031155 0.320646 0.001327
v 0.031246 0.320713 -0.004218
v 0.073095 0.278258 -0.016895
v 0.086768 0.275817 -0.008851
v 0.078906 0.285015 -0.010918
v 0.079786 0.269018 -0.013824
v 0.065840 0.273086 -0.009465
v 0.074000 0.263506 -0.007581
v 0.072448 0.293973 -0.011574
v 0.066039 0.289324 -0.017136
v -0.059151 0.298796 0.003593
v -0.058271 0.287946 0.000430
v -0.064763 0.292089 0.002141
v -0.051970 0.295525 0.000688
v -0.065643 0.303993 -0.000209
v -0.068880 0.298082 -0.001114
v -0.065933 0.304923 -0.009191
v -0.068590 0.299261 -0.009283
v -0.067876 0.288768 0.003610
v -0.073297 0.295741 -0.000068
v -0.080486 0.287224 0.001020
v -0.074559 0.279445 0.005652
v -0.065327 0.272629 0.002498
v -0.060521 0.282708 0.001327
v -0.065842 0.273086 -0.009465
v -0.061002 0.284185 -0.009698
v -0.074003 0.263506 -0.007581
v -0.074459 0.263738 0.001999
v -0.081649 0.270487 0.005802
v -0.087426 0.276739 0.001418
v -0.062372 0.294322 -0.015127
v -0.057831 0.300440 -0.015716
v -0.052277 0.295326 -0.010237
v -0.057208 0.289888 -0.009681
v -0.061002 0.284185 -0.009698
v -0.044009 0.303163 -0.010320
v -0.052061 0.309630 -0.017493
v -0.062380 0.312610 -0.008809
v -0.061226 0.311290 0.000430
v -0.053489 0.305977 0.004374
v -0.046325 0.302225 0.001244
v -0.052277 0.295326 -0.010237
v -0.057208 0.289888 -0.009681
v -0.044009 0.303163 -0.010320
v -0.040439 0.308767 -0.009814
v -0.055473 0.318737 0.000630
v -0.048176 0.314595 0.004922
v -0.049189 0.328218 0.000854
v -0.043535 0.323245 0.005304
v -0.057275 0.319351 -0.009141
v -0.050501 0.328923 -0.008486
v -0.037724 0.315109 0.002962
v -0.040954 0.309273 0.002174
v -0.036720 0.314470 -0.007531
v -0.040439 0.308767 -0.009814
v -0.046059 0.328093 -0.017867
v -0.049280 0.315225 -0.017825
v -0.040945 0.320746 -0.018663
v -0.037666 0.316047 -0.013907
v -0.036720 0.314470 -0.007531
v -0.033988 0.318247 -0.007722
v -0.035400 0.319700 -0.013218
v -0.037583 0.323793 -0.018215
v -0.034071 0.322348 -0.013525
v -0.036114 0.326234 -0.018414
v -0.040962 0.331372 -0.019469
v -0.039360 0.334352 -0.019294
v -0.042838 0.336760 -0.016405
v -0.040970 0.340463 -0.017028
v -0.045528 0.338561 -0.008751
v -0.042240 0.345236 -0.008328
v -0.036637 0.347685 -0.016455
v -0.038720 0.349578 -0.008270
v -0.037849 0.346697 0.001609
v -0.035483 0.343725 -0.019602
v -0.033806 0.335706 -0.021320
v -0.032054 0.327354 -0.019884
v -0.025562 0.336411 -0.023844
v -0.025346 0.345194 -0.021918
v -0.029439 0.350242 -0.016140
v -0.033465 0.351379 -0.008510
v -0.032959 0.349761 -0.002550
v -0.026874 0.325876 -0.019485
v -0.043643 0.335183 0.001393
v -0.039675 0.329172 0.005710
v -0.035582 0.320024 0.002788
v -0.035632 0.335000 0.006740
v -0.034918 0.328018 0.006399
v -0.030900 0.328657 0.007404
v -0.030527 0.336320 0.007952
v -0.030435 0.342837 0.005486
v -0.032295 0.320713 -0.008178
v -0.029032 0.350209 -0.002616
v -0.029298 0.347926 0.001501
v -0.032544 0.347527 0.001518
v -0.036761 0.341384 0.005121
v -0.032262 0.323892 0.002730
v -0.031747 0.322232 -0.007473
v -0.031730 0.323560 0.002772
v -0.031158 0.320646 0.001327
v -0.031249 0.320713 -0.004218
v -0.028684 0.351620 -0.008427
v -0.086771 0.275817 -0.008851
v -0.073089 0.278258 -0.016895
v -0.078909 0.285015 -0.010918
v -0.079789 0.269018 -0.013824
v -0.065842 0.273086 -0.009465
v -0.074003 0.263506 -0.007581
v -0.072442 0.293973 -0.011574
v -0.066033 0.289324 -0.017136
v -0.000001 0.260774 -0.023811
v 0.008076 0.264892 -0.019344
v -0.000001 0.263896 -0.019610
v 0.006416 0.271500 -0.016596
v 0.015374 0.271592 -0.015833
v 0.018121 0.266279 -0.018622
v -0.000001 0.271326 -0.014770
v 0.004772 0.280973 -0.012819
v 0.013805 0.280765 -0.011283
v 0.004722 0.289914 -0.012910
v -0.000001 0.289914 -0.011150
v -0.000001 0.280757 -0.011856
v 0.013489 0.290088 -0.012553
v 0.015357 0.302640 -0.016073
v 0.023310 0.303827 -0.008917
v 0.020919 0.295102 -0.006070
v 0.025244 0.313598 -0.013168
v 0.029777 0.314802 -0.007655
v 0.027984 0.304649 0.001709
v 0.024763 0.296090 0.002987
v 0.017142 0.312918 -0.020482
v 0.005411 0.314462 -0.021411
v 0.006092 0.325910 -0.025047
v 0.005038 0.303055 -0.016522
v -0.000001 0.304076 -0.014264
v -0.000001 0.317641 -0.021154
v -0.000001 0.329637 -0.024383
v 0.006159 0.337524 -0.025230
v -0.000001 0.338429 -0.024524
v 0.020977 0.289216 -0.004891
v 0.024555 0.290121 0.003485
v 0.017034 0.336619 -0.025761
v 0.017864 0.325279 -0.025031
v 0.025560 0.336411 -0.023844
v 0.026871 0.325876 -0.019485
v 0.025344 0.345194 -0.021918
v 0.016992 0.346033 -0.024400
v 0.021924 0.352268 -0.016505
v 0.013331 0.356809 -0.015650
v 0.021998 0.353588 -0.008610
v 0.007271 0.355771 -0.019975
v 0.014153 0.355962 -0.009407
v 0.007587 0.361657 -0.017775
v -0.000001 0.361781 -0.019170
v -0.000001 0.355530 -0.020340
v 0.006208 0.346282 -0.023545
v -0.000001 0.347046 -0.022955
v 0.011605 0.361150 -0.014172
v 0.013365 0.361026 -0.009307
v 0.008790 0.369128 -0.015608
v 0.013331 0.368149 -0.008867
v -0.000001 0.369460 -0.018448
v -0.007265 0.355771 -0.019975
v -0.006203 0.346282 -0.023545
v -0.007581 0.361657 -0.017775
v -0.008784 0.369128 -0.015608
v -0.011607 0.361150 -0.014172
v -0.013334 0.368149 -0.008867
v -0.013334 0.356809 -0.015650
v -0.016995 0.346033 -0.024400
v -0.021918 0.352268 -0.016505
v -0.022001 0.353588 -0.008610
v -0.025346 0.345194 -0.021918
v -0.013367 0.361026 -0.009307
v -0.014147 0.355962 -0.009407
v -0.017028 0.336619 -0.025761
v -0.025562 0.336411 -0.023844
v -0.017867 0.325279 -0.025031
v -0.006095 0.325910 -0.025047
v -0.026874 0.325876 -0.019485
v -0.017144 0.312918 -0.020482
v -0.005414 0.314462 -0.021411
v -0.015359 0.302640 -0.016073
v -0.025247 0.313598 -0.013168
v -0.023312 0.303827 -0.008917
v -0.013483 0.290088 -0.012553
v -0.020922 0.295102 -0.006070
v -0.004725 0.289914 -0.012910
v -0.013865 0.280923 -0.011283
v -0.004775 0.280973 -0.012819
v -0.029771 0.314802 -0.007655
v -0.027986 0.304649 0.001709
v -0.024757 0.296090 0.002987
v -0.005040 0.303055 -0.016522
v -0.020980 0.289216 -0.004891
v -0.021918 0.281662 -0.005414
v -0.024549 0.290121 0.003485
v -0.015376 0.271816 -0.015849
v -0.006410 0.271500 -0.016596
v -0.008286 0.264967 -0.019344
v -0.017966 0.266171 -0.018663
v -0.010835 0.260899 -0.023620
v -0.020050 0.261895 -0.020789
v -0.027272 0.266611 -0.009150
v -0.030261 0.262310 -0.012371
v -0.034171 0.260758 0.001460
v -0.030585 0.266511 0.002556
v -0.024890 0.272198 -0.006842
v -0.025047 0.275485 -0.006311
v -0.027820 0.272306 0.002215
v -0.026733 0.280383 0.003070
v -0.028202 0.276083 0.002689
v 0.010833 0.260899 -0.023620
v -0.026741 0.282458 0.003834
v -0.025072 0.284899 0.003660
v 0.021924 0.352268 -0.016505
v 0.025344 0.345194 -0.021918
v 0.029445 0.350242 -0.016140
v 0.028681 0.351620 -0.008427
v 0.021998 0.353588 -0.008610
v 0.021973 0.351371 -0.002151
v 0.029030 0.350209 -0.002616
v 0.029304 0.347926 0.001501
v 0.023036 0.348540 0.002896
v 0.030441 0.342837 0.005486
v 0.025709 0.343177 0.007105
v 0.026473 0.338146 0.009894
v 0.030532 0.336320 0.007952
v 0.027428 0.333182 0.010550
v 0.030898 0.328657 0.007404
v 0.028764 0.326391 0.010127
v 0.023708 0.335947 0.020039
v 0.016635 0.343102 0.012327
v 0.014709 0.349345 0.005785
v 0.013638 0.354459 -0.001222
v 0.009637 0.354036 0.002987
v 0.008558 0.350923 0.006698
v 0.006391 0.353596 0.005030
v 0.011356 0.360137 -0.001720
v -0.000001 0.348565 0.009122
v 0.008051 0.348524 0.010085
v -0.000001 0.347145 0.011007
v 0.009537 0.342746 0.016992
v 0.018503 0.339416 0.017250
v 0.013365 0.361026 -0.009307
v 0.014153 0.355962 -0.009407
v 0.013331 0.368149 -0.008867
v 0.011870 0.366779 -0.001952
v 0.006781 0.359216 0.004955
v 0.007562 0.365417 0.004947
v -0.000001 0.342663 0.017706
v 0.004224 0.337125 0.024854
v 0.009189 0.336909 0.023966
v 0.016627 0.336610 0.022430
v -0.000001 0.337266 0.025028
v 0.003087 0.359108 0.006491
v 0.003220 0.364853 0.006731
v 0.001975 0.355231 0.006682
v -0.000001 0.352542 0.007304
v -0.000001 0.355032 0.006947
v -0.006394 0.353596 0.005030
v -0.008552 0.350923 0.006698
v -0.009640 0.354036 0.002987
v -0.011358 0.360137 -0.001720
v -0.008054 0.348524 0.010085
v -0.014712 0.349345 0.005785
v -0.013641 0.354459 -0.001222
v -0.021976 0.351371 -0.002151
v -0.009532 0.342746 0.016992
v -0.016638 0.343102 0.012327
v -0.018497 0.339416 0.017250
v -0.023038 0.348540 0.002896
v -0.029298 0.347926 0.001501
v -0.030435 0.342837 0.005486
v -0.025703 0.343177 0.007105
v -0.026475 0.338146 0.009894
v -0.030527 0.336320 0.007952
v -0.027430 0.333182 0.010550
v -0.030900 0.328657 0.007404
v -0.028767 0.326391 0.010127
v -0.029032 0.350209 -0.002616
v -0.028684 0.351620 -0.008427
v -0.022001 0.353588 -0.008610
v -0.021918 0.352268 -0.016505
v -0.029439 0.350242 -0.016140
v -0.025346 0.345194 -0.021918
v -0.023703 0.335947 0.020039
v -0.027339 0.326109 0.018113
v -0.028692 0.319899 0.017283
v -0.029406 0.322647 0.008641
v -0.031158 0.320646 0.001327
v -0.030361 0.315533 0.008616
v -0.028767 0.315516 0.017208
v -0.026069 0.310062 0.018686
v -0.031058 0.315084 0.000289
v -0.027148 0.305504 0.010193
v -0.023811 0.306268 0.020280
v -0.027986 0.304649 0.001709
v -0.024757 0.296090 0.002987
v -0.023304 0.297036 0.010451
v -0.020689 0.300888 0.023061
v -0.017476 0.295160 0.021118
v -0.013450 0.292769 0.027652
v -0.031249 0.320713 -0.004218
v -0.024549 0.290121 0.003485
v -0.021428 0.289200 0.010534
v -0.017078 0.287664 0.019416
v -0.017659 0.277619 0.018453
v -0.011640 0.286667 0.025194
v -0.006402 0.291333 0.030059
v -0.005505 0.284974 0.026373
v -0.010569 0.274248 0.024497
v -0.011034 0.263987 0.024032
v -0.000001 0.262734 0.027793
v -0.012944 0.254590 0.025236
v -0.019759 0.268470 0.019118
v -0.000001 0.253519 0.028283
v 0.012941 0.254590 0.025236
v 0.011040 0.263987 0.024032
v 0.010575 0.274248 0.024497
v 0.019765 0.268470 0.019118
v 0.017657 0.277619 0.018453
v 0.011638 0.286667 0.025194
v 0.005511 0.284974 0.026373
v 0.006399 0.291333 0.030059
v -0.000001 0.291009 0.030997
v -0.000001 0.284086 0.029312
v -0.000001 0.272355 0.028723
v 0.013456 0.292769 0.027652
v 0.017075 0.287664 0.019416
v 0.021425 0.289200 0.010534
v 0.017474 0.295160 0.021118
v 0.020695 0.300888 0.023061
v 0.023302 0.297036 0.010451
v 0.027145 0.305504 0.010193
v 0.024763 0.296090 0.002987
v 0.027984 0.304649 0.001709
v 0.031055 0.315084 0.000289
v 0.030358 0.315533 0.008616
v 0.023808 0.306268 0.020280
v 0.026074 0.310062 0.018686
v 0.028009 0.315516 0.017208
v 0.028689 0.319899 0.017283
v 0.029403 0.322647 0.008641
v 0.027336 0.326109 0.018113
v 0.031155 0.320646 0.001327
v 0.031246 0.320713 -0.004218
v 0.024555 0.290121 0.003485
v 0.022297 0.280964 0.010592
v 0.024837 0.282782 0.002390
v 0.023459 0.279461 0.011389
v 0.023526 0.277071 0.011522
v 0.026622 0.281628 0.003070
v 0.026398 0.278831 0.002091
v 0.025676 0.274497 0.011754
v 0.025925 0.271691 0.012559
v 0.021973 0.259728 0.019300
v 0.030317 0.263240 0.012700
v 0.028083 0.272712 0.002215
v 0.031952 0.266229 0.002556
v 0.028200 0.275850 0.002689
v 0.031055 0.315084 0.000289
v 0.031246 0.320713 -0.004218
v 0.028416 0.321618 -0.012271
v 0.021924 0.281662 -0.005414
v 0.024837 0.282782 0.002390
v 0.025045 0.274954 -0.006311
v 0.025385 0.272887 -0.006369
v 0.028200 0.275850 0.002689
v 0.028083 0.272712 0.002215
v 0.028216 0.266544 -0.009150
v 0.031952 0.266229 0.002556
v 0.026398 0.278831 0.002091
v 0.026622 0.281628 0.003070
v 0.011870 0.366779 -0.001952
v 0.006416 0.365625 0.003452
v 0.010650 0.366887 -0.002002
v 0.007562 0.365417 0.004947
v 0.013331 0.368149 -0.008867
v 0.011605 0.368057 -0.008851
v 0.003004 0.365019 0.005860
v 0.003220 0.364853 0.006731
v 0.002796 0.359183 0.006076
v 0.003087 0.359108 0.006491
v 0.001377 0.355630 0.006358
v 0.001975 0.355231 0.006682
v -0.000001 0.355480 0.006325
v -0.000001 0.355032 0.006947
v -0.001977 0.355231 0.006682
v -0.001379 0.355630 0.006358
v -0.003089 0.359108 0.006491
v -0.002799 0.359183 0.006076
v -0.003222 0.364853 0.006731
v -0.003006 0.365019 0.005860
v -0.007556 0.365417 0.004947
v -0.006418 0.365600 0.003452
v -0.011873 0.366779 -0.001952
v -0.010644 0.366887 -0.002002
v -0.013334 0.368149 -0.008867
v -0.011607 0.368057 -0.008851
v 0.011605 0.368057 -0.008851
v 0.008790 0.369128 -0.015608
v 0.013331 0.368149 -0.008867
v 0.008151 0.368971 -0.014728
v -0.000001 0.369460 -0.018448
v -0.000001 0.369353 -0.017335
v -0.008154 0.368971 -0.014728
v -0.008784 0.369128 -0.015608
v -0.011607 0.368057 -0.008851
v -0.013334 0.368149 -0.008867
v -0.029431 0.263240 0.012700
v -0.033739 0.256839 0.012526
v -0.030585 0.266511 0.002556
v -0.034171 0.260758 0.001460
v -0.025687 0.250787 0.019915
v -0.022300 0.258807 0.019300
v -0.027820 0.272306 0.002215
v -0.025927 0.269815 0.012559
v -0.025670 0.274497 0.011754
v -0.023528 0.278515 0.011389
v -0.023553 0.281454 0.010965
v -0.028202 0.276083 0.002689
v -0.026733 0.280383 0.003070
v -0.026741 0.282458 0.003834
v -0.021984 0.283098 0.010749
v -0.025072 0.284899 0.003660
v -0.031747 0.322232 -0.007473
v -0.028418 0.321618 -0.012271
v -0.030942 0.323203 -0.015376
v -0.031249 0.320713 -0.004218
v -0.032295 0.320713 -0.008178
v -0.033988 0.318247 -0.007722
v -0.007556 0.365417 0.004947
v -0.006784 0.359216 0.004955
v -0.011873 0.366779 -0.001952
v -0.013334 0.368149 -0.008867
v -0.013367 0.361026 -0.009307
v -0.014147 0.355962 -0.009407
v -0.003089 0.359108 0.006491
v -0.003222 0.364853 0.006731
v -0.001977 0.355231 0.006682
v -0.031058 0.315084 0.000289
v -0.031249 0.320713 -0.004218
v -0.028418 0.321618 -0.012271
v -0.009183 0.336909 0.023966
v -0.016630 0.336610 0.022430
v -0.004227 0.337125 0.024854
v -0.006161 0.337524 -0.025230
v -0.014969 0.377737 -0.009532
v -0.018913 0.381564 -0.009299
v -0.014073 0.379572 -0.013159
v -0.015999 0.382262 -0.017186
v -0.020573 0.388621 -0.012695
v -0.016339 0.388704 -0.019842
v -0.021312 0.388480 -0.003828
v -0.019029 0.380859 -0.003355
v -0.019593 0.380942 0.000596
v -0.016613 0.377131 0.001692
v -0.021536 0.388056 0.000812
v -0.023470 0.398325 -0.004235
v -0.022441 0.397512 0.004399
v -0.020706 0.387733 0.005121
v -0.018497 0.380551 0.006532
v -0.018705 0.380925 0.003444
v -0.016065 0.375014 0.006067
v -0.017144 0.377770 -0.003065
v -0.016605 0.378360 -0.007423
v -0.018730 0.383548 0.010683
v -0.017966 0.379298 0.010542
v -0.016057 0.375554 0.010301
v -0.016713 0.376143 0.008292
v -0.013840 0.371959 0.010052
v -0.019593 0.387799 0.010808
v -0.020216 0.397014 0.011621
v -0.015808 0.386728 0.016254
v -0.015559 0.382751 0.015938
v -0.015401 0.378783 0.015805
v -0.014704 0.373686 0.014759
v -0.016198 0.375421 0.011978
v -0.013193 0.372748 0.017167
v -0.012504 0.372499 0.018254
v -0.009922 0.366679 0.018263
v -0.014048 0.371544 0.013406
v -0.017136 0.395677 0.016420
v -0.015459 0.405382 0.017175
v -0.013159 0.399247 0.020604
v -0.009374 0.401422 0.022455
v -0.014861 0.393594 0.018902
v -0.011740 0.391584 0.020786
v -0.013757 0.386744 0.019217
v -0.014039 0.382270 0.018520
v -0.009424 0.393801 0.022222
v -0.005563 0.397063 0.023385
v -0.003612 0.404286 0.023434
v -0.000607 0.401414 0.024397
v 0.004888 0.409508 0.021450
v -0.001869 0.410313 0.021309
v -0.012180 0.408304 0.019682
v -0.007788 0.409715 0.020819
v -0.018132 0.407407 0.013705
v -0.020440 0.408371 0.006790
v -0.021494 0.408346 -0.002575
v -0.013691 0.378202 0.018246
v 0.014361 0.378526 -0.009258
v 0.017042 0.383391 -0.011482
v 0.013962 0.382469 -0.017252
v 0.011854 0.378185 -0.013467
v 0.017374 0.384121 -0.006402
v 0.014577 0.378144 -0.003720
v 0.019392 0.388803 -0.012927
v 0.016154 0.389044 -0.019485
v 0.021733 0.398691 -0.012612
v 0.008226 0.388646 -0.026401
v 0.016835 0.398633 -0.020764
v 0.008541 0.397545 -0.027023
v 0.008110 0.406644 -0.024790
v 0.016370 0.407457 -0.019494
v 0.020894 0.408553 -0.011549
v 0.014892 0.415028 -0.015999
v 0.007113 0.414115 -0.020988
v 0.012219 0.418366 -0.011997
v 0.017407 0.415676 -0.009241
v 0.021342 0.408470 -0.001861
v 0.017930 0.414356 -0.000217
v 0.018503 0.412779 0.008533
v 0.021201 0.408022 0.006790
v -0.000001 0.406370 -0.026724
v -0.000001 0.397421 -0.028426
v 0.013896 0.417178 0.010019
v 0.013547 0.414240 0.014261
v 0.021874 0.399305 0.005312
v 0.009380 0.419013 -0.012670
v 0.010600 0.419345 0.001227
v 0.013190 0.419445 0.001028
v 0.011306 0.418017 0.009828
v 0.011140 0.414813 0.014377
v 0.018304 0.407134 0.013398
v 0.019873 0.398658 0.012269
v 0.019466 0.393236 0.009836
v 0.019939 0.392755 0.005661
v 0.011331 0.408038 0.019458
v 0.013713 0.404942 0.019342
v 0.009820 0.408022 0.019201
v 0.015888 0.399031 0.017499
v 0.009305 0.405307 0.019815
v 0.011082 0.405232 0.020039
v 0.010617 0.402402 0.019657
v 0.012443 0.397869 0.018520
v 0.014128 0.394158 0.016312
v 0.017731 0.387525 0.006142
v 0.017590 0.388372 0.001310
v 0.016519 0.385001 0.003162
v 0.018279 0.392855 -0.001230
v 0.020338 0.395669 -0.002732
v 0.017233 0.387475 0.009363
v 0.015847 0.383806 0.008093
v 0.015805 0.383001 0.009795
v 0.015814 0.383540 0.006798
v 0.017906 0.393187 -0.003629
v 0.017225 0.393768 0.013846
v 0.014751 0.392232 0.014419
v 0.015340 0.388862 0.012435
v 0.015374 0.385757 0.011829
v 0.014958 0.382702 0.012443
v 0.021235 0.395702 -0.008004
v 0.022347 0.400310 -0.003131
v 0.018229 0.388488 -0.006975
v -0.000001 0.424061 0.001667
v 0.005685 0.423156 0.001510
v 0.000962 0.422193 0.011522
v 0.006233 0.421213 0.010974
v 0.009446 0.419379 0.010268
v 0.009463 0.421304 0.001227
v 0.005827 0.415933 0.017939
v 0.009720 0.415261 0.015647
v 0.004888 0.409508 0.022804
v 0.005445 0.423339 -0.008012
v -0.000001 0.424119 -0.007938
v -0.005530 0.423612 0.001510
v -0.000200 0.416423 0.018462
v -0.001869 0.410313 0.022671
v -0.005746 0.421404 0.010758
v -0.012338 0.421039 0.001227
v -0.012113 0.419055 0.009828
v -0.006684 0.416664 0.017665
v -0.013126 0.414721 0.015872
v -0.018074 0.413758 0.008035
v -0.018996 0.407407 0.013705
v -0.018066 0.415726 -0.000217
v -0.017725 0.416041 -0.007547
v -0.021976 0.408719 -0.001861
v -0.021777 0.408271 -0.010984
v -0.024358 0.398325 -0.004235
v -0.015409 0.414049 -0.017028
v -0.017792 0.407557 -0.019494
v -0.023719 0.398832 -0.012495
v -0.012163 0.419105 -0.012935
v -0.021013 0.408371 0.006790
v -0.023304 0.397512 0.004399
v -0.021976 0.388803 -0.013226
v -0.017642 0.398093 -0.021046
v -0.012553 0.420250 -0.007556
v -0.005306 0.423795 -0.007913
v -0.006045 0.420524 -0.015102
v 0.000040 0.421205 -0.015949
v -0.023163 0.388056 0.000821
v -0.022773 0.388297 -0.003828
v -0.022067 0.387733 0.005121
v -0.018497 0.380551 0.006532
v -0.019004 0.381564 -0.009299
v -0.015999 0.382120 -0.017368
v -0.017094 0.388704 -0.020365
v -0.019759 0.380859 -0.003355
v -0.019668 0.380966 0.000596
v 0.005129 0.420798 -0.015409
v -0.014073 0.379572 -0.013309
v -0.014969 0.377629 -0.009532
v -0.017202 0.377770 -0.003065
v -0.016688 0.377131 0.001692
v -0.016663 0.378360 -0.007423
v 0.008193 0.420034 -0.013882
v 0.009380 0.419013 -0.012670
v 0.010600 0.419345 0.001227
v 0.011306 0.418017 0.009828
v 0.011140 0.414813 0.014377
v 0.009820 0.408022 0.019201
v 0.007836 0.408628 0.021434
v 0.007196 0.401422 0.021666
v 0.009305 0.405307 0.019815
v 0.004199 0.401804 0.023684
v 0.004216 0.398060 0.022571
v -0.000607 0.401414 0.024497
v 0.001559 0.397968 0.023501
v -0.000001 0.395013 0.022646
v -0.001139 0.396507 0.023509
v -0.004426 0.395561 0.022305
v -0.003612 0.404452 0.024314
v -0.005563 0.397063 0.023443
v -0.009938 0.401422 0.023235
v -0.009424 0.393801 0.022222
v -0.013159 0.399247 0.021359
v -0.016032 0.405382 0.018536
v -0.017759 0.395677 0.016860
v -0.021079 0.397014 0.011621
v -0.017319 0.386728 0.016254
v -0.015343 0.393594 0.018902
v -0.011798 0.391584 0.020786
v -0.013956 0.386744 0.019217
v -0.012180 0.408304 0.021035
v -0.007788 0.409715 0.022181
v -0.020523 0.387542 0.010808
v -0.019618 0.383548 0.010683
v -0.017966 0.379298 0.010542
v -0.016804 0.376143 0.008292
v -0.016148 0.375554 0.010301
v -0.013898 0.371951 0.010052
v -0.017011 0.382751 0.015938
v -0.016156 0.378783 0.015805
v -0.015177 0.373661 0.014759
v -0.013666 0.372731 0.017200
v -0.013799 0.378202 0.018271
v -0.014139 0.382270 0.018520
v -0.012545 0.372490 0.018279
v -0.009980 0.366679 0.018287
v -0.014172 0.371544 0.013406
v -0.016256 0.375421 0.011978
v 0.000381 0.377621 -0.019079
v 0.007122 0.377787 -0.017302
v 0.007279 0.381489 -0.022125
v 0.000538 0.376234 -0.017850
v 0.004224 0.376035 -0.016978
v 0.001518 0.374441 -0.016580
v -0.006244 0.376334 -0.016596
v -0.006983 0.377787 -0.017667
v -0.012877 0.378177 -0.012852
v -0.014073 0.379572 -0.013309
v -0.010453 0.375986 -0.013516
v -0.001537 0.373727 -0.016596
v -0.007265 0.374458 -0.015160
v -0.015999 0.382120 -0.017368
v -0.007473 0.381489 -0.022125
v -0.008502 0.388646 -0.026401
v -0.017094 0.388704 -0.020365
v -0.017642 0.398093 -0.021046
v -0.008818 0.397545 -0.027023
v -0.008286 0.406644 -0.024790
v -0.017792 0.407557 -0.019494
v -0.015409 0.414049 -0.017028
v -0.007124 0.414115 -0.020988
v -0.000001 0.414165 -0.022549
v -0.006045 0.420524 -0.015102
v -0.012163 0.419105 -0.012935
v 0.000040 0.421205 -0.015949
v 0.005129 0.420798 -0.015409
v 0.008193 0.420034 -0.013882
v -0.000001 0.388421 -0.027330
v -0.000001 0.381324 -0.022731
v 0.011123 0.378102 -0.013450
v 0.010168 0.376384 -0.013998
v -0.019809 0.380635 0.003610
v -0.016131 0.375014 0.006067
v 0.022015 0.330243 0.028158
v 0.025004 0.324548 0.026689
v 0.021110 0.324440 0.032575
v 0.016137 0.324648 0.036651
v 0.023011 0.335515 0.021965
v 0.026672 0.326333 0.019757
v 0.028059 0.319501 0.019051
v 0.024580 0.315740 0.026680
v 0.020894 0.316014 0.034849
v 0.020296 0.307621 0.029121
v 0.014701 0.307729 0.036344
v 0.013439 0.299983 0.032915
v 0.015581 0.315923 0.039092
v 0.007927 0.324656 0.037630
v 0.008284 0.331721 0.031587
v -0.000001 0.324581 0.038170
v -0.000001 0.331754 0.032068
v 0.004199 0.336685 0.026896
v 0.007088 0.316172 0.040088
v -0.000001 0.316379 0.040212
v 0.006756 0.307887 0.038195
v 0.006541 0.299801 0.034584
v -0.000001 0.308194 0.038295
v -0.000001 0.299627 0.034791
v 0.009355 0.336320 0.026016
v 0.016602 0.331198 0.030939
v -0.000001 0.336735 0.027145
v 0.017001 0.336063 0.024431
v -0.000001 0.291781 0.033903
v 0.006657 0.292097 0.033015
v 0.013522 0.293566 0.028939
v 0.017507 0.300241 0.028889
v 0.020280 0.301171 0.023808
v 0.023451 0.306392 0.021251
v 0.025385 0.310178 0.019549
v 0.027868 0.315524 0.018296
v 0.027336 0.326109 0.018113
v 0.026672 0.326333 0.019757
v 0.023708 0.335947 0.020039
v 0.023011 0.335515 0.021965
v 0.028689 0.319899 0.017283
v 0.027868 0.315524 0.018296
v 0.028009 0.315516 0.017208
v 0.023451 0.306392 0.021251
v 0.026074 0.310062 0.018686
v 0.023808 0.306268 0.020280
v 0.025385 0.310178 0.019549
v 0.028009 0.315516 0.017208
v 0.027868 0.315524 0.018296
v 0.020280 0.301171 0.023808
v 0.020695 0.300888 0.023061
v 0.013522 0.293566 0.028939
v 0.013456 0.292454 0.027652
v 0.017001 0.336063 0.024431
v 0.009189 0.336909 0.023966
v 0.016627 0.336610 0.022430
v 0.009355 0.336320 0.026016
v 0.004224 0.337125 0.024854
v 0.004199 0.336685 0.026896
v -0.000001 0.337266 0.025028
v -0.000001 0.336735 0.027145
v 0.023011 0.335515 0.021965
v 0.023708 0.335947 0.020039
v -0.004202 0.336685 0.026896
v -0.004227 0.337125 0.024854
v -0.009357 0.336320 0.026016
v -0.009183 0.336909 0.023966
v -0.016995 0.336063 0.024431
v -0.016630 0.336610 0.022430
v -0.023014 0.335515 0.021965
v -0.023703 0.335947 0.020039
v 0.013456 0.292454 0.027652
v 0.006657 0.292097 0.033015
v 0.013522 0.293566 0.028939
v 0.006399 0.291333 0.030059
v -0.000001 0.291781 0.033903
v -0.000001 0.291009 0.030997
v -0.006402 0.291333 0.030059
v -0.006659 0.292097 0.033015
v -0.013450 0.292454 0.027652
v -0.013525 0.293566 0.028939
v -0.022017 0.330243 0.028158
v -0.021112 0.324440 0.032575
v -0.025006 0.324548 0.026689
v -0.020897 0.316014 0.034849
v -0.015584 0.315923 0.039092
v -0.014704 0.307729 0.036344
v -0.020291 0.307621 0.029121
v -0.024583 0.315740 0.026680
v -0.013442 0.299983 0.032915
v -0.007091 0.316172 0.040088
v -0.007921 0.324656 0.037630
v -0.016140 0.324648 0.036651
v -0.016596 0.331198 0.030939
v -0.008286 0.331721 0.031587
v -0.009357 0.336320 0.026016
v -0.004202 0.336685 0.026896
v -0.006759 0.307887 0.038195
v -0.006535 0.299801 0.034584
v -0.006659 0.292097 0.033015
v -0.016995 0.336063 0.024431
v -0.023014 0.335515 0.021965
v -0.026666 0.326333 0.019757
v -0.027970 0.320157 0.019051
v -0.027870 0.315524 0.018296
v -0.025380 0.310178 0.019549
v -0.023454 0.306392 0.021251
v -0.020274 0.301171 0.023808
v -0.017510 0.300241 0.028889
v -0.013525 0.293566 0.028939
v -0.023454 0.306392 0.021251
v -0.026069 0.310062 0.018686
v -0.025380 0.310178 0.019549
v -0.023811 0.306268 0.020280
v -0.028767 0.315516 0.017208
v -0.027870 0.315524 0.018296
v -0.020274 0.301171 0.023808
v -0.020689 0.300888 0.023061
v -0.013525 0.293566 0.028939
v -0.013450 0.292454 0.027652
v -0.023703 0.335947 0.020039
v -0.026666 0.326333 0.019757
v -0.027339 0.326109 0.018113
v -0.023014 0.335515 0.021965
v -0.027970 0.320157 0.019051
v -0.028692 0.319899 0.017283
v -0.027870 0.315524 0.018296
v -0.028767 0.315516 0.017208
v 0.036277 0.344788 0.006267
v 0.030474 0.345493 0.005752
v 0.034293 0.352019 0.001800
v 0.029744 0.350690 0.001784
v 0.034849 0.354219 -0.002168
v 0.029719 0.354144 -0.002234
v 0.035455 0.355804 -0.007191
v 0.029868 0.355588 -0.007191
v 0.040827 0.350292 0.002307
v 0.041698 0.353737 -0.007191
v 0.047219 0.349445 -0.007191
v 0.046198 0.341766 0.002855
v 0.049701 0.343858 -0.007191
v 0.049601 0.335033 0.002564
v 0.052349 0.336893 -0.007191
v 0.041831 0.327877 0.007470
v 0.035787 0.334369 0.008159
v 0.052897 0.327960 0.002439
v 0.054873 0.330110 -0.007191
v 0.046231 0.322788 0.006275
v 0.031927 0.339707 0.007902
v 0.049601 0.335033 -0.016945
v 0.046198 0.341766 -0.017236
v 0.040827 0.350292 -0.016688
v 0.052897 0.327960 -0.016820
v 0.036277 0.344788 -0.020648
v 0.041831 0.329288 -0.021851
v 0.035787 0.336038 -0.022540
v 0.046231 0.323843 -0.020656
v 0.031927 0.341575 -0.022432
v 0.030474 0.347361 -0.021121
v 0.034293 0.352019 -0.016181
v 0.029744 0.351927 -0.016156
v 0.034849 0.354219 -0.012213
v 0.029719 0.354144 -0.012147
v 0.031927 0.339707 0.007902
v 0.029727 0.344954 0.005229
v 0.030474 0.345493 0.005752
v 0.031039 0.339715 0.006848
v 0.029063 0.349669 0.001784
v 0.029744 0.350690 0.001784
v 0.029046 0.352791 -0.002234
v 0.029719 0.354144 -0.002234
v 0.029179 0.354102 -0.007191
v 0.029868 0.355588 -0.007191
v 0.035787 0.334369 0.008159
v 0.035298 0.333854 0.007105
v 0.041831 0.327877 0.007470
v 0.041101 0.327321 0.006765
v 0.046231 0.322788 0.006275
v 0.045069 0.322821 0.005395
v 0.029719 0.354144 -0.012147
v 0.029046 0.352791 -0.012147
v 0.029744 0.351927 -0.016156
v 0.029063 0.350906 -0.016156
v 0.030474 0.347361 -0.021121
v 0.029727 0.346830 -0.020598
v 0.031927 0.341575 -0.022432
v 0.031039 0.341592 -0.021378
v 0.035787 0.336038 -0.022540
v 0.035298 0.335523 -0.021478
v 0.041831 0.329288 -0.021851
v 0.041101 0.328732 -0.021146
v 0.046231 0.323843 -0.020656
v 0.045069 0.323868 -0.019768
v 0.054873 0.330110 -0.007191
v 0.052441 0.327861 0.001576
v 0.052897 0.327960 0.002439
v 0.054333 0.329438 -0.007191
v 0.045069 0.322821 0.005395
v 0.046231 0.322788 0.006275
v 0.052441 0.327861 -0.015882
v 0.052897 0.327960 -0.016820
v 0.045069 0.323868 -0.019768
v 0.046231 0.323843 -0.020656
v 0.036435 0.340429 0.006084
v 0.035555 0.348382 0.001493
v 0.029727 0.344954 0.005229
v 0.029063 0.349669 0.001784
v 0.044106 0.336536 0.002821
v 0.029046 0.352791 -0.002234
v 0.035298 0.333854 0.007105
v 0.041101 0.327321 0.006765
v 0.052441 0.327861 0.001576
v 0.045069 0.322821 0.005395
v 0.031039 0.339715 0.006848
v 0.047119 0.338412 -0.007191
v 0.054333 0.329438 -0.007191
v 0.037747 0.350126 -0.007191
v 0.029179 0.354102 -0.007191
v 0.052441 0.327861 -0.015882
v 0.044106 0.336536 -0.017202
v 0.041101 0.328732 -0.021146
v 0.035298 0.335523 -0.021478
v 0.036435 0.340429 -0.020465
v 0.035555 0.348382 -0.015874
v 0.029727 0.346830 -0.020598
v 0.029063 0.350906 -0.016156
v 0.029046 0.352791 -0.012147
v 0.045069 0.323868 -0.019768
v 0.031039 0.341592 -0.021378
v -0.036271 0.344788 0.006267
v -0.034296 0.352019 0.001800
v -0.030477 0.345493 0.005752
v -0.029746 0.350690 0.001784
v -0.034852 0.354219 -0.002168
v -0.029721 0.354144 -0.002234
v -0.035458 0.355804 -0.007191
v -0.029871 0.355588 -0.007191
v -0.040829 0.350856 0.002307
v -0.041701 0.353737 -0.007191
v -0.047221 0.349445 -0.007191
v -0.046200 0.341766 0.002855
v -0.049704 0.343858 -0.007191
v -0.049596 0.335033 0.002564
v -0.052352 0.336893 -0.007191
v -0.041834 0.327877 0.007470
v -0.035782 0.334369 0.008159
v -0.052900 0.327960 0.002439
v -0.054876 0.330110 -0.007191
v -0.046225 0.322788 0.006275
v -0.031930 0.339707 0.007902
v -0.049596 0.335033 -0.016945
v -0.046200 0.341766 -0.017236
v -0.040829 0.350856 -0.016688
v -0.052900 0.327960 -0.016820
v -0.036271 0.344788 -0.020648
v -0.041834 0.329288 -0.021851
v -0.035782 0.336038 -0.022540
v -0.046225 0.323843 -0.020656
v -0.031930 0.341575 -0.022432
v -0.030477 0.347361 -0.021121
v -0.034296 0.352019 -0.016181
v -0.029746 0.351927 -0.016156
v -0.034852 0.354219 -0.012213
v -0.029721 0.354144 -0.012147
v -0.031930 0.339707 0.007902
v -0.029730 0.344954 0.005229
v -0.031041 0.339715 0.006848
v -0.030477 0.345493 0.005752
v -0.029065 0.349669 0.001784
v -0.029746 0.350690 0.001784
v -0.029049 0.352791 -0.002234
v -0.029721 0.354144 -0.002234
v -0.029182 0.354102 -0.007191
v -0.029871 0.355588 -0.007191
v -0.035782 0.334369 0.008159
v -0.035292 0.333854 0.007105
v -0.041834 0.327877 0.007470
v -0.041103 0.327321 0.006765
v -0.046225 0.322788 0.006275
v -0.045063 0.322821 0.005395
v -0.029721 0.354144 -0.012147
v -0.029049 0.352791 -0.012147
v -0.029746 0.351927 -0.016156
v -0.029065 0.350906 -0.016156
v -0.030477 0.347361 -0.021121
v -0.029730 0.346830 -0.020598
v -0.031930 0.341575 -0.022432
v -0.031041 0.341592 -0.021378
v -0.035782 0.336038 -0.022540
v -0.035292 0.335523 -0.021478
v -0.041834 0.329288 -0.021851
v -0.041103 0.328732 -0.021146
v -0.046225 0.323843 -0.020656
v -0.045063 0.323868 -0.019768
v -0.054876 0.330110 -0.007191
v -0.052435 0.327861 0.001576
v -0.054336 0.329438 -0.007191
v -0.052900 0.327960 0.002439
v -0.045063 0.322821 0.005395
v -0.046225 0.322788 0.006275
v -0.052435 0.327861 -0.015882
v -0.052900 0.327960 -0.016820
v -0.045063 0.323868 -0.019768
v -0.046225 0.323843 -0.020656
v -0.036429 0.340429 0.006084
v -0.029730 0.344954 0.005229
v -0.035557 0.348382 0.001493
v -0.029065 0.349669 0.001784
v -0.044100 0.336536 0.002821
v -0.029049 0.352791 -0.002234
v -0.035292 0.333854 0.007105
v -0.041103 0.327321 0.006765
v -0.052435 0.327861 0.001576
v -0.045063 0.322821 0.005395
v -0.031041 0.339715 0.006848
v -0.047122 0.338412 -0.007191
v -0.054336 0.329438 -0.007191
v -0.037749 0.350126 -0.007191
v -0.029182 0.354102 -0.007191
v -0.052435 0.327861 -0.015882
v -0.044100 0.336536 -0.017202
v -0.041103 0.328732 -0.021146
v -0.035292 0.335523 -0.021478
v -0.036429 0.340429 -0.020465
v -0.035557 0.348382 -0.015874
v -0.029730 0.346830 -0.020598
v -0.029065 0.350906 -0.016156
v -0.029049 0.352791 -0.012147
v -0.045063 0.323868 -0.019768
v -0.031041 0.341592 -0.021378
v 0.021782 0.353679 -0.015866
v 0.021807 0.346838 -0.022964
v 0.027643 0.351587 -0.016347
v 0.028050 0.346249 -0.021802
v 0.027320 0.354210 -0.008909
v 0.022032 0.355779 -0.008909
v 0.021301 0.353480 -0.002434
v 0.027203 0.352135 -0.001695
v 0.021758 0.348532 0.005104
v 0.028100 0.346672 0.005046
v 0.016171 0.356941 -0.015476
v 0.014095 0.350773 -0.023005
v 0.014435 0.358735 -0.015501
v 0.015714 0.360976 -0.009092
v 0.017034 0.359025 -0.008926
v 0.014867 0.351952 0.005320
v 0.016345 0.356692 -0.002334
v 0.014228 0.358461 -0.002442
v 0.009654 0.354243 0.005021
v 0.010899 0.354791 -0.021934
v 0.014867 0.351952 0.005320
v 0.008508 0.353654 0.004706
v 0.009654 0.354243 0.005021
v 0.014294 0.350632 0.005337
v 0.021442 0.347237 0.005104
v 0.021758 0.348532 0.005104
v 0.027967 0.345120 0.004971
v 0.028100 0.346672 0.005046
v 0.028050 0.346249 -0.021802
v 0.021558 0.346191 -0.022474
v 0.028100 0.345518 -0.021619
v 0.021807 0.346838 -0.022964
v 0.013589 0.349985 -0.022424
v 0.014095 0.350773 -0.023005
v 0.010899 0.354791 -0.021934
v 0.010094 0.354567 -0.021212
v 0.014228 0.358461 -0.002442
v 0.008508 0.353654 0.004706
v 0.013099 0.358444 -0.002525
v 0.009654 0.354243 0.005021
v 0.015714 0.360976 -0.009092
v 0.014809 0.360777 -0.008876
v 0.014435 0.358735 -0.015501
v 0.013124 0.358618 -0.015567
v 0.010899 0.354791 -0.021934
v 0.010094 0.354567 -0.021212
v 0.028050 0.346249 -0.021802
v 0.027527 0.348797 -0.016347
v 0.027643 0.351587 -0.016347
v 0.028100 0.345518 -0.021619
v 0.027320 0.353322 -0.008909
v 0.027320 0.354210 -0.008909
v 0.027203 0.351238 -0.001686
v 0.027203 0.352135 -0.001695
v 0.027967 0.345120 0.004971
v 0.028100 0.346672 0.005046
v 0.018976 0.351047 -0.015675
v 0.027527 0.348797 -0.016347
v 0.021558 0.346191 -0.022474
v 0.028100 0.345518 -0.021619
v 0.027320 0.353322 -0.008909
v 0.019533 0.352326 -0.008917
v 0.018204 0.350674 -0.002384
v 0.027203 0.351238 -0.001686
v 0.021442 0.347237 0.005104
v 0.027967 0.345120 0.004971
v 0.013589 0.349985 -0.022424
v 0.010094 0.354567 -0.021212
v 0.013124 0.358618 -0.015567
v 0.014809 0.360777 -0.008876
v 0.014294 0.350632 0.005337
v 0.008508 0.353654 0.004706
v 0.013099 0.358444 -0.002525
v -0.021785 0.353679 -0.015866
v -0.027646 0.351587 -0.016347
v -0.021802 0.346838 -0.022964
v -0.028053 0.346249 -0.021802
v -0.027322 0.354210 -0.008909
v -0.022034 0.355779 -0.008909
v -0.021303 0.353480 -0.002434
v -0.027206 0.352135 -0.001695
v -0.021760 0.348532 0.005104
v -0.028103 0.346672 0.005046
v -0.016173 0.356941 -0.015476
v -0.014098 0.350773 -0.023005
v -0.014430 0.358735 -0.015501
v -0.015716 0.360976 -0.009092
v -0.017036 0.359025 -0.008926
v -0.014861 0.351952 0.005320
v -0.016347 0.356692 -0.002334
v -0.014230 0.358461 -0.002442
v -0.009656 0.354243 0.005021
v -0.010901 0.354791 -0.021934
v -0.014861 0.351952 0.005320
v -0.008510 0.353654 0.004706
v -0.014297 0.350632 0.005337
v -0.009656 0.354243 0.005021
v -0.021436 0.347237 0.005104
v -0.021760 0.348532 0.005104
v -0.027970 0.345120 0.004971
v -0.028103 0.346672 0.005046
v -0.028053 0.346249 -0.021802
v -0.021561 0.346191 -0.022474
v -0.021802 0.346838 -0.022964
v -0.028103 0.345518 -0.021619
v -0.013591 0.349985 -0.022424
v -0.014098 0.350773 -0.023005
v -0.010901 0.354791 -0.021934
v -0.010088 0.354567 -0.021212
v -0.014230 0.358461 -0.002442
v -0.008510 0.353654 0.004706
v -0.009656 0.354243 0.005021
v -0.013101 0.358444 -0.002525
v -0.015716 0.360976 -0.009092
v -0.014811 0.360777 -0.008876
v -0.014430 0.358735 -0.015501
v -0.013126 0.358618 -0.015567
v -0.010901 0.354791 -0.021934
v -0.010088 0.354567 -0.021212
v -0.028053 0.346249 -0.021802
v -0.027530 0.348797 -0.016347
v -0.028103 0.345518 -0.021619
v -0.027646 0.351587 -0.016347
v -0.027322 0.353322 -0.008909
v -0.027322 0.354210 -0.008909
v -0.027206 0.351238 -0.001686
v -0.027206 0.352135 -0.001695
v -0.027970 0.345120 0.004971
v -0.028103 0.346672 0.005046
v -0.018979 0.351047 -0.015675
v -0.021561 0.346191 -0.022474
v -0.027530 0.348797 -0.016347
v -0.028103 0.345518 -0.021619
v -0.027322 0.353322 -0.008909
v -0.019535 0.352326 -0.008917
v -0.018207 0.350674 -0.002384
v -0.027206 0.351238 -0.001686
v -0.021436 0.347237 0.005104
v -0.027970 0.345120 0.004971
v -0.013591 0.349985 -0.022424
v -0.010088 0.354567 -0.021212
v -0.013126 0.358618 -0.015567
v -0.014811 0.360777 -0.008876
v -0.014297 0.350632 0.005337
v -0.008510 0.353654 0.004706
v -0.013101 0.358444 -0.002525
v 0.007064 0.389750 0.018130
v 0.006748 0.391145 0.018727
v 0.007927 0.391261 0.018553
v 0.006682 0.392049 0.018852
v 0.007852 0.392348 0.018545
v 0.005876 0.391493 0.018561
v 0.004888 0.390439 0.018213
v 0.005627 0.390007 0.018155
v 0.004922 0.390190 0.018113
v 0.006897 0.388172 0.016727
v 0.009139 0.389833 0.017831
v 0.009388 0.388272 0.016270
v 0.010600 0.390397 0.017158
v 0.010683 0.391336 0.017490
v 0.011173 0.391194 0.016718
v 0.010633 0.391800 0.017457
v 0.009014 0.392456 0.018238
v 0.011712 0.389260 0.015349
v 0.005926 0.393759 0.018080
v 0.007769 0.394083 0.017457
v 0.011721 0.392863 0.015855
v 0.009604 0.394407 0.016843
v 0.012310 0.391460 0.015432
v 0.004606 0.388579 0.016984
v 0.002796 0.390156 0.017059
v 0.009097 0.391377 0.018204
v 0.004017 0.392274 0.017549
v -0.007066 0.389750 0.018130
v -0.007921 0.391261 0.018553
v -0.006751 0.391145 0.018727
v -0.006684 0.392049 0.018852
v -0.007846 0.392348 0.018545
v -0.005879 0.391493 0.018561
v -0.004891 0.390439 0.018213
v -0.005621 0.390007 0.018155
v -0.004924 0.390190 0.018113
v -0.006900 0.388172 0.016727
v -0.009133 0.389833 0.017831
v -0.009382 0.388272 0.016270
v -0.010603 0.390397 0.017158
v -0.010677 0.391336 0.017490
v -0.011175 0.391194 0.016718
v -0.010636 0.391800 0.017457
v -0.009017 0.392456 0.018238
v -0.011707 0.389260 0.015349
v -0.005929 0.393759 0.018080
v -0.007763 0.394083 0.017457
v -0.011723 0.392863 0.015855
v -0.009606 0.394407 0.016843
v -0.012313 0.391460 0.015432
v -0.004609 0.388579 0.016984
v -0.002799 0.390156 0.017059
v -0.009100 0.391377 0.018204
v -0.004019 0.392274 0.017549
v 0.015955 0.387334 -0.000433
v 0.016586 0.391194 0.005179
v 0.016694 0.392240 0.000389
v 0.016627 0.387126 0.005138
v 0.016909 0.397861 0.005901
v 0.017266 0.400027 0.000497
v 0.015706 0.408794 0.006574
v 0.015440 0.404070 0.011571
v 0.013697 0.411060 0.011165
v 0.012642 0.406577 0.014917
v 0.009114 0.407905 0.017997
v 0.009886 0.412721 0.014253
v 0.015789 0.390671 0.009894
v 0.015963 0.386695 0.010011
v 0.016171 0.395163 0.010193
v 0.015332 0.398093 0.013348
v 0.004341 0.413501 0.016586
v 0.004133 0.408304 0.019898
v -0.000001 0.413634 0.017291
v -0.000001 0.408429 0.020172
v -0.000001 0.401547 0.022106
v 0.004116 0.401347 0.021592
v 0.015017 0.394225 0.014004
v 0.012900 0.399812 0.016959
v 0.008848 0.400941 0.020164
v 0.004199 0.397885 0.022098
v 0.009048 0.396640 0.020629
v 0.003809 0.394706 0.022040
v 0.012684 0.396350 0.017490
v -0.000001 0.398226 0.022629
v -0.000001 0.394972 0.022380
v 0.002232 0.392514 0.021575
v -0.000001 0.392606 0.021816
v 0.005279 0.393278 0.020629
v 0.003535 0.392132 0.020238
v 0.001402 0.390738 0.021484
v -0.000001 0.390887 0.021683
v 0.002439 0.390464 0.020014
v 0.001086 0.389185 0.021874
v 0.002024 0.388712 0.020629
v 0.001012 0.387558 0.022604
v 0.002182 0.387010 0.021235
v 0.002356 0.385599 0.021973
v 0.001227 0.386089 0.023617
v 0.003909 0.385890 0.020629
v 0.003535 0.384727 0.021235
v 0.004224 0.383017 0.020604
v 0.003909 0.383167 0.021558
v 0.003153 0.384520 0.021998
v 0.003975 0.381432 0.020836
v 0.003668 0.381473 0.021733
v 0.004731 0.380925 0.020404
v 0.002946 0.379937 0.021185
v 0.002689 0.380776 0.021384
v 0.001061 0.379862 0.021766
v 0.001310 0.378684 0.022090
v 0.003618 0.378518 0.020828
v 0.000895 0.380527 0.022090
v -0.000001 0.379837 0.021857
v -0.000001 0.380336 0.022181
v 0.000862 0.380776 0.023161
v -0.000001 0.380718 0.023210
v -0.000001 0.381033 0.024489
v 0.000962 0.381299 0.024397
v 0.006150 0.379099 0.019350
v 0.008790 0.380651 0.019109
v 0.005287 0.383540 0.020197
v 0.009413 0.384927 0.019292
v 0.006250 0.386039 0.019466
v 0.004025 0.387724 0.019441
v 0.001493 0.381265 0.021857
v 0.001609 0.381705 0.023542
v 0.002381 0.381481 0.021666
v 0.003062 0.381423 0.021982
v 0.002788 0.381871 0.022928
v 0.003170 0.382112 0.023102
v 0.001966 0.382361 0.024148
v 0.003378 0.383233 0.023011
v 0.002166 0.383142 0.024082
v 0.001045 0.381996 0.025153
v 0.001169 0.383167 0.025427
v 0.002199 0.384503 0.023393
v 0.001095 0.384561 0.024829
v -0.000001 0.381988 0.025502
v -0.000001 0.383233 0.025709
v -0.000001 0.384686 0.024987
v -0.000001 0.386205 0.023717
v -0.000001 0.387649 0.022737
v -0.000001 0.389310 0.021957
v -0.001172 0.383167 0.025427
v -0.001222 0.386089 0.023617
v -0.001097 0.384561 0.024829
v -0.002201 0.384503 0.023393
v -0.002168 0.383142 0.024082
v -0.001047 0.381996 0.025153
v -0.001960 0.382361 0.024148
v -0.003380 0.383233 0.023011
v -0.003164 0.382112 0.023102
v -0.001612 0.381705 0.023542
v -0.002791 0.381871 0.022928
v -0.003056 0.381423 0.021982
v -0.002384 0.381481 0.021666
v -0.001487 0.381265 0.021857
v -0.002691 0.380776 0.021384
v -0.000898 0.380527 0.022090
v -0.001064 0.379862 0.021766
v -0.002948 0.379937 0.021185
v -0.001313 0.378684 0.022090
v -0.003612 0.378518 0.020828
v -0.000865 0.380776 0.023161
v -0.000956 0.381299 0.024397
v -0.003969 0.381432 0.020836
v -0.004725 0.380925 0.020404
v -0.006153 0.379099 0.019350
v -0.008793 0.380651 0.019109
v -0.005281 0.383540 0.020197
v -0.009415 0.384927 0.019292
v -0.006244 0.386039 0.019466
v -0.004227 0.383017 0.020604
v -0.003911 0.383167 0.021558
v -0.003538 0.384727 0.021235
v -0.003156 0.384520 0.021998
v -0.003662 0.381473 0.021733
v -0.003911 0.385890 0.020629
v -0.002359 0.385599 0.021973
v -0.002185 0.387010 0.021235
v -0.001006 0.387558 0.022604
v -0.002027 0.388712 0.020629
v -0.001080 0.389185 0.021874
v -0.004028 0.387724 0.019441
v -0.002434 0.390464 0.020014
v -0.001404 0.390738 0.021484
v -0.003529 0.392132 0.020238
v -0.002234 0.392514 0.021575
v -0.005281 0.393278 0.020629
v -0.003803 0.394706 0.022040
v -0.006219 0.392614 0.019433
v -0.004816 0.391734 0.019118
v -0.004036 0.390065 0.019035
v -0.005962 0.391385 0.018586
v -0.006684 0.391933 0.018852
v -0.004484 0.390256 0.018138
v -0.004982 0.390347 0.018204
v -0.004858 0.390065 0.018387
v -0.005339 0.389841 0.018711
v -0.004700 0.389941 0.018869
v -0.004551 0.389102 0.019317
v -0.007174 0.389426 0.018711
v -0.005638 0.390074 0.018188
v -0.007066 0.389750 0.018171
v -0.009133 0.389833 0.017872
v -0.009200 0.389650 0.018279
v -0.010901 0.390231 0.017308
v -0.010611 0.390389 0.017225
v -0.006850 0.388396 0.019051
v -0.009274 0.388305 0.018686
v -0.011947 0.388911 0.017001
v -0.012512 0.391145 0.015930
v -0.013931 0.390281 0.014336
v -0.013492 0.392033 0.015423
v -0.012354 0.385084 0.017482
v -0.014463 0.386105 0.014510
v -0.011798 0.380377 0.016992
v -0.013716 0.380593 0.014311
v -0.010428 0.376932 0.016079
v -0.012005 0.376459 0.013813
v -0.015957 0.386695 0.010011
v -0.015285 0.380933 0.009770
v -0.015650 0.381456 0.005046
v -0.016630 0.387126 0.005138
v -0.015351 0.383067 -0.000997
v -0.015957 0.387334 -0.000433
v -0.014687 0.380452 -0.000483
v -0.013184 0.376733 0.001369
v -0.013492 0.376392 0.005569
v -0.010935 0.373288 0.003743
v -0.010353 0.372756 0.001601
v -0.012263 0.376417 -0.000773
v -0.011258 0.373254 0.006839
v -0.008212 0.370158 0.009620
v -0.006792 0.369759 0.006947
v -0.013483 0.380128 -0.002425
v -0.010702 0.371378 -0.001396
v -0.012512 0.378866 -0.007813
v -0.014222 0.381871 -0.007373
v -0.017742 0.387874 -0.006244
v -0.014214 0.383814 -0.013658
v -0.008344 0.379314 -0.014562
v -0.008577 0.383175 -0.019394
v -0.015559 0.388704 -0.016389
v -0.017327 0.393261 -0.008809
v -0.017368 0.393834 -0.006028
v -0.016422 0.400592 -0.006917
v -0.016696 0.392240 0.000389
v -0.017269 0.400027 0.000497
v -0.000001 0.379281 -0.016505
v -0.000001 0.374226 -0.016588
v 0.008342 0.379314 -0.014562
v 0.008574 0.383175 -0.019394
v 0.014220 0.383814 -0.013658
v 0.012509 0.378866 -0.007813
v 0.014220 0.381871 -0.007373
v 0.013481 0.380128 -0.002425
v 0.017740 0.387874 -0.006244
v 0.015556 0.388704 -0.016389
v 0.017333 0.393261 -0.008809
v 0.017366 0.393834 -0.006028
v 0.016420 0.400592 -0.006917
v -0.000001 0.383216 -0.020183
v 0.012269 0.376417 -0.000773
v 0.013182 0.376733 0.001369
v 0.010351 0.372756 0.001601
v 0.010932 0.373288 0.003743
v 0.013497 0.376392 0.005569
v 0.015647 0.381456 0.005046
v 0.011256 0.373254 0.006839
v 0.008217 0.370158 0.009620
v 0.006790 0.369759 0.006947
v 0.014684 0.380452 -0.000483
v 0.010700 0.371378 -0.001396
v 0.008707 0.369137 0.001842
v 0.011663 0.373429 -0.008361
v 0.010650 0.366887 -0.002002
v 0.006416 0.365625 0.003452
v 0.011605 0.368057 -0.008851
v 0.008151 0.368971 -0.014728
v 0.008234 0.374002 -0.014504
v -0.000001 0.369353 -0.017335
v 0.006325 0.369527 0.005096
v 0.002830 0.367891 0.006532
v 0.002863 0.368033 0.008342
v 0.003004 0.365019 0.005860
v -0.000001 0.367269 0.006914
v -0.000001 0.364654 0.006242
v 0.002796 0.359183 0.006076
v -0.000001 0.355480 0.006325
v 0.001377 0.355630 0.006358
v -0.000001 0.367476 0.008400
v 0.002879 0.367310 0.013912
v -0.000001 0.366970 0.014867
v 0.002622 0.367045 0.017881
v -0.000001 0.366854 0.018221
v 0.004714 0.367593 0.016370
v 0.005071 0.367742 0.012568
v 0.008134 0.370706 0.013373
v 0.004922 0.369211 0.017681
v 0.002705 0.368522 0.019242
v 0.004316 0.370623 0.018271
v 0.002265 0.370374 0.019699
v 0.001784 0.371934 0.019856
v 0.004083 0.372059 0.018686
v 0.001568 0.373213 0.020936
v 0.003544 0.373553 0.019566
v 0.003676 0.375454 0.019890
v 0.001327 0.375363 0.020894
v 0.006781 0.372673 0.016793
v 0.007487 0.371403 0.015589
v -0.000001 0.373080 0.021152
v -0.000001 0.375296 0.021135
v -0.000001 0.375711 0.020861
v 0.001045 0.375977 0.020504
v 0.003436 0.375878 0.019558
v -0.000001 0.370257 0.020139
v -0.000001 0.371793 0.020114
v 0.005254 0.374931 0.018146
v 0.006125 0.373910 0.017300
v 0.006167 0.376127 0.017723
v 0.005262 0.375927 0.018503
v 0.004922 0.376010 0.018088
v 0.007952 0.375371 0.016777
v 0.008732 0.377131 0.017383
v 0.006341 0.377048 0.018022
v 0.010434 0.376932 0.016079
v 0.008907 0.374740 0.016013
v 0.005262 0.375927 0.018503
v 0.003735 0.377131 0.020604
v 0.003436 0.375844 0.019491
v 0.003818 0.375811 0.020197
v 0.001244 0.375977 0.021616
v 0.001543 0.377679 0.022447
v 0.001045 0.375936 0.020504
v -0.000001 0.375604 0.021608
v -0.000001 0.377405 0.022505
v -0.000001 0.375687 0.020911
v -0.000001 0.378385 0.022189
v 0.011804 0.380377 0.016992
v 0.012352 0.385084 0.017482
v 0.014469 0.386105 0.014510
v 0.013713 0.380593 0.014311
v 0.012003 0.376459 0.013813
v 0.013929 0.390281 0.014336
v 0.013489 0.392033 0.015423
v 0.012086 0.393535 0.017607
v 0.015291 0.380933 0.009770
v 0.015349 0.383067 -0.000997
v 0.009371 0.394357 0.019682
v 0.007296 0.393809 0.020155
v 0.009239 0.393403 0.018628
v 0.007728 0.393104 0.019026
v 0.009014 0.392398 0.018263
v 0.011297 0.392772 0.017474
v 0.010642 0.391800 0.017507
v 0.011181 0.391194 0.016768
v 0.007852 0.392290 0.018561
v 0.013024 0.376392 0.010085
v 0.010749 0.373412 0.011023
v 0.010036 0.373943 0.014178
v -0.015957 0.387334 -0.000433
v -0.016646 0.391194 0.005179
v -0.016630 0.387126 0.005138
v -0.016696 0.392240 0.000389
v -0.016912 0.397861 0.005901
v -0.017269 0.400027 0.000497
v -0.015708 0.408794 0.006574
v -0.015442 0.404070 0.011571
v -0.013699 0.411060 0.011165
v -0.012645 0.406577 0.014917
v -0.009117 0.407905 0.017997
v -0.009889 0.412721 0.014253
v -0.015741 0.390671 0.009894
v -0.015957 0.386695 0.010011
v -0.016173 0.395163 0.010193
v -0.015326 0.398093 0.013348
v -0.004343 0.413501 0.016586
v -0.004135 0.408304 0.019898
v -0.000001 0.413634 0.017291
v -0.000001 0.408429 0.020172
v -0.000001 0.401547 0.022106
v -0.004119 0.401347 0.021592
v -0.015011 0.394225 0.014004
v -0.012902 0.399812 0.016959
v -0.008851 0.400941 0.020164
v -0.004202 0.397885 0.022098
v -0.009042 0.396640 0.020629
v -0.003803 0.394706 0.022040
v -0.012686 0.396350 0.017490
v -0.000001 0.398226 0.022629
v -0.000001 0.394972 0.022380
v -0.002234 0.392514 0.021575
v -0.000001 0.392606 0.021816
v -0.013931 0.390281 0.014336
v -0.014463 0.386105 0.014510
v -0.013492 0.392033 0.015423
v 0.002763 0.377978 0.018561
v 0.004050 0.375770 0.017980
v 0.002224 0.375745 0.018827
v 0.001626 0.377953 0.018952
v 0.004050 0.377978 0.017856
v -0.000001 0.378011 0.019167
v -0.000001 0.375836 0.019159
v -0.002218 0.375745 0.018827
v -0.001620 0.377953 0.018952
v -0.002766 0.377978 0.018561
v -0.004052 0.375770 0.017980
v -0.004052 0.377978 0.017856
v 0.002747 0.376301 0.018370
v 0.004050 0.373852 0.017723
v 0.002224 0.373935 0.018570
v 0.001626 0.376359 0.018644
v 0.004050 0.376342 0.017598
v -0.000001 0.376368 0.018918
v -0.000001 0.374018 0.018910
v -0.002218 0.373935 0.018570
v -0.001620 0.376359 0.018644
v -0.002749 0.376301 0.018370
v -0.004052 0.373852 0.017723
v -0.004052 0.376342 0.017598
v 0.005063 0.375678 0.016469
v 0.004050 0.377978 0.017856
v 0.005071 0.377978 0.016353
v 0.004050 0.375770 0.017980
v 0.005063 0.373852 0.016220
v 0.004050 0.376342 0.017598
v 0.005071 0.376342 0.016096
v 0.004050 0.373852 0.017723
v 0.001045 0.375936 0.020504
v 0.003436 0.375844 0.019491
v 0.002531 0.379190 0.010301
v 0.004922 0.376010 0.018088
v -0.000001 0.379356 0.010393
v -0.000001 0.375687 0.020911
v 0.005187 0.374666 0.010127
v -0.000001 0.377347 0.004440
v 0.003660 0.376948 0.004224
v 0.004980 0.373553 0.002033
v -0.000001 0.373520 0.001825
v 0.003170 0.375039 0.009894
v 0.004432 0.373445 0.010177
v -0.000001 0.375064 0.010027
v 0.005187 0.374666 0.010127
v 0.004922 0.376010 0.018088
v 0.004357 0.372333 0.013971
v 0.003436 0.375878 0.019558
v 0.003826 0.372731 0.014792
v 0.001045 0.375977 0.020504
v 0.002423 0.372814 0.015465
v -0.000001 0.375711 0.020861
v -0.000001 0.372873 0.015805
v -0.002425 0.372814 0.015465
v -0.001039 0.375977 0.020504
v -0.003828 0.372731 0.014792
v -0.003438 0.375878 0.019558
v -0.004360 0.372333 0.013971
v -0.004924 0.376010 0.018088
v -0.004434 0.373445 0.010177
v -0.005190 0.374666 0.010127
v -0.004982 0.373553 0.002033
v -0.003172 0.375039 0.009894
v -0.003662 0.376948 0.004224
v -0.002533 0.379190 0.010301
v -0.001039 0.375936 0.020504
v -0.003438 0.375844 0.019491
v -0.004924 0.376010 0.018088
v -0.005190 0.374666 0.010127
v 0.004556 0.389102 0.019317
v 0.006856 0.388396 0.019051
v 0.009280 0.388305 0.018686
v 0.007171 0.389426 0.018711
v 0.005345 0.389841 0.018711
v 0.005636 0.390074 0.018188
v 0.007064 0.389750 0.018171
v 0.009139 0.389833 0.017872
v 0.009205 0.389650 0.018279
v 0.010899 0.390231 0.017308
v 0.010608 0.390389 0.017225
v 0.011945 0.388911 0.017001
v 0.012518 0.391145 0.015930
v 0.004988 0.390347 0.018204
v 0.004855 0.390065 0.018387
v 0.004698 0.389941 0.018869
v 0.004490 0.390256 0.018138
v 0.005959 0.391385 0.018586
v 0.004822 0.391734 0.019118
v 0.006217 0.392614 0.019433
v 0.006682 0.391933 0.018852
v 0.004033 0.390065 0.019035
v -0.000001 0.368323 0.019574
v -0.002699 0.368522 0.019242
v -0.002625 0.367045 0.017881
v -0.002882 0.367310 0.013912
v -0.002865 0.368033 0.008342
v -0.004708 0.367593 0.016370
v -0.005074 0.367742 0.012568
v -0.008137 0.370706 0.013373
v -0.004924 0.369211 0.017681
v -0.004318 0.370623 0.018271
v -0.002259 0.370374 0.019699
v -0.001778 0.371934 0.019856
v -0.004086 0.372059 0.018686
v -0.001570 0.373213 0.020936
v -0.003546 0.373553 0.019566
v -0.003679 0.375454 0.019890
v -0.001329 0.375363 0.020894
v -0.001039 0.375977 0.020504
v -0.006775 0.372673 0.016793
v -0.007489 0.371403 0.015589
v -0.005256 0.374931 0.018146
v -0.006128 0.373910 0.017300
v -0.006161 0.376127 0.017723
v -0.005265 0.375927 0.018503
v -0.003438 0.375878 0.019558
v -0.007954 0.375371 0.016777
v -0.008735 0.377131 0.017383
v -0.006335 0.377048 0.018022
v -0.008909 0.374740 0.016013
v -0.005265 0.375927 0.018503
v -0.003729 0.377131 0.020604
v -0.001537 0.377679 0.022447
v -0.001246 0.375977 0.021616
v -0.003820 0.375811 0.020197
v -0.003438 0.375844 0.019491
v -0.001039 0.375936 0.020504
v -0.004924 0.376010 0.018088
v -0.010038 0.373943 0.014178
v -0.010752 0.373412 0.011023
v -0.013018 0.376392 0.010085
v -0.002832 0.367891 0.006532
v -0.006327 0.369527 0.005096
v -0.008710 0.369137 0.001842
v -0.010644 0.366887 -0.002002
v -0.006418 0.365625 0.003452
v -0.011665 0.373429 -0.008361
v -0.003006 0.365019 0.005860
v -0.011607 0.368057 -0.008851
v -0.008154 0.368971 -0.014728
v -0.008228 0.374002 -0.014504
v -0.002799 0.359183 0.006076
v -0.001379 0.355630 0.006358
v 0.020562 0.392348 -0.007182
v 0.020388 0.387093 -0.008278
v 0.017781 0.388148 -0.003803
v 0.019757 0.392415 -0.008652
v 0.017740 0.387874 -0.006244
v 0.016884 0.383598 -0.003886
v 0.018113 0.383084 -0.006477
v 0.019549 0.394249 -0.004509
v 0.016694 0.392240 0.000389
v 0.015955 0.387334 -0.000433
v 0.017366 0.393834 -0.006028
v 0.017366 0.393834 -0.006028
v 0.015349 0.383067 -0.000997
v 0.014684 0.380452 -0.000483
v 0.016469 0.380850 -0.004600
v 0.014684 0.380452 -0.000483
v -0.004052 0.377978 0.017856
v -0.005065 0.375678 0.016469
v -0.005065 0.377978 0.016353
v -0.004052 0.375770 0.017980
v -0.004052 0.376342 0.017598
v -0.005065 0.373852 0.016220
v -0.005065 0.376342 0.016096
v -0.004052 0.373852 0.017723
v -0.012089 0.393535 0.017607
v -0.015011 0.394225 0.014004
v -0.012686 0.396350 0.017490
v -0.009042 0.396640 0.020629
v -0.009374 0.394357 0.019682
v -0.007298 0.393809 0.020155
v -0.009241 0.393403 0.018628
v -0.007730 0.393104 0.019026
v -0.009017 0.392398 0.018263
v -0.011300 0.392772 0.017474
v -0.010644 0.391800 0.017507
v -0.011184 0.391194 0.016768
v -0.007846 0.392290 0.018561
v -0.017783 0.388148 -0.003803
v -0.020390 0.387093 -0.008278
v -0.020565 0.392348 -0.007182
v -0.019759 0.392415 -0.008652
v -0.017742 0.387874 -0.006244
v -0.016879 0.383598 -0.003886
v -0.018116 0.383084 -0.006477
v -0.019543 0.394249 -0.004509
v -0.016696 0.392240 0.000389
v -0.015957 0.387334 -0.000433
v -0.017368 0.393834 -0.006028
v -0.017368 0.393834 -0.006028
v -0.015351 0.383067 -0.000997
v -0.014687 0.380452 -0.000483
v -0.016464 0.380850 -0.004600
v -0.014687 0.380452 -0.000483
v 0.110661 0.228282 -0.002102
v 0.109830 0.235014 -0.001006
v 0.104758 0.232789 -0.002492
v 0.113383 0.229967 -0.000757
v 0.114886 0.223433 -0.000732
v 0.117352 0.224230 0.000430
v 0.107008 0.239730 -0.000748
v 0.102774 0.238269 -0.002517
v 0.106128 0.229900 -0.001944
v 0.116530 0.220013 -0.000242
v 0.110768 0.223392 -0.000499
v 0.113998 0.219731 0.000646
v 0.109781 0.223890 0.004490
v 0.103820 0.230191 0.001817
v 0.105580 0.226945 0.010459
v 0.110038 0.224712 0.010849
v 0.105381 0.226488 0.015141
v 0.109465 0.225276 0.015623
v 0.115766 0.215704 0.000206
v 0.118555 0.220669 0.001726
v 0.117103 0.215754 0.002190
v 0.113633 0.216477 0.000887
v 0.103388 0.225085 0.015606
v 0.105223 0.227534 0.018163
v 0.107232 0.228771 0.018586
v 0.104783 0.222794 0.021185
v 0.099760 0.224255 0.015481
v 0.099146 0.225683 0.011497
v 0.100516 0.230930 0.006233
v 0.100217 0.236691 -0.000657
v 0.096656 0.236824 0.003419
v 0.097004 0.230739 0.009048
v 0.095792 0.232723 0.013605
v 0.097585 0.225833 0.017241
v 0.101753 0.220229 0.018570
v 0.100043 0.221101 0.020612
v 0.094605 0.237579 0.010666
v 0.104052 0.221117 0.018603
v 0.105190 0.221275 0.021475
v 0.100690 0.219756 0.021235
v 0.094605 0.237579 0.010666
v 0.097569 0.235770 0.015814
v 0.095792 0.232723 0.013605
v 0.096614 0.239198 0.011414
v 0.102267 0.238069 0.015598
v 0.098449 0.230531 0.018520
v 0.103579 0.233188 0.018238
v 0.099063 0.228622 0.019558
v 0.097585 0.225833 0.017241
v 0.102060 0.222122 0.022837
v 0.100043 0.221101 0.020612
v 0.102790 0.229793 0.019383
v 0.104783 0.222794 0.021185
v 0.105223 0.227534 0.018163
v 0.108170 0.231436 0.017806
v 0.107232 0.228771 0.018586
v 0.110079 0.226563 0.019167
v 0.111607 0.228788 0.018744
v 0.115484 0.222304 0.020363
v 0.116073 0.225957 0.018030
v 0.117925 0.222993 0.018503
v 0.115783 0.217041 0.021069
v 0.118024 0.217357 0.019126
v 0.117219 0.216169 0.016536
v 0.117269 0.220760 0.015656
v 0.117900 0.223367 0.015631
v 0.119834 0.221815 0.012908
v 0.119867 0.215397 0.013572
v 0.118149 0.214459 0.015988
v 0.117485 0.225625 0.015017
v 0.117958 0.225052 0.010036
v 0.118888 0.220104 0.009936
v 0.119460 0.221059 0.007113
v 0.117999 0.224670 0.005436
v 0.118140 0.220121 0.004523
v 0.116389 0.215447 0.004092
v 0.118788 0.215306 0.007346
v 0.117318 0.214385 0.009745
v 0.117493 0.214434 0.004913
v 0.114778 0.219764 0.005470
v 0.114820 0.215240 0.005885
v 0.119934 0.213911 0.013672
v 0.118655 0.213795 0.007387
v 0.116829 0.214567 0.002240
v 0.118730 0.214135 0.011065
v 0.115326 0.219963 0.010799
v 0.115932 0.214825 0.011837
v 0.109830 0.232715 0.018030
v 0.107996 0.238019 0.014460
v 0.112802 0.233703 0.015921
v 0.112802 0.230033 0.018885
v 0.116737 0.227460 0.018354
v 0.118489 0.227153 0.015017
v 0.115417 0.232831 0.008375
v 0.111956 0.237770 0.006491
v 0.111291 0.236567 -0.000591
v 0.108062 0.241008 -0.000665
v 0.108660 0.242170 0.004781
v 0.109714 0.238476 0.012925
v 0.114679 0.231594 -0.000425
v 0.119361 0.226115 0.005328
v 0.118522 0.225658 0.000381
v 0.119485 0.226588 0.009986
v 0.106609 0.242751 0.010791
v 0.116737 0.227460 0.018354
v 0.111607 0.228788 0.018744
v 0.112802 0.230033 0.018885
v 0.116073 0.225957 0.018030
v 0.109830 0.232715 0.018030
v 0.108170 0.231436 0.017806
v 0.108660 0.242170 0.004781
v 0.106667 0.241656 0.004631
v 0.108062 0.241008 -0.000665
v 0.106609 0.242751 0.010791
v 0.105040 0.241830 0.010243
v 0.107008 0.239730 -0.000748
v 0.117999 0.224670 0.005436
v 0.118522 0.225658 0.000381
v 0.117352 0.224230 0.000430
v 0.119361 0.226115 0.005328
v 0.119485 0.226588 0.009986
v 0.117958 0.225052 0.010036
v 0.118489 0.227153 0.015017
v 0.117485 0.225625 0.015017
v 0.116073 0.225957 0.018030
v 0.116737 0.227460 0.018354
v 0.113309 0.221391 0.019242
v 0.110079 0.226563 0.019167
v 0.115484 0.222304 0.020363
v 0.113931 0.217149 0.019715
v 0.115783 0.217041 0.021069
v 0.114454 0.216651 0.017075
v 0.114023 0.220669 0.016129
v 0.117219 0.216169 0.016536
v 0.117269 0.220760 0.015656
v 0.115152 0.220428 0.014701
v 0.118149 0.214459 0.015988
v 0.115741 0.214949 0.014909
v 0.115932 0.214825 0.011837
v 0.115326 0.219963 0.010799
v 0.115243 0.219872 0.008931
v 0.114778 0.219764 0.005470
v 0.114728 0.219839 0.003618
v 0.114139 0.216327 0.003353
v 0.116389 0.215447 0.004092
v 0.118140 0.220121 0.004523
v 0.114820 0.215240 0.005885
v 0.114662 0.215206 0.008574
v 0.117318 0.214385 0.009745
v 0.118888 0.220104 0.009936
v 0.106178 0.214758 0.023684
v 0.105190 0.213978 0.022505
v 0.105372 0.213588 0.024456
v 0.103961 0.214094 0.023966
v 0.104036 0.214775 0.021085
v 0.105563 0.215248 0.021135
v 0.103064 0.216269 0.019998
v 0.102691 0.215638 0.022920
v 0.100690 0.219756 0.021235
v 0.101753 0.220229 0.018570
v 0.105414 0.217049 0.020022
v 0.106269 0.216941 0.022588
v 0.105190 0.221275 0.021475
v 0.104052 0.221117 0.018603
v 0.102691 0.215638 0.022920
v 0.102649 0.220661 0.023003
v 0.104227 0.216468 0.023733
v 0.100690 0.219756 0.021235
v 0.105190 0.221275 0.021475
v 0.106269 0.216941 0.022588
v 0.103961 0.214094 0.023966
v 0.105372 0.213588 0.024456
v 0.106178 0.214758 0.023684
v 0.113392 0.207345 0.021666
v 0.113550 0.212409 0.020280
v 0.115276 0.212077 0.021567
v 0.112064 0.208988 0.020678
v 0.112180 0.208748 0.018553
v 0.112337 0.206631 0.020205
v 0.113765 0.211803 0.018047
v 0.113923 0.206747 0.018304
v 0.116289 0.211346 0.017499
v 0.113782 0.204896 0.020330
v 0.113931 0.217149 0.019715
v 0.115783 0.217041 0.021069
v 0.117219 0.216169 0.016536
v 0.114454 0.216651 0.017075
v 0.113392 0.207345 0.021666
v 0.114728 0.207353 0.020164
v 0.113782 0.204896 0.020330
v 0.115276 0.212077 0.021567
v 0.117011 0.210898 0.019848
v 0.113923 0.206747 0.018304
v 0.116289 0.211346 0.017499
v 0.117277 0.212102 0.019699
v 0.117219 0.216169 0.016536
v 0.118074 0.215929 0.019259
v 0.115783 0.217041 0.021069
v 0.117543 0.208565 0.016063
v 0.113242 0.205742 0.015432
v 0.115036 0.209213 0.015174
v 0.114911 0.203385 0.016038
v 0.113442 0.205659 0.012916
v 0.113309 0.203011 0.014444
v 0.115243 0.209071 0.012485
v 0.117725 0.208274 0.011704
v 0.114961 0.203269 0.012385
v 0.114313 0.200761 0.014577
v 0.115741 0.214949 0.014909
v 0.118149 0.214459 0.015988
v 0.118730 0.214135 0.011065
v 0.115932 0.214825 0.011837
v 0.117941 0.207121 0.014145
v 0.117543 0.208565 0.016063
v 0.118672 0.208258 0.014062
v 0.118149 0.214459 0.015988
v 0.119934 0.213911 0.013672
v 0.117725 0.208274 0.011704
v 0.115550 0.203069 0.014394
v 0.114961 0.203269 0.012385
v 0.114313 0.200761 0.014577
v 0.114911 0.203385 0.016038
v 0.118730 0.214135 0.011065
v 0.111956 0.213579 0.001053
v 0.111914 0.209835 0.001036
v 0.113840 0.212326 0.000563
v 0.110453 0.211346 0.001335
v 0.112254 0.213471 0.003278
v 0.110685 0.211255 0.003236
v 0.110046 0.209727 0.001518
v 0.114305 0.211388 0.002298
v 0.112271 0.209553 0.002373
v 0.114156 0.212276 0.003867
v 0.111565 0.209819 0.003701
v 0.110445 0.208117 0.002381
v 0.114156 0.212276 0.003867
v 0.111565 0.209819 0.003701
v 0.110237 0.209719 0.003145
v 0.110445 0.208117 0.002381
v 0.115766 0.215704 0.000206
v 0.113633 0.216477 0.000887
v 0.114139 0.216327 0.003353
v 0.116389 0.215447 0.004092
v 0.114845 0.212268 0.002298
v 0.116389 0.215447 0.004092
v 0.116829 0.214567 0.002240
v 0.102649 0.220661 0.023003
v 0.100690 0.219756 0.021235
v 0.105190 0.221275 0.021475
v 0.100217 0.236691 -0.000657
v 0.094846 0.240842 0.002290
v 0.096656 0.236824 0.003419
v 0.099561 0.241996 -0.002151
v 0.102774 0.238269 -0.002517
v 0.102467 0.244063 -0.001545
v 0.105555 0.241116 -0.000782
v 0.105646 0.243291 0.003975
v 0.090205 0.247475 -0.000267
v 0.096133 0.249484 -0.004401
v 0.099910 0.252365 0.000173
v 0.103861 0.247077 0.002556
v 0.104086 0.243291 0.009396
v 0.088786 0.259039 0.000331
v 0.101595 0.247351 0.008309
v 0.101686 0.242602 0.011082
v 0.096689 0.244154 0.010451
v 0.097793 0.253735 0.006565
v 0.093318 0.250464 0.008898
v 0.090936 0.248297 0.006167
v 0.093592 0.241622 0.008010
v 0.096614 0.239198 0.011414
v 0.094605 0.237579 0.010666
v 0.096656 0.236824 0.003419
v 0.094846 0.240842 0.002290
v 0.090205 0.247475 -0.000267
v 0.088786 0.259039 0.000331
v 0.105040 0.241830 0.010243
v 0.106667 0.241656 0.004631
v 0.107008 0.239730 -0.000748
v 0.101686 0.242602 0.011082
v 0.105040 0.241830 0.010243
v 0.106393 0.237065 0.014095
v 0.105040 0.241830 0.010243
v 0.107996 0.238019 0.014460
v 0.106393 0.237065 0.014095
v 0.106609 0.242751 0.010791
v 0.108170 0.231436 0.017806
v 0.109830 0.232715 0.018030
v 0.109830 0.235014 -0.001006
v 0.114679 0.231594 -0.000425
v 0.111291 0.236567 -0.000591
v 0.113383 0.229967 -0.000757
v 0.107008 0.239730 -0.000748
v 0.108062 0.241008 -0.000665
v 0.118522 0.225658 0.000381
v 0.117352 0.224230 0.000430
v 0.111333 0.205394 0.005619
v 0.112943 0.210234 0.006134
v 0.110561 0.207652 0.006208
v 0.115094 0.209262 0.005221
v 0.110436 0.207594 0.008251
v 0.109947 0.205551 0.007304
v 0.110395 0.203476 0.007412
v 0.111142 0.205361 0.008948
v 0.115260 0.209271 0.009413
v 0.112985 0.210225 0.008359
v 0.117493 0.214434 0.004913
v 0.114820 0.215240 0.005885
v 0.114662 0.215206 0.008574
v 0.117318 0.214385 0.009745
v 0.111142 0.205361 0.008948
v 0.111848 0.205020 0.007437
v 0.110395 0.203476 0.007412
v 0.111333 0.205394 0.005619
v 0.115276 0.208075 0.007412
v 0.115094 0.209262 0.005221
v 0.115260 0.209271 0.009413
v 0.116463 0.209038 0.007404
v 0.117318 0.214385 0.009745
v 0.118655 0.213795 0.007387
v 0.117493 0.214434 0.004913
v 0.114778 0.219764 0.005470
v 0.118140 0.220121 0.004523
v 0.114728 0.219839 0.003618
v 0.118074 0.215929 0.019259
v -0.109833 0.235014 -0.001006
v -0.110663 0.228282 -0.002102
v -0.104752 0.232789 -0.002492
v -0.113378 0.229967 -0.000757
v -0.114889 0.223433 -0.000732
v -0.117354 0.224230 0.000430
v -0.107010 0.239730 -0.000748
v -0.102768 0.238269 -0.002517
v -0.106122 0.229900 -0.001944
v -0.116532 0.220013 -0.000242
v -0.110763 0.223392 -0.000499
v -0.114000 0.219731 0.000646
v -0.109783 0.223890 0.004490
v -0.103822 0.230191 0.001817
v -0.105582 0.226945 0.010459
v -0.110040 0.224712 0.010849
v -0.105383 0.226488 0.015141
v -0.109468 0.225276 0.015623
v -0.115769 0.215704 0.000206
v -0.118550 0.220669 0.001726
v -0.117097 0.215754 0.002190
v -0.113635 0.216477 0.000887
v -0.103391 0.225085 0.015606
v -0.105225 0.227534 0.018163
v -0.107234 0.228771 0.018586
v -0.104785 0.222794 0.021185
v -0.099763 0.224255 0.015481
v -0.099140 0.225683 0.011497
v -0.100518 0.230930 0.006233
v -0.100211 0.236691 -0.000657
v -0.096650 0.236824 0.003419
v -0.097007 0.230739 0.009048
v -0.095786 0.232723 0.013605
v -0.097579 0.225833 0.017241
v -0.101747 0.220229 0.018570
v -0.100045 0.221101 0.020612
v -0.094607 0.237579 0.010666
v -0.104055 0.221117 0.018603
v -0.105192 0.221275 0.021475
v -0.100693 0.219756 0.021235
v -0.097571 0.235770 0.015814
v -0.094607 0.237579 0.010666
v -0.095786 0.232723 0.013605
v -0.096616 0.239198 0.011414
v -0.102270 0.238069 0.015598
v -0.098451 0.230531 0.018520
v -0.103573 0.233188 0.018238
v -0.099057 0.228622 0.019558
v -0.097579 0.225833 0.017241
v -0.102054 0.222122 0.022837
v -0.100045 0.221101 0.020612
v -0.102793 0.229793 0.019383
v -0.104785 0.222794 0.021185
v -0.105225 0.227534 0.018163
v -0.108172 0.231436 0.017806
v -0.107234 0.228771 0.018586
v -0.110082 0.226563 0.019167
v -0.111609 0.228788 0.018744
v -0.115486 0.222304 0.020363
v -0.116067 0.225957 0.018030
v -0.117927 0.222993 0.018503
v -0.115785 0.217041 0.021069
v -0.118018 0.217357 0.019126
v -0.117221 0.216169 0.016536
v -0.117271 0.220760 0.015656
v -0.117902 0.223367 0.015631
v -0.119836 0.221815 0.012908
v -0.119861 0.215397 0.013572
v -0.118151 0.214459 0.015988
v -0.117487 0.225625 0.015017
v -0.117952 0.225052 0.010036
v -0.118882 0.220104 0.009936
v -0.119463 0.221059 0.007113
v -0.118002 0.224670 0.005436
v -0.118143 0.220121 0.004523
v -0.116391 0.215447 0.004092
v -0.118782 0.215306 0.007346
v -0.117321 0.214385 0.009745
v -0.117495 0.214434 0.004913
v -0.114781 0.219764 0.005470
v -0.114822 0.215240 0.005885
v -0.119936 0.213911 0.013672
v -0.118732 0.214135 0.011065
v -0.115329 0.219963 0.010799
v -0.115935 0.214825 0.011837
v -0.118658 0.213795 0.007387
v -0.116831 0.214567 0.002240
v -0.109833 0.232715 0.018030
v -0.112797 0.233703 0.015921
v -0.107990 0.238019 0.014460
v -0.112805 0.230033 0.018885
v -0.116740 0.227460 0.018354
v -0.118491 0.227153 0.015017
v -0.115420 0.232831 0.008375
v -0.111958 0.237770 0.006491
v -0.111294 0.236567 -0.000591
v -0.108056 0.241008 -0.000665
v -0.108662 0.242170 0.004781
v -0.109717 0.238476 0.012925
v -0.114681 0.231594 -0.000425
v -0.119363 0.226115 0.005328
v -0.118525 0.225658 0.000381
v -0.119488 0.226588 0.009986
v -0.106603 0.242751 0.010791
v -0.111609 0.228788 0.018744
v -0.116740 0.227460 0.018354
v -0.112805 0.230033 0.018885
v -0.116067 0.225957 0.018030
v -0.109833 0.232715 0.018030
v -0.108172 0.231436 0.017806
v -0.108662 0.242170 0.004781
v -0.108056 0.241008 -0.000665
v -0.106670 0.241656 0.004631
v -0.106603 0.242751 0.010791
v -0.105043 0.241830 0.010243
v -0.107010 0.239730 -0.000748
v -0.118525 0.225658 0.000381
v -0.118002 0.224670 0.005436
v -0.117354 0.224230 0.000430
v -0.119363 0.226115 0.005328
v -0.119488 0.226588 0.009986
v -0.117952 0.225052 0.010036
v -0.118491 0.227153 0.015017
v -0.117487 0.225625 0.015017
v -0.116067 0.225957 0.018030
v -0.116740 0.227460 0.018354
v -0.113303 0.221391 0.019242
v -0.115486 0.222304 0.020363
v -0.110082 0.226563 0.019167
v -0.113934 0.217149 0.019715
v -0.115785 0.217041 0.021069
v -0.114457 0.216651 0.017075
v -0.114025 0.220669 0.016129
v -0.117221 0.216169 0.016536
v -0.117271 0.220760 0.015656
v -0.115154 0.220428 0.014701
v -0.118151 0.214459 0.015988
v -0.115744 0.214949 0.014909
v -0.115935 0.214825 0.011837
v -0.115329 0.219963 0.010799
v -0.115246 0.219872 0.008931
v -0.114781 0.219764 0.005470
v -0.114731 0.219839 0.003618
v -0.114141 0.216327 0.003353
v -0.116391 0.215447 0.004092
v -0.118143 0.220121 0.004523
v -0.114822 0.215240 0.005885
v -0.114664 0.215206 0.008574
v -0.117321 0.214385 0.009745
v -0.118882 0.220104 0.009936
v -0.106180 0.214758 0.023684
v -0.105375 0.213588 0.024456
v -0.105184 0.213978 0.022505
v -0.103964 0.214094 0.023966
v -0.104030 0.214775 0.021085
v -0.105566 0.215248 0.021135
v -0.103067 0.216269 0.019998
v -0.102693 0.215638 0.022920
v -0.100693 0.219756 0.021235
v -0.101747 0.220229 0.018570
v -0.105416 0.217049 0.020022
v -0.106263 0.216941 0.022588
v -0.105192 0.221275 0.021475
v -0.104055 0.221117 0.018603
v -0.102652 0.220661 0.023003
v -0.102693 0.215638 0.022920
v -0.104229 0.216468 0.023733
v -0.100693 0.219756 0.021235
v -0.105192 0.221275 0.021475
v -0.106263 0.216941 0.022588
v -0.103964 0.214094 0.023966
v -0.105375 0.213588 0.024456
v -0.106180 0.214758 0.023684
v -0.113544 0.212409 0.020280
v -0.113394 0.207345 0.021666
v -0.115279 0.212077 0.021567
v -0.112058 0.208988 0.020678
v -0.112174 0.208748 0.018553
v -0.112340 0.206631 0.020205
v -0.113768 0.211803 0.018047
v -0.113926 0.206747 0.018304
v -0.116292 0.211346 0.017499
v -0.113784 0.204896 0.020330
v -0.113934 0.217149 0.019715
v -0.115785 0.217041 0.021069
v -0.117221 0.216169 0.016536
v -0.114457 0.216651 0.017075
v -0.113394 0.207345 0.021666
v -0.113784 0.204896 0.020330
v -0.114723 0.207353 0.020164
v -0.115279 0.212077 0.021567
v -0.117014 0.210898 0.019848
v -0.113926 0.206747 0.018304
v -0.116292 0.211346 0.017499
v -0.117271 0.212102 0.019699
v -0.117221 0.216169 0.016536
v -0.118076 0.215929 0.019259
v -0.115785 0.217041 0.021069
v -0.113237 0.205742 0.015432
v -0.117545 0.208565 0.016063
v -0.115038 0.209213 0.015174
v -0.114913 0.203385 0.016038
v -0.113444 0.205659 0.012916
v -0.113311 0.203011 0.014444
v -0.115237 0.209071 0.012485
v -0.117728 0.208274 0.011704
v -0.114963 0.203269 0.012385
v -0.114316 0.200761 0.014577
v -0.115744 0.214949 0.014909
v -0.118151 0.214459 0.015988
v -0.118732 0.214135 0.011065
v -0.115935 0.214825 0.011837
v -0.117944 0.207121 0.014145
v -0.118674 0.208258 0.014062
v -0.117545 0.208565 0.016063
v -0.118151 0.214459 0.015988
v -0.119936 0.213911 0.013672
v -0.117728 0.208274 0.011704
v -0.115544 0.203069 0.014394
v -0.114963 0.203269 0.012385
v -0.114316 0.200761 0.014577
v -0.114913 0.203385 0.016038
v -0.118732 0.214135 0.011065
v -0.111917 0.209835 0.001036
v -0.111958 0.213579 0.001053
v -0.113843 0.212326 0.000563
v -0.110455 0.211346 0.001335
v -0.112257 0.213471 0.003278
v -0.110688 0.211255 0.003236
v -0.110049 0.209727 0.001518
v -0.114307 0.211388 0.002298
v -0.112265 0.209553 0.002373
v -0.114158 0.212276 0.003867
v -0.111560 0.209819 0.003701
v -0.110447 0.208117 0.002381
v -0.114158 0.212276 0.003867
v -0.111560 0.209819 0.003701
v -0.110231 0.209719 0.003145
v -0.110447 0.208117 0.002381
v -0.115769 0.215704 0.000206
v -0.113635 0.216477 0.000887
v -0.114141 0.216327 0.003353
v -0.116391 0.215447 0.004092
v -0.114847 0.212268 0.002298
v -0.116391 0.215447 0.004092
v -0.116831 0.214567 0.002240
v -0.102652 0.220661 0.023003
v -0.100693 0.219756 0.021235
v -0.105192 0.221275 0.021475
v -0.094848 0.240842 0.002290
v -0.100211 0.236691 -0.000657
v -0.096650 0.236824 0.003419
v -0.099564 0.241996 -0.002151
v -0.102768 0.238269 -0.002517
v -0.102469 0.244063 -0.001545
v -0.105557 0.241116 -0.000782
v -0.105640 0.243291 0.003975
v -0.090199 0.247475 -0.000267
v -0.096135 0.249484 -0.004401
v -0.099912 0.252365 0.000173
v -0.103864 0.247077 0.002556
v -0.104088 0.243291 0.009396
v -0.088788 0.259039 0.000331
v -0.101598 0.247351 0.008309
v -0.101689 0.242602 0.011082
v -0.096691 0.244154 0.010451
v -0.097795 0.253735 0.006565
v -0.093321 0.250464 0.008898
v -0.090930 0.248297 0.006167
v -0.093595 0.241622 0.008010
v -0.096616 0.239198 0.011414
v -0.094607 0.237579 0.010666
v -0.096650 0.236824 0.003419
v -0.094848 0.240842 0.002290
v -0.090199 0.247475 -0.000267
v -0.088788 0.259039 0.000331
v -0.105043 0.241830 0.010243
v -0.106670 0.241656 0.004631
v -0.107010 0.239730 -0.000748
v -0.101689 0.242602 0.011082
v -0.105043 0.241830 0.010243
v -0.106388 0.237065 0.014095
v -0.107990 0.238019 0.014460
v -0.105043 0.241830 0.010243
v -0.106388 0.237065 0.014095
v -0.106603 0.242751 0.010791
v -0.108172 0.231436 0.017806
v -0.109833 0.232715 0.018030
v -0.114681 0.231594 -0.000425
v -0.109833 0.235014 -0.001006
v -0.111294 0.236567 -0.000591
v -0.113378 0.229967 -0.000757
v -0.107010 0.239730 -0.000748
v -0.108056 0.241008 -0.000665
v -0.118525 0.225658 0.000381
v -0.117354 0.224230 0.000430
v -0.112946 0.210234 0.006134
v -0.111335 0.205394 0.005619
v -0.110555 0.207652 0.006208
v -0.115096 0.209262 0.005221
v -0.110439 0.207594 0.008251
v -0.109949 0.205551 0.007304
v -0.110397 0.203476 0.007412
v -0.111144 0.205361 0.008948
v -0.115262 0.209271 0.009413
v -0.112987 0.210225 0.008359
v -0.117495 0.214434 0.004913
v -0.114822 0.215240 0.005885
v -0.114664 0.215206 0.008574
v -0.117321 0.214385 0.009745
v -0.111144 0.205361 0.008948
v -0.110397 0.203476 0.007412
v -0.111850 0.205020 0.007437
v -0.111335 0.205394 0.005619
v -0.115279 0.208075 0.007412
v -0.115096 0.209262 0.005221
v -0.115262 0.209271 0.009413
v -0.116466 0.209038 0.007404
v -0.117321 0.214385 0.009745
v -0.118658 0.213795 0.007387
v -0.117495 0.214434 0.004913
v -0.114781 0.219764 0.005470
v -0.114731 0.219839 0.003618
v -0.118143 0.220121 0.004523
v -0.118076 0.215929 0.019259
vt 0.605622 0.608080
vt 0.579395 0.587681
vt 0.580366 0.610994
vt 0.607565 0.580882
vt 0.635734 0.579910
vt 0.631849 0.610994
vt 0.603679 0.646935
vt 0.577452 0.647906
vt 0.577452 0.672191
vt 0.602708 0.678990
vt 0.629906 0.680933
vt 0.633792 0.646935
vt 0.566767 0.679962
vt 0.596880 0.694532
vt 0.602708 0.678990
vt 0.577452 0.672191
vt 0.629906 0.680933
vt 0.634763 0.689676
vt 0.605622 0.571168
vt 0.572595 0.581853
vt 0.579395 0.587681
vt 0.607565 0.580882
vt 0.643506 0.574082
vt 0.635734 0.579910
vt 0.567738 0.651792
vt 0.566767 0.679962
vt 0.577452 0.672191
vt 0.577452 0.647906
vt 0.569681 0.611966
vt 0.580366 0.610994
vt 0.572595 0.581853
vt 0.579395 0.587681
vt 0.633792 0.646935
vt 0.629906 0.680933
vt 0.634763 0.689676
vt 0.648362 0.644992
vt 0.631849 0.610994
vt 0.649334 0.609052
vt 0.635734 0.579910
vt 0.643506 0.574082
vt 0.980572 0.560483
vt 0.994171 0.545912
vt 0.979601 0.538141
vt 0.994171 0.556597
vt 0.962116 0.545912
vt 0.966001 0.564368
vt 0.960173 0.529399
vt 0.976686 0.512886
vt 0.992228 0.528427
vt 0.991257 0.515800
vt 0.961145 0.510943
vt 0.581338 0.517743
vt 0.566767 0.553683
vt 0.585223 0.551741
vt 0.552196 0.519685
vt 0.545397 0.493458
vt 0.579395 0.489573
vt 0.619221 0.516771
vt 0.622135 0.548826
vt 0.638649 0.548826
vt 0.645448 0.517743
vt 0.646420 0.495401
vt 0.617279 0.493458
vt 0.543454 0.521628
vt 0.559967 0.560483
vt 0.566767 0.553683
vt 0.552196 0.519685
vt 0.536654 0.492487
vt 0.545397 0.493458
vt 0.559967 0.560483
vt 0.578424 0.560483
vt 0.585223 0.551741
vt 0.566767 0.553683
vt 0.622135 0.548826
vt 0.622135 0.559511
vt 0.638649 0.548826
vt 0.645448 0.559511
vt 0.645448 0.559511
vt 0.658076 0.515800
vt 0.645448 0.517743
vt 0.638649 0.548826
vt 0.646420 0.495401
vt 0.655162 0.489573
vt 0.579395 0.489573
vt 0.617279 0.493458
vt 0.608536 0.481802
vt 0.581338 0.481802
vt 0.536654 0.492487
vt 0.545397 0.493458
vt 0.655162 0.489573
vt 0.646420 0.495401
vt 0.956288 0.489573
vt 0.977658 0.495401
vt 0.956288 0.482773
vt 0.977658 0.474031
vt 0.991257 0.476945
vt 0.954345 0.465288
vt 0.970858 0.448775
vt 0.989314 0.464317
vt 0.982515 0.444889
vt 0.954345 0.455575
vt 0.992228 0.498315
vt 0.992228 0.528427
vt 0.979601 0.538141
vt 0.994171 0.545912
vt 0.579395 0.587681
vt 0.605622 0.608080
vt 0.580366 0.610994
vt 0.607565 0.580882
vt 0.635734 0.579910
vt 0.631849 0.610994
vt 0.603679 0.646935
vt 0.577452 0.647906
vt 0.577452 0.672191
vt 0.602708 0.678990
vt 0.629906 0.680933
vt 0.633792 0.646935
vt 0.602708 0.678990
vt 0.596880 0.694532
vt 0.566767 0.679962
vt 0.577452 0.672191
vt 0.629906 0.680933
vt 0.634763 0.689676
vt 0.579395 0.587681
vt 0.572595 0.581853
vt 0.605622 0.571168
vt 0.607565 0.580882
vt 0.643506 0.574082
vt 0.635734 0.579910
vt 0.577452 0.672191
vt 0.566767 0.679962
vt 0.567738 0.651792
vt 0.577452 0.647906
vt 0.569681 0.611966
vt 0.580366 0.610994
vt 0.572595 0.581853
vt 0.579395 0.587681
vt 0.634763 0.689676
vt 0.629906 0.680933
vt 0.633792 0.646935
vt 0.648362 0.644992
vt 0.631849 0.610994
vt 0.649334 0.609052
vt 0.635734 0.579910
vt 0.643506 0.574082
vt 0.994171 0.545912
vt 0.980572 0.560483
vt 0.979601 0.538141
vt 0.994171 0.556597
vt 0.962116 0.545912
vt 0.966001 0.564368
vt 0.960173 0.529399
vt 0.976686 0.512886
vt 0.992228 0.528427
vt 0.991257 0.515800
vt 0.961145 0.510943
vt 0.566767 0.553683
vt 0.581338 0.517743
vt 0.585223 0.551741
vt 0.552196 0.519685
vt 0.545397 0.493458
vt 0.579395 0.489573
vt 0.619221 0.516771
vt 0.622135 0.548826
vt 0.638649 0.548826
vt 0.645448 0.517743
vt 0.646420 0.495401
vt 0.617279 0.493458
vt 0.566767 0.553683
vt 0.559967 0.560483
vt 0.543454 0.521628
vt 0.552196 0.519685
vt 0.536654 0.492487
vt 0.545397 0.493458
vt 0.585223 0.551741
vt 0.578424 0.560483
vt 0.559967 0.560483
vt 0.566767 0.553683
vt 0.622135 0.548826
vt 0.622135 0.559511
vt 0.638649 0.548826
vt 0.645448 0.559511
vt 0.645448 0.517743
vt 0.658076 0.515800
vt 0.645448 0.559511
vt 0.638649 0.548826
vt 0.646420 0.495401
vt 0.655162 0.489573
vt 0.608536 0.481802
vt 0.617279 0.493458
vt 0.579395 0.489573
vt 0.581338 0.481802
vt 0.536654 0.492487
vt 0.545397 0.493458
vt 0.655162 0.489573
vt 0.646420 0.495401
vt 0.977658 0.495401
vt 0.956288 0.489573
vt 0.956288 0.482773
vt 0.977658 0.474031
vt 0.991257 0.476945
vt 0.954345 0.465288
vt 0.970858 0.448775
vt 0.989314 0.464317
vt 0.982515 0.444889
vt 0.954345 0.455575
vt 0.992228 0.498315
vt 0.979601 0.538141
vt 0.992228 0.528427
vt 0.994171 0.545912
vt 0.752299 0.441004
vt 0.749385 0.412834
vt 0.779498 0.415748
vt 0.783383 0.441975
vt 0.781440 0.386607
vt 0.759099 0.385636
vt 0.784355 0.357466
vt 0.763956 0.355523
vt 0.736757 0.412834
vt 0.743557 0.383693
vt 0.715387 0.382722
vt 0.705673 0.412834
vt 0.705673 0.447804
vt 0.733843 0.443918
vt 0.709559 0.484716
vt 0.741614 0.477916
vt 0.663904 0.481802
vt 0.666818 0.445861
vt 0.670704 0.411863
vt 0.679446 0.381750
vt 0.763956 0.321525
vt 0.787269 0.321525
vt 0.782412 0.292384
vt 0.762984 0.293355
vt 0.744528 0.287527
vt 0.814467 0.282670
vt 0.823210 0.320554
vt 0.815439 0.358437
vt 0.810582 0.387578
vt 0.810582 0.416720
vt 0.811553 0.442947
vt 0.780469 0.475002
vt 0.760070 0.473059
vt 0.814467 0.479859
vt 0.839723 0.276842
vt 0.845551 0.388550
vt 0.846523 0.417691
vt 0.881492 0.390493
vt 0.877606 0.417691
vt 0.845551 0.358437
vt 0.881492 0.360380
vt 0.864007 0.444889
vt 0.843608 0.445861
vt 0.860122 0.476945
vt 0.838751 0.481802
vt 0.888291 0.328325
vt 0.848465 0.318611
vt 0.876635 0.303069
vt 0.864979 0.284613
vt 0.856236 0.266157
vt 0.873721 0.479859
vt 0.880521 0.446832
vt 0.900919 0.419634
vt 0.908690 0.394378
vt 0.914519 0.361351
vt 0.935889 0.363294
vt 0.928118 0.334153
vt 0.953373 0.339010
vt 0.915490 0.335124
vt 0.951431 0.363294
vt 0.947545 0.392435
vt 0.947545 0.326382
vt 0.931032 0.305983
vt 0.915490 0.318611
vt 0.912576 0.286556
vt 0.950459 0.286556
vt 0.972801 0.306955
vt 0.976686 0.336096
vt 0.967944 0.363294
vt 0.966973 0.382722
vt 0.904805 0.317640
vt 0.899948 0.295298
vt 0.890234 0.296269
vt 0.887320 0.276842
vt 0.877606 0.278785
vt 0.918404 0.271985
vt 0.978629 0.385636
vt 0.982515 0.363294
vt 0.898977 0.273928
vt 0.897034 0.260329
vt 0.882463 0.254500
vt 0.880521 0.249643
vt 0.880521 0.259357
vt 0.869835 0.263243
vt 0.970858 0.401178
vt 0.962116 0.397292
vt 0.954345 0.417691
vt 0.936860 0.407006
vt 0.923261 0.420605
vt 0.936860 0.431290
vt 0.916461 0.442947
vt 0.906748 0.434204
vt 0.897034 0.451689
vt 0.898977 0.454603
vt 0.890234 0.484716
vt 0.884406 0.483744
vt 0.898005 0.465288
vt 0.898005 0.477916
vt 0.711502 0.313754
vt 0.716358 0.345809
vt 0.681389 0.348724
vt 0.676532 0.312783
vt 0.711502 0.278785
vt 0.664876 0.279756
vt 0.743557 0.346781
vt 0.744528 0.318611
vt 0.779498 0.415748
vt 0.749385 0.412834
vt 0.752299 0.441004
vt 0.783383 0.441975
vt 0.781440 0.386607
vt 0.759099 0.385636
vt 0.784355 0.357466
vt 0.763956 0.355523
vt 0.736757 0.412834
vt 0.743557 0.383693
vt 0.715387 0.382722
vt 0.705673 0.412834
vt 0.705673 0.447804
vt 0.733843 0.443918
vt 0.709559 0.484716
vt 0.741614 0.477916
vt 0.663904 0.481802
vt 0.666818 0.445861
vt 0.670704 0.411863
vt 0.679446 0.381750
vt 0.763956 0.321525
vt 0.787269 0.321525
vt 0.782412 0.292384
vt 0.762984 0.293355
vt 0.744528 0.287527
vt 0.814467 0.282670
vt 0.823210 0.320554
vt 0.815439 0.358437
vt 0.810582 0.387578
vt 0.810582 0.416720
vt 0.811553 0.442947
vt 0.780469 0.475002
vt 0.760070 0.473059
vt 0.814467 0.479859
vt 0.839723 0.276842
vt 0.845551 0.388550
vt 0.846523 0.417691
vt 0.881492 0.390493
vt 0.877606 0.417691
vt 0.845551 0.358437
vt 0.881492 0.360380
vt 0.864007 0.444889
vt 0.843608 0.445861
vt 0.860122 0.476945
vt 0.838751 0.481802
vt 0.888291 0.328325
vt 0.848465 0.318611
vt 0.876635 0.303069
vt 0.864979 0.284613
vt 0.856236 0.266157
vt 0.873721 0.479859
vt 0.877606 0.278785
vt 0.890234 0.296269
vt 0.887320 0.276842
vt 0.899948 0.295298
vt 0.904805 0.317640
vt 0.915490 0.318611
vt 0.915490 0.335124
vt 0.928118 0.334153
vt 0.914519 0.361351
vt 0.935889 0.363294
vt 0.953373 0.339010
vt 0.951431 0.363294
vt 0.947545 0.392435
vt 0.947545 0.326382
vt 0.931032 0.305983
vt 0.912576 0.286556
vt 0.950459 0.286556
vt 0.972801 0.306955
vt 0.976686 0.336096
vt 0.967944 0.363294
vt 0.966973 0.382722
vt 0.918404 0.271985
vt 0.908690 0.394378
vt 0.900919 0.419634
vt 0.880521 0.446832
vt 0.923261 0.420605
vt 0.906748 0.434204
vt 0.916461 0.442947
vt 0.936860 0.431290
vt 0.954345 0.417691
vt 0.884406 0.483744
vt 0.978629 0.385636
vt 0.970858 0.401178
vt 0.962116 0.397292
vt 0.936860 0.407006
vt 0.897034 0.451689
vt 0.890234 0.484716
vt 0.898977 0.454603
vt 0.899948 0.460431
vt 0.898005 0.477916
vt 0.982515 0.363294
vt 0.681389 0.348724
vt 0.716358 0.345809
vt 0.711502 0.313754
vt 0.676532 0.312783
vt 0.711502 0.278785
vt 0.664876 0.279756
vt 0.743557 0.346781
vt 0.744528 0.318611
vt 0.449231 0.993715
vt 0.449231 0.959717
vt 0.419118 0.953889
vt 0.423004 0.923776
vt 0.388034 0.926691
vt 0.380263 0.954860
vt 0.449231 0.919891
vt 0.426889 0.889778
vt 0.389006 0.890750
vt 0.426889 0.859666
vt 0.449231 0.860637
vt 0.449231 0.888807
vt 0.391920 0.857723
vt 0.387063 0.806240
vt 0.346265 0.807212
vt 0.351122 0.842181
vt 0.343351 0.766414
vt 0.318096 0.768357
vt 0.303525 0.817897
vt 0.313239 0.848009
vt 0.383177 0.761557
vt 0.427861 0.756700
vt 0.426889 0.710074
vt 0.427861 0.805269
vt 0.449231 0.805269
vt 0.449231 0.746015
vt 0.449231 0.697447
vt 0.425918 0.665391
vt 0.449231 0.662477
vt 0.350151 0.864523
vt 0.315181 0.863551
vt 0.385120 0.669277
vt 0.382206 0.712017
vt 0.351122 0.670248
vt 0.343351 0.713960
vt 0.351122 0.635279
vt 0.385120 0.634307
vt 0.359865 0.600309
vt 0.382206 0.580882
vt 0.343351 0.577968
vt 0.420090 0.590595
vt 0.362779 0.564368
vt 0.418147 0.566311
vt 0.449231 0.567282
vt 0.449231 0.591567
vt 0.425918 0.630422
vt 0.449231 0.627508
vt 0.396777 0.562426
vt 0.374435 0.550769
vt 0.416204 0.534256
vt 0.385120 0.527456
vt 0.449231 0.536198
vt 0.478372 0.590595
vt 0.472544 0.630422
vt 0.480315 0.566311
vt 0.482257 0.534256
vt 0.501685 0.562426
vt 0.513341 0.527456
vt 0.516256 0.580882
vt 0.513341 0.634307
vt 0.538597 0.600309
vt 0.555111 0.577968
vt 0.547340 0.635279
vt 0.524027 0.550769
vt 0.535683 0.564368
vt 0.513341 0.669277
vt 0.547340 0.670248
vt 0.515284 0.712017
vt 0.471572 0.710074
vt 0.555111 0.713960
vt 0.515284 0.761557
vt 0.470601 0.756700
vt 0.510427 0.806240
vt 0.555111 0.766414
vt 0.552196 0.807212
vt 0.506542 0.857723
vt 0.547340 0.842181
vt 0.471572 0.859666
vt 0.509456 0.890750
vt 0.471572 0.889778
vt 0.580366 0.768357
vt 0.594937 0.817897
vt 0.585223 0.848009
vt 0.470601 0.805269
vt 0.548311 0.864523
vt 0.550254 0.887836
vt 0.583280 0.863551
vt 0.510427 0.926691
vt 0.475458 0.923776
vt 0.479343 0.954860
vt 0.518198 0.954860
vt 0.484200 0.994687
vt 0.523055 0.995658
vt 0.572595 0.941261
vt 0.580366 0.979145
vt 0.633792 0.954860
vt 0.616307 0.924748
vt 0.565796 0.926691
vt 0.559967 0.913091
vt 0.600765 0.910177
vt 0.585223 0.883950
vt 0.592994 0.893664
vt 0.414261 0.994687
vt 0.584252 0.873265
vt 0.584252 0.868408
vt 0.917433 0.513857
vt 0.942688 0.524542
vt 0.943660 0.493458
vt 0.930061 0.548826
vt 0.907719 0.541055
vt 0.900919 0.563397
vt 0.926175 0.569225
vt 0.924232 0.585738
vt 0.901891 0.585738
vt 0.930061 0.610994
vt 0.911605 0.611966
vt 0.918404 0.636250
vt 0.937832 0.641107
vt 0.929089 0.658592
vt 0.951431 0.676076
vt 0.940746 0.685790
vt 0.890234 0.662477
vt 0.873721 0.617794
vt 0.866921 0.582825
vt 0.873721 0.553683
vt 0.848465 0.562426
vt 0.841666 0.578939
vt 0.831952 0.567282
vt 0.856236 0.533284
vt 0.806696 0.588653
vt 0.838751 0.592538
vt 0.806696 0.595452
vt 0.843608 0.623622
vt 0.872750 0.641107
vt 0.875664 0.516771
vt 0.889263 0.528427
vt 0.864979 0.494429
vt 0.845551 0.509971
vt 0.830009 0.545912
vt 0.821267 0.524542
vt 0.806696 0.620708
vt 0.821267 0.653735
vt 0.839723 0.652763
vt 0.865950 0.656649
vt 0.806696 0.652763
vt 0.815439 0.551741
vt 0.810582 0.531342
vt 0.814467 0.565340
vt 0.806696 0.574082
vt 0.806696 0.565340
vt 0.782412 0.567282
vt 0.772698 0.578939
vt 0.765899 0.562426
vt 0.758128 0.533284
vt 0.775612 0.592538
vt 0.747442 0.582825
vt 0.740643 0.553683
vt 0.713444 0.563397
vt 0.770755 0.623622
vt 0.740643 0.617794
vt 0.741614 0.641107
vt 0.712473 0.585738
vt 0.690131 0.585738
vt 0.684303 0.610994
vt 0.702759 0.611966
vt 0.695960 0.636250
vt 0.676532 0.641107
vt 0.685274 0.658592
vt 0.662933 0.676076
vt 0.673618 0.685790
vt 0.688189 0.569225
vt 0.684303 0.548826
vt 0.706645 0.541055
vt 0.696931 0.513857
vt 0.671675 0.524542
vt 0.670704 0.493458
vt 0.724129 0.662477
vt 0.695960 0.690647
vt 0.684303 0.712988
vt 0.664876 0.702303
vt 0.638649 0.712988
vt 0.662933 0.732416
vt 0.689160 0.731444
vt 0.697902 0.754758
vt 0.634763 0.736301
vt 0.672647 0.773214
vt 0.707616 0.770299
vt 0.643506 0.779042
vt 0.656133 0.814011
vt 0.683332 0.809154
vt 0.725101 0.790698
vt 0.727044 0.814011
vt 0.755213 0.818868
vt 0.618250 0.716874
vt 0.663904 0.835381
vt 0.691103 0.837324
vt 0.727044 0.840238
vt 0.727044 0.871322
vt 0.757156 0.843152
vt 0.782412 0.825668
vt 0.782412 0.851895
vt 0.763956 0.882979
vt 0.762984 0.922805
vt 0.806696 0.927662
vt 0.760070 0.958746
vt 0.725101 0.908234
vt 0.807668 0.960689
vt 0.854294 0.958746
vt 0.851379 0.922805
vt 0.850408 0.882979
vt 0.889263 0.908234
vt 0.887320 0.871322
vt 0.857208 0.843152
vt 0.831952 0.851895
vt 0.831952 0.825668
vt 0.807668 0.828582
vt 0.807668 0.853837
vt 0.806696 0.888807
vt 0.859150 0.818868
vt 0.887320 0.840238
vt 0.923261 0.837324
vt 0.887320 0.814011
vt 0.889263 0.790698
vt 0.931032 0.809154
vt 0.941717 0.773214
vt 0.958230 0.814011
vt 0.970858 0.779042
vt 0.979601 0.736301
vt 0.951431 0.732416
vt 0.906748 0.770299
vt 0.916461 0.754758
vt 0.925204 0.731444
vt 0.930061 0.712988
vt 0.949488 0.702303
vt 0.918404 0.690647
vt 0.975715 0.712988
vt 0.996114 0.716874
vt 0.950459 0.835381
vt 0.922290 0.862580
vt 0.951431 0.855780
vt 0.919375 0.868408
vt 0.920347 0.874236
vt 0.951431 0.859666
vt 0.952402 0.864523
vt 0.924232 0.886864
vt 0.923261 0.905320
vt 0.893148 0.943204
vt 0.932975 0.926691
vt 0.961145 0.890750
vt 0.967944 0.908234
vt 0.956288 0.873265
vt 0.289926 0.780013
vt 0.296725 0.752815
vt 0.324895 0.738244
vt 0.348208 0.887836
vt 0.316153 0.880065
vt 0.338494 0.913091
vt 0.332666 0.926691
vt 0.305468 0.894635
vt 0.297697 0.910177
vt 0.325866 0.941261
vt 0.281183 0.924748
vt 0.314210 0.888807
vt 0.313239 0.883950
vt 0.845551 0.509971
vt 0.843608 0.509000
vt 0.819324 0.521628
vt 0.821267 0.524542
vt 0.864979 0.494429
vt 0.863036 0.492487
vt 0.808639 0.530370
vt 0.810582 0.531342
vt 0.814467 0.551741
vt 0.815439 0.551741
vt 0.812524 0.564368
vt 0.814467 0.565340
vt 0.806696 0.562426
vt 0.806696 0.565340
vt 0.799897 0.565340
vt 0.801839 0.564368
vt 0.798925 0.551741
vt 0.799897 0.551741
vt 0.803782 0.531342
vt 0.805725 0.530370
vt 0.793097 0.524542
vt 0.795040 0.521628
vt 0.768813 0.509971
vt 0.770755 0.509000
vt 0.749385 0.494429
vt 0.751328 0.492487
vt 0.387063 0.524542
vt 0.385120 0.527456
vt 0.416204 0.534256
vt 0.414261 0.531342
vt 0.449231 0.536198
vt 0.449231 0.533284
vt 0.484200 0.531342
vt 0.482257 0.534256
vt 0.511399 0.524542
vt 0.513341 0.527456
vt 0.681389 0.926691
vt 0.646420 0.908234
vt 0.673618 0.958746
vt 0.634763 0.938347
vt 0.713444 0.977202
vt 0.720244 0.947089
vt 0.654191 0.890750
vt 0.692074 0.905320
vt 0.690131 0.886864
vt 0.694988 0.868408
vt 0.693045 0.852866
vt 0.658076 0.873265
vt 0.662933 0.859666
vt 0.671675 0.849952
vt 0.692074 0.845095
vt 0.667790 0.843152
vt 0.882463 0.254500
vt 0.898977 0.273928
vt 0.897034 0.260329
vt 0.875664 0.241873
vt 0.880521 0.259357
vt 0.869835 0.263243
vt 0.793097 0.524542
vt 0.768813 0.509971
vt 0.784355 0.545912
vt 0.749385 0.494429
vt 0.738700 0.516771
vt 0.725101 0.528427
vt 0.798925 0.551741
vt 0.803782 0.531342
vt 0.799897 0.565340
vt 0.608536 0.780013
vt 0.601736 0.752815
vt 0.573567 0.738244
vt 0.774641 0.652763
vt 0.748414 0.656649
vt 0.793097 0.653735
vt 0.472544 0.665391
vt 0.992228 0.090338
vt 0.992228 0.057312
vt 0.966001 0.089367
vt 0.977658 0.052455
vt 0.933946 0.069939
vt 0.949488 0.033999
vt 0.924232 0.103937
vt 0.960173 0.117537
vt 0.954345 0.135993
vt 0.975715 0.144735
vt 0.917433 0.128222
vt 0.883435 0.090338
vt 0.873721 0.128222
vt 0.911605 0.150563
vt 0.940746 0.172905
vt 0.945602 0.155420
vt 0.967944 0.179705
vt 0.976686 0.122394
vt 0.981543 0.102966
vt 0.917433 0.186504
vt 0.935889 0.195247
vt 0.953373 0.202046
vt 0.955316 0.190390
vt 0.970858 0.208846
vt 0.899948 0.177762
vt 0.863036 0.162220
vt 0.889263 0.207874
vt 0.907719 0.213703
vt 0.925204 0.220502
vt 0.947545 0.228273
vt 0.947545 0.211760
vt 0.945602 0.240901
vt 0.943660 0.248672
vt 0.967944 0.262271
vt 0.959202 0.228273
vt 0.853322 0.191361
vt 0.811553 0.175819
vt 0.823210 0.206903
vt 0.801839 0.213703
vt 0.853322 0.209817
vt 0.851379 0.230216
vt 0.881492 0.227302
vt 0.901891 0.231187
vt 0.828066 0.237016
vt 0.796983 0.240901
vt 0.768813 0.219531
vt 0.759099 0.237016
vt 0.723158 0.207874
vt 0.748414 0.196218
vt 0.790183 0.182619
vt 0.772698 0.188447
vt 0.817381 0.151535
vt 0.826124 0.119479
vt 0.838751 0.080625
vt 0.920347 0.237016
vt 0.450202 0.236044
vt 0.482257 0.216617
vt 0.450202 0.210789
vt 0.477401 0.238958
vt 0.429803 0.209817
vt 0.424947 0.242844
vt 0.450202 0.183590
vt 0.483229 0.183590
vt 0.447288 0.136964
vt 0.528884 0.185533
vt 0.487114 0.140850
vt 0.529855 0.146678
vt 0.530826 0.105880
vt 0.489057 0.101995
vt 0.453116 0.092281
vt 0.487114 0.065083
vt 0.527912 0.067997
vt 0.483229 0.039827
vt 0.458945 0.057312
vt 0.416204 0.081596
vt 0.419118 0.050512
vt 0.381235 0.045655
vt 0.381235 0.070911
vt 0.565796 0.108794
vt 0.565796 0.148621
vt 0.381235 0.016514
vt 0.355979 0.021371
vt 0.372492 0.110737
vt 0.496828 0.031084
vt 0.429803 0.007772
vt 0.424947 0.018457
vt 0.384149 0.003886
vt 0.352093 0.011657
vt 0.351122 0.060226
vt 0.341408 0.098109
vt 0.338494 0.125308
vt 0.357922 0.135993
vt 0.319067 0.034970
vt 0.320038 0.054397
vt 0.315181 0.030113
vt 0.319067 0.084510
vt 0.303525 0.040798
vt 0.308382 0.043712
vt 0.300611 0.056340
vt 0.306439 0.084510
vt 0.310324 0.106852
vt 0.342380 0.156392
vt 0.367635 0.167077
vt 0.348208 0.174848
vt 0.390949 0.155420
vt 0.403576 0.143764
vt 0.326838 0.150563
vt 0.325866 0.171934
vt 0.315181 0.169020
vt 0.332666 0.172905
vt 0.407462 0.162220
vt 0.325866 0.114623
vt 0.315181 0.121422
vt 0.317124 0.141821
vt 0.315181 0.155420
vt 0.303525 0.165134
vt 0.425918 0.146678
vt 0.408433 0.119479
vt 0.426889 0.187476
vt 0.713444 0.088395
vt 0.714416 0.133079
vt 0.688189 0.093252
vt 0.693045 0.137936
vt 0.677504 0.142792
vt 0.670704 0.098109
vt 0.703731 0.177762
vt 0.684303 0.176791
vt 0.723158 0.207874
vt 0.685274 0.050512
vt 0.710530 0.045655
vt 0.736757 0.083539
vt 0.727044 0.171934
vt 0.748414 0.196218
vt 0.739672 0.125308
vt 0.766870 0.082567
vt 0.767841 0.118508
vt 0.750357 0.161249
vt 0.777555 0.149592
vt 0.799897 0.117537
vt 0.817381 0.151535
vt 0.802811 0.079653
vt 0.805725 0.047598
vt 0.836809 0.082567
vt 0.848465 0.044684
vt 0.883435 0.090338
vt 0.819324 0.004857
vt 0.861093 0.004857
vt 0.891206 0.054397
vt 0.777555 0.017485
vt 0.826124 0.119479
vt 0.873721 0.128222
vt 0.934917 0.066054
vt 0.909662 0.011657
vt 0.773669 0.043712
vt 0.736757 0.041770
vt 0.739672 0.006800
vt 0.705673 0.007772
vt 0.918404 0.129193
vt 0.926175 0.103937
vt 0.911605 0.150563
vt 0.940746 0.172905
vt 0.966001 0.089367
vt 0.977658 0.051483
vt 0.951431 0.030113
vt 0.960173 0.117537
vt 0.954345 0.135993
vt 0.678475 0.015543
vt 0.991257 0.061197
vt 0.992228 0.090338
vt 0.976686 0.122394
vt 0.975715 0.144735
vt 0.981543 0.102966
vt 0.662933 0.028170
vt 0.656133 0.036913
vt 0.660990 0.101995
vt 0.667790 0.145707
vt 0.675561 0.175819
vt 0.694988 0.213703
vt 0.709559 0.211760
vt 0.717330 0.242844
vt 0.701788 0.226331
vt 0.734815 0.239930
vt 0.735786 0.256443
vt 0.759099 0.237016
vt 0.749385 0.254500
vt 0.756185 0.269071
vt 0.762984 0.259357
vt 0.778526 0.262271
vt 0.767841 0.218560
vt 0.796983 0.240901
vt 0.801839 0.213703
vt 0.828066 0.237016
vt 0.823210 0.206903
vt 0.811553 0.175819
vt 0.853322 0.190390
vt 0.863036 0.162220
vt 0.890234 0.205932
vt 0.854294 0.207874
vt 0.851379 0.230216
vt 0.881492 0.226331
vt 0.790183 0.182619
vt 0.772698 0.188447
vt 0.900919 0.177762
vt 0.917433 0.185533
vt 0.935889 0.195247
vt 0.955316 0.190390
vt 0.953373 0.202046
vt 0.970858 0.208846
vt 0.907719 0.211760
vt 0.925204 0.220502
vt 0.947545 0.228273
vt 0.945602 0.240901
vt 0.920347 0.237016
vt 0.901891 0.232159
vt 0.943660 0.248672
vt 0.967944 0.262271
vt 0.959202 0.228273
vt 0.947545 0.211760
vt 0.555111 0.242844
vt 0.524027 0.218560
vt 0.520141 0.240901
vt 0.553168 0.249643
vt 0.535683 0.249643
vt 0.548311 0.254500
vt 0.586195 0.252558
vt 0.591051 0.246729
vt 0.620193 0.253529
vt 0.626992 0.246729
vt 0.606593 0.259357
vt 0.562882 0.258386
vt 0.590080 0.263243
vt 0.637677 0.231187
vt 0.593965 0.223416
vt 0.599794 0.187476
vt 0.644477 0.195247
vt 0.651277 0.145707
vt 0.603679 0.148621
vt 0.602708 0.106852
vt 0.650305 0.097138
vt 0.638649 0.061197
vt 0.596880 0.067997
vt 0.562882 0.069939
vt 0.594937 0.027199
vt 0.626021 0.029142
vt 0.562882 0.026228
vt 0.534712 0.027199
vt 0.512370 0.028170
vt 0.562882 0.187476
vt 0.558996 0.222445
vt 0.496828 0.240901
vt 0.503628 0.247701
vt 0.968916 0.179705
vt 0.946574 0.156392
vt 0.878578 0.687733
vt 0.865950 0.711046
vt 0.896062 0.704246
vt 0.849437 0.712988
vt 0.886349 0.666363
vt 0.913547 0.691618
vt 0.926175 0.712988
vt 0.892177 0.735330
vt 0.866921 0.737273
vt 0.878578 0.765443
vt 0.851379 0.766414
vt 0.854294 0.792641
vt 0.850408 0.740187
vt 0.827095 0.710074
vt 0.833895 0.678990
vt 0.806696 0.711046
vt 0.806696 0.680933
vt 0.821267 0.659563
vt 0.826124 0.738244
vt 0.806696 0.736301
vt 0.827095 0.764471
vt 0.829038 0.792641
vt 0.806696 0.763500
vt 0.806696 0.794584
vt 0.838751 0.658592
vt 0.861093 0.681904
vt 0.806696 0.660534
vt 0.864979 0.662477
vt 0.806696 0.819839
vt 0.829038 0.816925
vt 0.857208 0.814011
vt 0.870807 0.789727
vt 0.886349 0.788755
vt 0.902862 0.768357
vt 0.913547 0.753786
vt 0.922290 0.732416
vt 0.916461 0.691618
vt 0.913547 0.691618
vt 0.888291 0.664420
vt 0.886349 0.666363
vt 0.927146 0.713960
vt 0.922290 0.732416
vt 0.923261 0.731444
vt 0.902862 0.768357
vt 0.904805 0.769328
vt 0.914519 0.754758
vt 0.913547 0.753786
vt 0.923261 0.731444
vt 0.922290 0.732416
vt 0.886349 0.788755
vt 0.887320 0.789727
vt 0.857208 0.814011
vt 0.858179 0.817897
vt 0.864979 0.662477
vt 0.864979 0.657620
vt 0.838751 0.654706
vt 0.838751 0.658592
vt 0.821267 0.655677
vt 0.821267 0.659563
vt 0.806696 0.654706
vt 0.806696 0.660534
vt 0.886349 0.666363
vt 0.888291 0.664420
vt 0.793097 0.659563
vt 0.793097 0.655677
vt 0.775612 0.658592
vt 0.775612 0.654706
vt 0.749385 0.662477
vt 0.749385 0.657620
vt 0.728015 0.666363
vt 0.726072 0.664420
vt 0.858179 0.817897
vt 0.857208 0.814011
vt 0.829038 0.816925
vt 0.831952 0.824696
vt 0.806696 0.819839
vt 0.806696 0.826639
vt 0.782412 0.824696
vt 0.785326 0.816925
vt 0.756185 0.817897
vt 0.757156 0.814011
vt 0.735786 0.687733
vt 0.718301 0.704246
vt 0.748414 0.711046
vt 0.747442 0.737273
vt 0.763956 0.740187
vt 0.762984 0.766414
vt 0.735786 0.765443
vt 0.722187 0.735330
vt 0.760070 0.792641
vt 0.788240 0.738244
vt 0.787269 0.710074
vt 0.764927 0.712988
vt 0.753271 0.681904
vt 0.780469 0.678990
vt 0.775612 0.658592
vt 0.793097 0.659563
vt 0.787269 0.764471
vt 0.785326 0.792641
vt 0.785326 0.816925
vt 0.749385 0.662477
vt 0.728015 0.666363
vt 0.700817 0.691618
vt 0.688189 0.712988
vt 0.692074 0.732416
vt 0.700817 0.753786
vt 0.711502 0.768357
vt 0.728015 0.788755
vt 0.743557 0.789727
vt 0.757156 0.814011
vt 0.711502 0.768357
vt 0.700817 0.753786
vt 0.699845 0.754758
vt 0.709559 0.769328
vt 0.691103 0.731444
vt 0.692074 0.732416
vt 0.728015 0.788755
vt 0.727044 0.789727
vt 0.757156 0.814011
vt 0.756185 0.817897
vt 0.726072 0.664420
vt 0.697902 0.691618
vt 0.700817 0.691618
vt 0.728015 0.666363
vt 0.688189 0.712988
vt 0.687217 0.713960
vt 0.692074 0.732416
vt 0.691103 0.731444
vt 0.038340 0.912120
vt 0.058739 0.891721
vt 0.032512 0.893664
vt 0.051939 0.880065
vt 0.073309 0.888807
vt 0.071367 0.874236
vt 0.090794 0.888807
vt 0.090794 0.872294
vt 0.060682 0.911148
vt 0.090794 0.908234
vt 0.090794 0.926691
vt 0.056796 0.941261
vt 0.090794 0.942232
vt 0.056796 0.963603
vt 0.090794 0.963603
vt 0.014056 0.962631
vt 0.014056 0.935433
vt 0.055825 0.987887
vt 0.090794 0.985944
vt 0.021827 0.987887
vt 0.017941 0.912120
vt 0.124792 0.962631
vt 0.124792 0.941261
vt 0.119935 0.911148
vt 0.125764 0.987887
vt 0.143248 0.911148
vt 0.167533 0.962631
vt 0.167533 0.934461
vt 0.159762 0.987887
vt 0.162676 0.912120
vt 0.149077 0.893664
vt 0.121878 0.891721
vt 0.128678 0.880065
vt 0.107308 0.888807
vt 0.110222 0.874236
vt 0.017941 0.912120
vt 0.032512 0.893664
vt 0.026684 0.888807
vt 0.013084 0.906292
vt 0.045140 0.875208
vt 0.051939 0.880065
vt 0.065539 0.867437
vt 0.071367 0.874236
vt 0.091766 0.863551
vt 0.090794 0.872294
vt 0.014056 0.935433
vt 0.006285 0.935433
vt 0.014056 0.962631
vt 0.006285 0.962631
vt 0.021827 0.987887
vt 0.016970 0.993715
vt 0.110222 0.874236
vt 0.114107 0.865494
vt 0.128678 0.880065
vt 0.133535 0.873265
vt 0.149077 0.893664
vt 0.154905 0.888807
vt 0.162676 0.912120
vt 0.169475 0.905320
vt 0.167533 0.934461
vt 0.170447 0.934461
vt 0.167533 0.962631
vt 0.170447 0.962631
vt 0.159762 0.987887
vt 0.166561 0.994687
vt 0.090794 0.985944
vt 0.055825 0.987887
vt 0.053882 0.993715
vt 0.089823 0.992744
vt 0.016970 0.993715
vt 0.021827 0.987887
vt 0.129649 0.994687
vt 0.125764 0.987887
vt 0.166561 0.994687
vt 0.159762 0.987887
vt 0.107308 0.514828
vt 0.118964 0.523571
vt 0.122850 0.510943
vt 0.130620 0.519685
vt 0.098565 0.500258
vt 0.138391 0.513857
vt 0.095651 0.518714
vt 0.083023 0.512886
vt 0.080109 0.488601
vt 0.071367 0.505115
vt 0.108279 0.524542
vt 0.107308 0.482773
vt 0.089823 0.472088
vt 0.130620 0.496372
vt 0.145191 0.505115
vt 0.099537 0.455575
vt 0.118964 0.466260
vt 0.122850 0.445861
vt 0.133535 0.454603
vt 0.135477 0.467231
vt 0.139363 0.482773
vt 0.149077 0.473059
vt 0.151019 0.484716
vt 0.150048 0.495401
vt 0.110222 0.440033
vt 0.145191 0.463345
vt 0.257870 0.901435
vt 0.276327 0.905320
vt 0.275355 0.878122
vt 0.287983 0.883950
vt 0.276327 0.863551
vt 0.291868 0.864523
vt 0.274384 0.846066
vt 0.290897 0.845095
vt 0.256899 0.878122
vt 0.255928 0.848981
vt 0.237472 0.850923
vt 0.226786 0.885893
vt 0.221930 0.852866
vt 0.204445 0.888807
vt 0.200559 0.854809
vt 0.210273 0.930576
vt 0.237472 0.927662
vt 0.180160 0.892692
vt 0.178218 0.857723
vt 0.184046 0.926691
vt 0.259813 0.920862
vt 0.196674 0.820811
vt 0.219015 0.818868
vt 0.250099 0.819839
vt 0.172390 0.822754
vt 0.246214 0.797498
vt 0.192788 0.779042
vt 0.219987 0.775156
vt 0.168504 0.788755
vt 0.243300 0.777099
vt 0.262727 0.788755
vt 0.267584 0.815954
vt 0.279241 0.807212
vt 0.272441 0.829553
vt 0.287012 0.825668
vt 0.259813 0.920862
vt 0.264670 0.924748
vt 0.280212 0.909206
vt 0.276327 0.905320
vt 0.292840 0.886864
vt 0.287983 0.883950
vt 0.298668 0.866465
vt 0.291868 0.864523
vt 0.298668 0.843152
vt 0.290897 0.845095
vt 0.237472 0.927662
vt 0.237472 0.934461
vt 0.210273 0.930576
vt 0.210273 0.937376
vt 0.184046 0.926691
vt 0.178218 0.929605
vt 0.287012 0.825668
vt 0.293811 0.821782
vt 0.279241 0.807212
vt 0.284097 0.803326
vt 0.262727 0.788755
vt 0.268555 0.785841
vt 0.243300 0.777099
vt 0.245243 0.767385
vt 0.219987 0.775156
vt 0.219015 0.764471
vt 0.192788 0.779042
vt 0.191817 0.768357
vt 0.168504 0.788755
vt 0.161704 0.780985
vt 0.178218 0.857723
vt 0.171418 0.858694
vt 0.174332 0.893664
vt 0.180160 0.892692
vt 0.178218 0.929605
vt 0.184046 0.926691
vt 0.166561 0.823725
vt 0.172390 0.822754
vt 0.161704 0.780985
vt 0.168504 0.788755
vt 0.052911 0.431290
vt 0.063596 0.442947
vt 0.067481 0.429347
vt 0.075252 0.439061
vt 0.037369 0.439061
vt 0.079138 0.447804
vt 0.045140 0.421576
vt 0.030569 0.419634
vt 0.015998 0.440033
vt 0.016970 0.420605
vt 0.058739 0.423519
vt 0.036397 0.459460
vt 0.015998 0.459460
vt 0.063596 0.459460
vt 0.080109 0.459460
vt 0.015998 0.477916
vt 0.037369 0.478888
vt 0.030569 0.498315
vt 0.045140 0.496372
vt 0.052911 0.486659
vt 0.063596 0.475002
vt 0.067481 0.488601
vt 0.075252 0.479859
vt 0.079138 0.470145
vt 0.016970 0.497344
vt 0.058739 0.494429
vt 0.468658 0.392435
vt 0.491971 0.391464
vt 0.481286 0.357466
vt 0.503628 0.365237
vt 0.487114 0.418662
vt 0.466716 0.419634
vt 0.468658 0.445861
vt 0.491000 0.444889
vt 0.481286 0.478888
vt 0.504599 0.475002
vt 0.443403 0.393407
vt 0.449231 0.358437
vt 0.428832 0.396321
vt 0.427861 0.419634
vt 0.443403 0.420605
vt 0.447288 0.481802
vt 0.442431 0.447804
vt 0.427861 0.445861
vt 0.424947 0.476945
vt 0.428832 0.366208
vt 0.447288 0.481802
vt 0.424947 0.476945
vt 0.423004 0.478888
vt 0.449231 0.486659
vt 0.482257 0.483744
vt 0.481286 0.478888
vt 0.506542 0.475973
vt 0.504599 0.475002
vt 0.503628 0.365237
vt 0.505570 0.364266
vt 0.482257 0.354552
vt 0.481286 0.357466
vt 0.448260 0.354552
vt 0.449231 0.358437
vt 0.428832 0.366208
vt 0.426889 0.364266
vt 0.427861 0.445861
vt 0.423975 0.446832
vt 0.423004 0.478888
vt 0.424947 0.476945
vt 0.427861 0.419634
vt 0.424947 0.420605
vt 0.428832 0.396321
vt 0.426889 0.394378
vt 0.428832 0.366208
vt 0.426889 0.364266
vt 0.503628 0.365237
vt 0.491971 0.391464
vt 0.501685 0.388550
vt 0.505570 0.364266
vt 0.490029 0.418662
vt 0.487114 0.418662
vt 0.494885 0.445861
vt 0.491000 0.444889
vt 0.506542 0.475973
vt 0.504599 0.475002
vt 0.110222 0.562426
vt 0.092737 0.570197
vt 0.108279 0.581853
vt 0.094680 0.584767
vt 0.125764 0.580882
vt 0.127706 0.563397
vt 0.144220 0.565340
vt 0.140334 0.584767
vt 0.159762 0.576025
vt 0.157819 0.590595
vt 0.095651 0.551741
vt 0.099537 0.539113
vt 0.116050 0.539113
vt 0.129649 0.540084
vt 0.162676 0.557569
vt 0.161704 0.542027
vt 0.143248 0.540084
vt 0.452145 0.293355
vt 0.489057 0.296269
vt 0.461859 0.271985
vt 0.491000 0.272956
vt 0.434660 0.265185
vt 0.425918 0.283641
vt 0.403576 0.271014
vt 0.413290 0.249643
vt 0.378321 0.245758
vt 0.391920 0.226331
vt 0.440488 0.314725
vt 0.474487 0.325410
vt 0.431746 0.327353
vt 0.410376 0.318611
vt 0.416204 0.304040
vt 0.361807 0.274899
vt 0.389977 0.293355
vt 0.386092 0.307926
vt 0.356950 0.297241
vt 0.458945 0.339981
vt 0.361807 0.274899
vt 0.357922 0.271985
vt 0.354036 0.298212
vt 0.356950 0.297241
vt 0.374435 0.242844
vt 0.378321 0.245758
vt 0.390949 0.224388
vt 0.391920 0.226331
vt 0.491000 0.272956
vt 0.489057 0.296269
vt 0.491971 0.296269
vt 0.492943 0.271014
vt 0.478372 0.327353
vt 0.474487 0.325410
vt 0.458945 0.339981
vt 0.459916 0.342895
vt 0.386092 0.307926
vt 0.356950 0.297241
vt 0.354036 0.298212
vt 0.384149 0.310840
vt 0.410376 0.318611
vt 0.408433 0.321525
vt 0.431746 0.327353
vt 0.432718 0.330267
vt 0.458945 0.339981
vt 0.459916 0.342895
vt 0.491000 0.272956
vt 0.492943 0.271014
vt 0.469630 0.264214
vt 0.461859 0.271985
vt 0.436603 0.262271
vt 0.434660 0.265185
vt 0.413290 0.246729
vt 0.413290 0.249643
vt 0.390949 0.224388
vt 0.391920 0.226331
vt 0.061653 0.548826
vt 0.063596 0.568254
vt 0.079138 0.557569
vt 0.076224 0.572139
vt 0.046111 0.566311
vt 0.045140 0.548826
vt 0.028626 0.548826
vt 0.030569 0.568254
vt 0.012113 0.558540
vt 0.013084 0.573111
vt 0.078166 0.539113
vt 0.075252 0.526485
vt 0.058739 0.525513
vt 0.045140 0.524542
vt 0.010170 0.540084
vt 0.012113 0.524542
vt 0.030569 0.524542
vt 0.213187 0.983030
vt 0.219015 0.975259
vt 0.212216 0.975259
vt 0.211244 0.971374
vt 0.218044 0.970402
vt 0.206388 0.974288
vt 0.201531 0.978173
vt 0.204445 0.981087
vt 0.201531 0.980116
vt 0.208330 0.996629
vt 0.225815 0.983030
vt 0.230672 0.996629
vt 0.236500 0.980116
vt 0.235529 0.976231
vt 0.240386 0.977202
vt 0.236500 0.974288
vt 0.224844 0.970402
vt 0.250099 0.993715
vt 0.203473 0.960689
vt 0.218044 0.955832
vt 0.249128 0.962631
vt 0.231643 0.956803
vt 0.256899 0.977202
vt 0.195702 0.992744
vt 0.187931 0.981087
vt 0.225815 0.975259
vt 0.194731 0.971374
vt 0.213187 0.983030
vt 0.212216 0.975259
vt 0.219015 0.975259
vt 0.211244 0.971374
vt 0.218044 0.970402
vt 0.206388 0.974288
vt 0.201531 0.978173
vt 0.204445 0.981087
vt 0.201531 0.980116
vt 0.208330 0.996629
vt 0.225815 0.983030
vt 0.230672 0.996629
vt 0.236500 0.980116
vt 0.235529 0.976231
vt 0.240386 0.977202
vt 0.236500 0.974288
vt 0.224844 0.970402
vt 0.250099 0.993715
vt 0.203473 0.960689
vt 0.218044 0.955832
vt 0.249128 0.962631
vt 0.231643 0.956803
vt 0.256899 0.977202
vt 0.195702 0.992744
vt 0.187931 0.981087
vt 0.225815 0.975259
vt 0.194731 0.971374
vt 0.253013 0.252558
vt 0.252042 0.230216
vt 0.209302 0.231187
vt 0.205416 0.256443
vt 0.217073 0.190390
vt 0.251071 0.180676
vt 0.245243 0.133079
vt 0.189874 0.140850
vt 0.190846 0.101023
vt 0.141306 0.125308
vt 0.107308 0.113651
vt 0.134506 0.082567
vt 0.171418 0.234102
vt 0.166561 0.255472
vt 0.177246 0.203989
vt 0.158790 0.183590
vt 0.091766 0.068968
vt 0.074281 0.103937
vt 0.070395 0.059254
vt 0.052911 0.095195
vt 0.036397 0.148621
vt 0.059710 0.157363
vt 0.138391 0.214674
vt 0.129649 0.172905
vt 0.092737 0.165134
vt 0.053882 0.185533
vt 0.083995 0.195247
vt 0.050968 0.202046
vt 0.114107 0.195247
vt 0.029598 0.175819
vt 0.029598 0.201075
vt 0.044168 0.211760
vt 0.029598 0.213703
vt 0.061653 0.210789
vt 0.052911 0.218560
vt 0.037369 0.225359
vt 0.028626 0.223416
vt 0.046111 0.230216
vt 0.032512 0.236044
vt 0.041254 0.241873
vt 0.025712 0.247701
vt 0.038340 0.252558
vt 0.036397 0.261300
vt 0.020855 0.258386
vt 0.050968 0.259357
vt 0.049025 0.267128
vt 0.057768 0.279756
vt 0.048054 0.277813
vt 0.042226 0.268099
vt 0.054853 0.291413
vt 0.047082 0.289470
vt 0.060682 0.294327
vt 0.048054 0.303069
vt 0.046111 0.297241
vt 0.034455 0.305012
vt 0.036397 0.314725
vt 0.053882 0.312783
vt 0.029598 0.302098
vt 0.026684 0.308897
vt 0.024741 0.305012
vt 0.022798 0.297241
vt 0.018913 0.300155
vt 0.012113 0.294327
vt 0.016970 0.291413
vt 0.073309 0.307926
vt 0.087880 0.295298
vt 0.062624 0.277813
vt 0.089823 0.269071
vt 0.069424 0.262271
vt 0.054853 0.249643
vt 0.030569 0.298212
vt 0.022798 0.291413
vt 0.037369 0.296269
vt 0.041254 0.292384
vt 0.032512 0.290441
vt 0.034455 0.287527
vt 0.022798 0.286556
vt 0.036397 0.277813
vt 0.023769 0.277813
vt 0.014056 0.285584
vt 0.013084 0.275871
vt 0.028626 0.268099
vt 0.015027 0.267128
vt 0.007256 0.286556
vt 0.006285 0.274899
vt 0.009199 0.264214
vt 0.014056 0.255472
vt 0.019884 0.245758
vt 0.024741 0.233130
vt 0.013084 0.275871
vt 0.020855 0.258386
vt 0.015027 0.267128
vt 0.028626 0.268099
vt 0.023769 0.277813
vt 0.014056 0.285584
vt 0.022798 0.286556
vt 0.036397 0.277813
vt 0.034455 0.287527
vt 0.022798 0.291413
vt 0.032512 0.290441
vt 0.041254 0.292384
vt 0.037369 0.296269
vt 0.030569 0.298212
vt 0.046111 0.297241
vt 0.029598 0.302098
vt 0.034455 0.305012
vt 0.048054 0.303069
vt 0.036397 0.314725
vt 0.053882 0.312783
vt 0.022798 0.297241
vt 0.016970 0.291413
vt 0.054853 0.291413
vt 0.060682 0.294327
vt 0.073309 0.307926
vt 0.087880 0.295298
vt 0.062624 0.277813
vt 0.089823 0.269071
vt 0.069424 0.262271
vt 0.057768 0.279756
vt 0.048054 0.277813
vt 0.049025 0.267128
vt 0.042226 0.268099
vt 0.047082 0.289470
vt 0.050968 0.259357
vt 0.036397 0.261300
vt 0.038340 0.252558
vt 0.025712 0.247701
vt 0.041254 0.241873
vt 0.032512 0.236044
vt 0.054853 0.249643
vt 0.046111 0.230216
vt 0.037369 0.225359
vt 0.052911 0.218560
vt 0.044168 0.211760
vt 0.061653 0.210789
vt 0.050968 0.202046
vt 0.069424 0.218560
vt 0.061653 0.225359
vt 0.056796 0.234102
vt 0.070395 0.229245
vt 0.075252 0.226331
vt 0.063596 0.233130
vt 0.065539 0.233130
vt 0.064567 0.235073
vt 0.066510 0.237987
vt 0.061653 0.236044
vt 0.059710 0.240901
vt 0.078166 0.240901
vt 0.068453 0.234102
vt 0.077195 0.236044
vt 0.089823 0.236044
vt 0.088851 0.238958
vt 0.101479 0.236044
vt 0.100508 0.233130
vt 0.074281 0.245758
vt 0.089823 0.247701
vt 0.109250 0.244787
vt 0.115079 0.231187
vt 0.126735 0.239930
vt 0.122850 0.225359
vt 0.109250 0.266157
vt 0.133535 0.259357
vt 0.111193 0.295298
vt 0.134506 0.290441
vt 0.111193 0.319582
vt 0.131592 0.320554
vt 0.166561 0.255472
vt 0.165590 0.288498
vt 0.200559 0.292384
vt 0.205416 0.256443
vt 0.253985 0.288498
vt 0.253013 0.252558
vt 0.249128 0.308897
vt 0.223872 0.333182
vt 0.188903 0.328325
vt 0.199588 0.357466
vt 0.214159 0.366208
vt 0.247185 0.335124
vt 0.168504 0.353580
vt 0.140334 0.375922
vt 0.161704 0.387578
vt 0.253985 0.316668
vt 0.235529 0.377865
vt 0.292840 0.331239
vt 0.279241 0.306955
vt 0.286040 0.260329
vt 0.326838 0.301126
vt 0.350151 0.346781
vt 0.372492 0.319582
vt 0.349179 0.266157
vt 0.309353 0.232159
vt 0.293811 0.221474
vt 0.312267 0.185533
vt 0.252042 0.230216
vt 0.251071 0.180676
vt 0.400662 0.372036
vt 0.388034 0.396321
vt 0.350151 0.346781
vt 0.372492 0.319582
vt 0.326838 0.301126
vt 0.292840 0.331239
vt 0.279241 0.306955
vt 0.253985 0.316668
vt 0.286040 0.260329
vt 0.349179 0.266157
vt 0.309353 0.232159
vt 0.293811 0.221474
vt 0.312267 0.185533
vt 0.418147 0.344838
vt 0.247185 0.335124
vt 0.223872 0.333182
vt 0.214159 0.366208
vt 0.199588 0.357466
vt 0.188903 0.328325
vt 0.200559 0.292384
vt 0.168504 0.353580
vt 0.140334 0.375922
vt 0.161704 0.387578
vt 0.249128 0.308897
vt 0.235529 0.377865
vt 0.203473 0.394378
vt 0.284097 0.365237
vt 0.229701 0.410891
vt 0.178218 0.421576
vt 0.276327 0.407006
vt 0.320038 0.411863
vt 0.335580 0.372036
vt 0.374435 0.431290
vt 0.174332 0.398264
vt 0.151991 0.418662
vt 0.141306 0.412834
vt 0.166561 0.438090
vt 0.138391 0.436147
vt 0.150048 0.446832
vt 0.183075 0.460431
vt 0.177246 0.483744
vt 0.185017 0.478888
vt 0.126735 0.428376
vt 0.100508 0.397292
vt 0.083995 0.410891
vt 0.077195 0.391464
vt 0.064567 0.401178
vt 0.092737 0.382722
vt 0.117021 0.388550
vt 0.117993 0.367180
vt 0.083995 0.374951
vt 0.070395 0.381750
vt 0.079138 0.369122
vt 0.062624 0.372036
vt 0.054853 0.362323
vt 0.071367 0.359409
vt 0.048054 0.353580
vt 0.065539 0.349695
vt 0.059710 0.336096
vt 0.043197 0.340952
vt 0.093708 0.352609
vt 0.105365 0.360380
vt 0.039311 0.357466
vt 0.035426 0.341924
vt 0.035426 0.339010
vt 0.042226 0.336096
vt 0.058739 0.333182
vt 0.046111 0.376893
vt 0.044168 0.367180
vt 0.076224 0.338038
vt 0.083023 0.345809
vt 0.083023 0.332210
vt 0.074281 0.333182
vt 0.074281 0.330267
vt 0.094680 0.333182
vt 0.096622 0.320554
vt 0.082052 0.324439
vt 0.111193 0.319582
vt 0.106336 0.336096
vt 0.073309 0.329296
vt 0.059710 0.321525
vt 0.058739 0.333182
vt 0.058739 0.330267
vt 0.040283 0.332210
vt 0.037369 0.319582
vt 0.042226 0.336096
vt 0.034455 0.337067
vt 0.028626 0.323468
vt 0.035426 0.339010
vt 0.028626 0.316668
vt 0.111193 0.295298
vt 0.109250 0.266157
vt 0.133535 0.259357
vt 0.134506 0.290441
vt 0.131592 0.320554
vt 0.126735 0.239930
vt 0.122850 0.225359
vt 0.108279 0.213703
vt 0.165590 0.288498
vt 0.253985 0.288498
vt 0.087880 0.205932
vt 0.074281 0.208846
vt 0.089823 0.216617
vt 0.079138 0.217588
vt 0.088851 0.223416
vt 0.104393 0.219531
vt 0.099537 0.228273
vt 0.103422 0.230216
vt 0.082052 0.225359
vt 0.155876 0.323468
vt 0.140334 0.345809
vt 0.120907 0.340952
vt 0.215130 0.732416
vt 0.191817 0.689676
vt 0.216101 0.683847
vt 0.234557 0.721731
vt 0.256899 0.674133
vt 0.279241 0.701332
vt 0.321010 0.676076
vt 0.290897 0.629450
vt 0.327809 0.613908
vt 0.284097 0.577968
vt 0.282155 0.542027
vt 0.321981 0.554655
vt 0.197645 0.649849
vt 0.176275 0.653735
vt 0.227758 0.643050
vt 0.238443 0.617794
vt 0.316153 0.509971
vt 0.277298 0.509000
vt 0.316153 0.484716
vt 0.276327 0.483744
vt 0.220958 0.490544
vt 0.222901 0.516771
vt 0.202502 0.611966
vt 0.236500 0.586710
vt 0.228729 0.549798
vt 0.194731 0.522599
vt 0.197645 0.554655
vt 0.179189 0.527456
vt 0.210273 0.581853
vt 0.193760 0.496372
vt 0.170447 0.507057
vt 0.166561 0.524542
vt 0.158790 0.511914
vt 0.174332 0.611966
vt 0.159762 0.625565
vt 0.185989 0.602252
vt 0.250099 0.431290
vt 0.242328 0.464317
vt 0.269527 0.463345
vt 0.233586 0.431290
vt 0.270498 0.431290
vt 0.213187 0.430319
vt 0.212216 0.463345
vt 0.242328 0.464317
vt 0.233586 0.431290
vt 0.250099 0.431290
vt 0.269527 0.463345
vt 0.270498 0.431290
vt 0.359865 0.446832
vt 0.351122 0.477916
vt 0.378321 0.480830
vt 0.343351 0.444889
vt 0.380263 0.445861
vt 0.322952 0.443918
vt 0.321981 0.475973
vt 0.351122 0.477916
vt 0.343351 0.444889
vt 0.359865 0.446832
vt 0.378321 0.480830
vt 0.380263 0.445861
vt 0.293811 0.464317
vt 0.294782 0.430319
vt 0.270498 0.431290
vt 0.269527 0.463345
vt 0.402605 0.480830
vt 0.404548 0.445861
vt 0.380263 0.445861
vt 0.378321 0.480830
vt 0.190846 0.014571
vt 0.144220 0.015543
vt 0.189874 0.024285
vt 0.184046 0.040798
vt 0.143248 0.003886
vt 0.185017 0.003886
vt 0.144220 0.044684
vt 0.120907 0.004857
vt 0.116050 0.023314
vt 0.098565 0.035941
vt 0.098565 0.003886
vt 0.050968 0.027199
vt 0.051939 0.033999
vt 0.052911 0.004857
vt 0.052911 0.041770
vt 0.014056 0.037884
vt 0.029598 0.031084
vt 0.010170 0.030113
vt 0.024741 0.028170
vt 0.006285 0.017485
vt 0.017941 0.019428
vt 0.005313 0.003886
vt 0.019884 0.003886
vt 0.017941 0.019428
vt 0.006285 0.017485
vt 0.024741 0.028170
vt 0.010170 0.030113
vt 0.029598 0.031084
vt 0.014056 0.037884
vt 0.051939 0.033999
vt 0.052911 0.041770
vt 0.098565 0.035941
vt 0.050968 0.027199
vt 0.116050 0.023314
vt 0.144220 0.015543
vt 0.190846 0.014571
vt 0.189874 0.024285
vt 0.184046 0.040798
vt 0.144220 0.044684
vt 0.059710 0.240901
vt 0.074281 0.245758
vt 0.089823 0.247701
vt 0.078166 0.240901
vt 0.066510 0.237987
vt 0.068453 0.234102
vt 0.077195 0.236044
vt 0.089823 0.236044
vt 0.088851 0.238958
vt 0.101479 0.236044
vt 0.100508 0.233130
vt 0.109250 0.244787
vt 0.115079 0.231187
vt 0.065539 0.233130
vt 0.064567 0.235073
vt 0.061653 0.236044
vt 0.063596 0.233130
vt 0.070395 0.229245
vt 0.061653 0.225359
vt 0.069424 0.218560
vt 0.075252 0.226331
vt 0.056796 0.234102
vt 0.054853 0.390493
vt 0.070395 0.381750
vt 0.077195 0.391464
vt 0.100508 0.397292
vt 0.141306 0.412834
vt 0.092737 0.382722
vt 0.117021 0.388550
vt 0.117993 0.367180
vt 0.083995 0.374951
vt 0.079138 0.369122
vt 0.062624 0.372036
vt 0.054853 0.362323
vt 0.071367 0.359409
vt 0.048054 0.353580
vt 0.065539 0.349695
vt 0.059710 0.336096
vt 0.043197 0.340952
vt 0.042226 0.336096
vt 0.093708 0.352609
vt 0.105365 0.360380
vt 0.076224 0.338038
vt 0.083023 0.345809
vt 0.083023 0.332210
vt 0.074281 0.333182
vt 0.058739 0.333182
vt 0.094680 0.333182
vt 0.096622 0.320554
vt 0.082052 0.324439
vt 0.106336 0.336096
vt 0.073309 0.329296
vt 0.059710 0.321525
vt 0.037369 0.319582
vt 0.040283 0.332210
vt 0.058739 0.330267
vt 0.058739 0.333182
vt 0.042226 0.336096
vt 0.074281 0.330267
vt 0.120907 0.340952
vt 0.140334 0.345809
vt 0.155876 0.323468
vt 0.151991 0.418662
vt 0.174332 0.398264
vt 0.203473 0.394378
vt 0.229701 0.410891
vt 0.178218 0.421576
vt 0.284097 0.365237
vt 0.166561 0.438090
vt 0.276327 0.407006
vt 0.320038 0.411863
vt 0.335580 0.372036
vt 0.183075 0.460431
vt 0.185017 0.478888
vt 0.234557 0.026228
vt 0.225815 0.067025
vt 0.252042 0.047598
vt 0.244271 0.017485
vt 0.272441 0.045655
vt 0.248157 0.089367
vt 0.260785 0.078682
vt 0.214159 0.026228
vt 0.187931 0.056340
vt 0.204445 0.078682
vt 0.208330 0.008743
vt 0.270498 0.003886
vt 0.232615 0.101995
vt 0.246214 0.119479
vt 0.266613 0.099081
vt 0.291868 0.106852
vt 0.270498 0.431290
vt 0.294782 0.430319
vt 0.293811 0.464317
vt 0.269527 0.463345
vt 0.380263 0.445861
vt 0.404548 0.445861
vt 0.402605 0.480830
vt 0.378321 0.480830
vt 0.108279 0.213703
vt 0.114107 0.195247
vt 0.138391 0.214674
vt 0.083995 0.195247
vt 0.087880 0.205932
vt 0.074281 0.208846
vt 0.089823 0.216617
vt 0.079138 0.217588
vt 0.088851 0.223416
vt 0.104393 0.219531
vt 0.099537 0.228273
vt 0.103422 0.230216
vt 0.082052 0.225359
vt 0.225815 0.067025
vt 0.234557 0.026228
vt 0.252042 0.047598
vt 0.244271 0.017485
vt 0.272441 0.045655
vt 0.248157 0.089367
vt 0.260785 0.078682
vt 0.214159 0.026228
vt 0.187931 0.056340
vt 0.204445 0.078682
vt 0.208330 0.008743
vt 0.270498 0.003886
vt 0.232615 0.101995
vt 0.246214 0.119479
vt 0.266613 0.099081
vt 0.291868 0.106852
vt 0.061653 0.706189
vt 0.035426 0.702303
vt 0.033483 0.716874
vt 0.057768 0.716874
vt 0.079138 0.711046
vt 0.083995 0.720759
vt 0.013084 0.717845
vt 0.015998 0.706189
vt 0.046111 0.700360
vt 0.091766 0.710074
vt 0.072338 0.700360
vt 0.092737 0.701332
vt 0.073309 0.683847
vt 0.042226 0.686761
vt 0.058739 0.660534
vt 0.077195 0.662477
vt 0.064567 0.646935
vt 0.079138 0.646935
vt 0.117021 0.707160
vt 0.093708 0.721731
vt 0.110222 0.715903
vt 0.117021 0.701332
vt 0.058739 0.640135
vt 0.067481 0.640135
vt 0.073309 0.636250
vt 0.072338 0.626536
vt 0.045140 0.634307
vt 0.042226 0.647906
vt 0.034455 0.670248
vt 0.016970 0.694532
vt 0.011142 0.679962
vt 0.026684 0.658592
vt 0.016970 0.644992
vt 0.037369 0.630422
vt 0.055825 0.614880
vt 0.047082 0.613908
vt 0.002399 0.656649
vt 0.066510 0.620708
vt 0.073309 0.622651
vt 0.049997 0.610023
vt 0.002399 0.809154
vt 0.018913 0.819839
vt 0.022798 0.807212
vt 0.005313 0.800412
vt 0.026684 0.790698
vt 0.038340 0.816925
vt 0.043197 0.799441
vt 0.045140 0.819839
vt 0.043197 0.832467
vt 0.068453 0.825668
vt 0.064567 0.836353
vt 0.049997 0.808183
vt 0.072338 0.814983
vt 0.061653 0.805269
vt 0.051939 0.791670
vt 0.062624 0.799441
vt 0.075252 0.796527
vt 0.064567 0.789727
vt 0.097594 0.791670
vt 0.087880 0.783899
vt 0.101479 0.780013
vt 0.117993 0.800412
vt 0.118964 0.789727
vt 0.128678 0.780985
vt 0.112164 0.770299
vt 0.102451 0.769328
vt 0.106336 0.760586
vt 0.129649 0.754758
vt 0.138391 0.761557
vt 0.094680 0.767385
vt 0.093708 0.753786
vt 0.102451 0.747958
vt 0.099537 0.741158
vt 0.091766 0.740187
vt 0.096622 0.730473
vt 0.119935 0.720759
vt 0.117021 0.731444
vt 0.126735 0.736301
vt 0.120907 0.721731
vt 0.104393 0.726588
vt 0.119935 0.719788
vt 0.134506 0.752815
vt 0.124792 0.728530
vt 0.117993 0.712017
vt 0.130620 0.743101
vt 0.107308 0.744072
vt 0.127706 0.736301
vt 0.049997 0.783899
vt 0.054853 0.774185
vt 0.032512 0.777099
vt 0.064567 0.784870
vt 0.084966 0.781956
vt 0.087880 0.765443
vt 0.055825 0.747958
vt 0.034455 0.746015
vt 0.033483 0.724645
vt 0.015998 0.726588
vt 0.013084 0.744072
vt 0.034455 0.769328
vt 0.055825 0.724645
vt 0.086909 0.742130
vt 0.081080 0.727559
vt 0.086909 0.753786
vt 0.012113 0.764471
vt 0.084966 0.781956
vt 0.064567 0.784870
vt 0.064567 0.789727
vt 0.087880 0.783899
vt 0.049997 0.783899
vt 0.051939 0.791670
vt 0.013084 0.744072
vt 0.015998 0.726588
vt 0.007256 0.743101
vt 0.012113 0.764471
vt 0.007256 0.767385
vt 0.013084 0.719788
vt 0.090794 0.740187
vt 0.083995 0.722702
vt 0.081080 0.727559
vt 0.086909 0.742130
vt 0.086909 0.753786
vt 0.091766 0.753786
vt 0.087880 0.765443
vt 0.092737 0.767385
vt 0.087880 0.783899
vt 0.084966 0.781956
vt 0.098565 0.639164
vt 0.099537 0.633336
vt 0.080109 0.634307
vt 0.119935 0.639164
vt 0.119935 0.632365
vt 0.119935 0.650821
vt 0.098565 0.653735
vt 0.119935 0.655677
vt 0.101479 0.656649
vt 0.099537 0.659563
vt 0.120907 0.657620
vt 0.120907 0.664420
vt 0.119935 0.672191
vt 0.099537 0.669277
vt 0.091766 0.671219
vt 0.096622 0.687733
vt 0.095651 0.692590
vt 0.117021 0.694532
vt 0.117993 0.689676
vt 0.096622 0.687733
vt 0.119935 0.688704
vt 0.119935 0.679962
vt 0.120907 0.674133
vt 0.098565 0.671219
vt 0.076224 0.603223
vt 0.070395 0.598366
vt 0.068453 0.601281
vt 0.063596 0.597395
vt 0.065539 0.602252
vt 0.070395 0.604195
vt 0.062624 0.605166
vt 0.058739 0.598366
vt 0.052911 0.607109
vt 0.058739 0.612937
vt 0.070395 0.608080
vt 0.078166 0.608080
vt 0.074281 0.618765
vt 0.066510 0.616822
vt 0.086909 0.838296
vt 0.088851 0.830525
vt 0.076224 0.827610
vt 0.075252 0.837324
vt 0.079138 0.819839
vt 0.089823 0.821782
vt 0.094680 0.837324
vt 0.098565 0.833439
vt 0.097594 0.827610
vt 0.148105 0.632365
vt 0.136449 0.630422
vt 0.136449 0.635279
vt 0.144220 0.634307
vt 0.144220 0.640135
vt 0.148105 0.637221
vt 0.137420 0.642078
vt 0.148105 0.644992
vt 0.138391 0.647906
vt 0.152962 0.638193
vt 0.125764 0.637221
vt 0.124792 0.631393
vt 0.127706 0.649849
vt 0.125764 0.643050
vt 0.150048 0.813040
vt 0.154905 0.811097
vt 0.151991 0.808183
vt 0.132563 0.805269
vt 0.136449 0.799441
vt 0.154905 0.803326
vt 0.140334 0.791670
vt 0.132563 0.797498
vt 0.130620 0.784870
vt 0.125764 0.792641
vt 0.122850 0.799441
vt 0.140334 0.650821
vt 0.139363 0.657620
vt 0.148105 0.657620
vt 0.152962 0.653735
vt 0.148105 0.663448
vt 0.153933 0.659563
vt 0.139363 0.664420
vt 0.140334 0.670248
vt 0.153933 0.667334
vt 0.158790 0.659563
vt 0.126735 0.657620
vt 0.127706 0.651792
vt 0.128678 0.672191
vt 0.127706 0.665391
vt 0.170447 0.754758
vt 0.166561 0.755729
vt 0.170447 0.762528
vt 0.152962 0.772242
vt 0.149077 0.762528
vt 0.163647 0.747958
vt 0.184046 0.747958
vt 0.181132 0.742130
vt 0.190846 0.745044
vt 0.186960 0.753786
vt 0.145191 0.754758
vt 0.146162 0.707160
vt 0.149077 0.713960
vt 0.162676 0.712017
vt 0.157819 0.706189
vt 0.145191 0.701332
vt 0.155876 0.700360
vt 0.162676 0.705217
vt 0.153933 0.721731
vt 0.164619 0.717845
vt 0.153933 0.729502
vt 0.167533 0.723674
vt 0.173361 0.714931
vt 0.146162 0.693561
vt 0.160733 0.696475
vt 0.161704 0.700360
vt 0.167533 0.703275
vt 0.133535 0.715903
vt 0.132563 0.709103
vt 0.131592 0.701332
vt 0.130620 0.693561
vt 0.150048 0.722702
vt 0.138391 0.735330
vt 0.136449 0.726588
vt 0.073309 0.827610
vt 0.070395 0.836353
vt 0.076224 0.817897
vt 0.519170 0.334153
vt 0.523055 0.317640
vt 0.535683 0.320554
vt 0.534712 0.340952
vt 0.520141 0.343867
vt 0.535683 0.352609
vt 0.525969 0.352609
vt 0.530826 0.368151
vt 0.560939 0.319582
vt 0.561910 0.342895
vt 0.561910 0.364266
vt 0.538597 0.368151
vt 0.532769 0.384664
vt 0.593965 0.336096
vt 0.542483 0.387578
vt 0.528884 0.397292
vt 0.540540 0.407006
vt 0.565796 0.386607
vt 0.562882 0.407006
vt 0.562882 0.420605
vt 0.538597 0.421576
vt 0.525969 0.413806
vt 0.524027 0.419634
vt 0.526941 0.441975
vt 0.540540 0.440033
vt 0.563853 0.441004
vt 0.597851 0.417691
vt 0.522084 0.387578
vt 0.522084 0.369122
vt 0.518198 0.352609
vt 0.008227 0.780013
vt 0.007256 0.767385
vt 0.029598 0.780985
vt 0.007256 0.767385
vt 0.029598 0.780985
vt 0.032512 0.777099
vt 0.012113 0.764471
vt 0.051939 0.791670
vt 0.049997 0.783899
vt 0.033483 0.718817
vt 0.033483 0.724645
vt 0.055825 0.724645
vt 0.057768 0.718817
vt 0.013084 0.719788
vt 0.015998 0.726588
vt 0.081080 0.727559
vt 0.083995 0.722702
vt 0.158790 0.688704
vt 0.152962 0.684819
vt 0.144220 0.685790
vt 0.145191 0.691618
vt 0.151991 0.678990
vt 0.157819 0.680933
vt 0.162676 0.680933
vt 0.157819 0.675105
vt 0.145191 0.671219
vt 0.144220 0.678990
vt 0.130620 0.693561
vt 0.129649 0.686761
vt 0.129649 0.679962
vt 0.128678 0.672191
vt 0.179189 0.738244
vt 0.183075 0.729502
vt 0.176275 0.732416
vt 0.174332 0.725616
vt 0.162676 0.737273
vt 0.156848 0.731444
vt 0.162676 0.746015
vt 0.157819 0.739215
vt 0.145191 0.753786
vt 0.141306 0.745044
vt 0.138391 0.736301
vt 0.096622 0.687733
vt 0.095651 0.692590
vt 0.096622 0.687733
vt 0.122850 0.792641
vt 0.033483 0.716874
vt 0.035426 0.702303
vt 0.061653 0.706189
vt 0.057768 0.716874
vt 0.079138 0.711046
vt 0.083995 0.720759
vt 0.013084 0.717845
vt 0.015998 0.706189
vt 0.046111 0.700360
vt 0.091766 0.710074
vt 0.072338 0.700360
vt 0.092737 0.701332
vt 0.073309 0.683847
vt 0.042226 0.686761
vt 0.058739 0.660534
vt 0.077195 0.662477
vt 0.064567 0.646935
vt 0.079138 0.646935
vt 0.117021 0.707160
vt 0.093708 0.721731
vt 0.110222 0.715903
vt 0.117021 0.701332
vt 0.058739 0.640135
vt 0.067481 0.640135
vt 0.073309 0.636250
vt 0.072338 0.626536
vt 0.045140 0.634307
vt 0.042226 0.647906
vt 0.034455 0.670248
vt 0.016970 0.694532
vt 0.011142 0.679962
vt 0.026684 0.658592
vt 0.016970 0.644992
vt 0.037369 0.630422
vt 0.055825 0.614880
vt 0.047082 0.613908
vt 0.002399 0.656649
vt 0.066510 0.620708
vt 0.073309 0.622651
vt 0.049997 0.610023
vt 0.022798 0.807212
vt 0.018913 0.819839
vt 0.002399 0.809154
vt 0.005313 0.800412
vt 0.026684 0.790698
vt 0.038340 0.816925
vt 0.043197 0.799441
vt 0.045140 0.819839
vt 0.043197 0.832467
vt 0.068453 0.825668
vt 0.064567 0.836353
vt 0.049997 0.808183
vt 0.072338 0.814983
vt 0.061653 0.805269
vt 0.051939 0.791670
vt 0.062624 0.799441
vt 0.075252 0.796527
vt 0.064567 0.789727
vt 0.097594 0.791670
vt 0.087880 0.783899
vt 0.101479 0.780013
vt 0.117993 0.800412
vt 0.118964 0.789727
vt 0.128678 0.780985
vt 0.112164 0.770299
vt 0.102451 0.769328
vt 0.106336 0.760586
vt 0.129649 0.754758
vt 0.138391 0.761557
vt 0.094680 0.767385
vt 0.093708 0.753786
vt 0.102451 0.747958
vt 0.099537 0.741158
vt 0.091766 0.740187
vt 0.096622 0.730473
vt 0.119935 0.720759
vt 0.117021 0.731444
vt 0.126735 0.736301
vt 0.120907 0.721731
vt 0.104393 0.726588
vt 0.119935 0.719788
vt 0.134506 0.752815
vt 0.130620 0.743101
vt 0.107308 0.744072
vt 0.127706 0.736301
vt 0.124792 0.728530
vt 0.117993 0.712017
vt 0.049997 0.783899
vt 0.032512 0.777099
vt 0.054853 0.774185
vt 0.064567 0.784870
vt 0.084966 0.781956
vt 0.087880 0.765443
vt 0.055825 0.747958
vt 0.034455 0.746015
vt 0.033483 0.724645
vt 0.015998 0.726588
vt 0.013084 0.744072
vt 0.034455 0.769328
vt 0.055825 0.724645
vt 0.086909 0.742130
vt 0.081080 0.727559
vt 0.086909 0.753786
vt 0.012113 0.764471
vt 0.064567 0.789727
vt 0.064567 0.784870
vt 0.084966 0.781956
vt 0.087880 0.783899
vt 0.049997 0.783899
vt 0.051939 0.791670
vt 0.013084 0.744072
vt 0.007256 0.743101
vt 0.015998 0.726588
vt 0.012113 0.764471
vt 0.007256 0.767385
vt 0.013084 0.719788
vt 0.081080 0.727559
vt 0.083995 0.722702
vt 0.090794 0.740187
vt 0.086909 0.742130
vt 0.086909 0.753786
vt 0.091766 0.753786
vt 0.087880 0.765443
vt 0.092737 0.767385
vt 0.087880 0.783899
vt 0.084966 0.781956
vt 0.098565 0.639164
vt 0.080109 0.634307
vt 0.099537 0.633336
vt 0.119935 0.639164
vt 0.119935 0.632365
vt 0.119935 0.650821
vt 0.098565 0.653735
vt 0.119935 0.655677
vt 0.101479 0.656649
vt 0.099537 0.659563
vt 0.120907 0.657620
vt 0.120907 0.664420
vt 0.119935 0.672191
vt 0.099537 0.669277
vt 0.091766 0.671219
vt 0.096622 0.687733
vt 0.095651 0.692590
vt 0.117021 0.694532
vt 0.117993 0.689676
vt 0.096622 0.687733
vt 0.119935 0.688704
vt 0.119935 0.679962
vt 0.120907 0.674133
vt 0.098565 0.671219
vt 0.076224 0.603223
vt 0.068453 0.601281
vt 0.070395 0.598366
vt 0.063596 0.597395
vt 0.065539 0.602252
vt 0.070395 0.604195
vt 0.062624 0.605166
vt 0.058739 0.598366
vt 0.052911 0.607109
vt 0.058739 0.612937
vt 0.070395 0.608080
vt 0.078166 0.608080
vt 0.074281 0.618765
vt 0.066510 0.616822
vt 0.076224 0.827610
vt 0.088851 0.830525
vt 0.086909 0.838296
vt 0.075252 0.837324
vt 0.079138 0.819839
vt 0.089823 0.821782
vt 0.094680 0.837324
vt 0.098565 0.833439
vt 0.097594 0.827610
vt 0.136449 0.635279
vt 0.136449 0.630422
vt 0.148105 0.632365
vt 0.144220 0.634307
vt 0.144220 0.640135
vt 0.148105 0.637221
vt 0.137420 0.642078
vt 0.148105 0.644992
vt 0.138391 0.647906
vt 0.152962 0.638193
vt 0.125764 0.637221
vt 0.124792 0.631393
vt 0.127706 0.649849
vt 0.125764 0.643050
vt 0.150048 0.813040
vt 0.151991 0.808183
vt 0.154905 0.811097
vt 0.132563 0.805269
vt 0.136449 0.799441
vt 0.154905 0.803326
vt 0.140334 0.791670
vt 0.132563 0.797498
vt 0.130620 0.784870
vt 0.125764 0.792641
vt 0.122850 0.799441
vt 0.148105 0.657620
vt 0.139363 0.657620
vt 0.140334 0.650821
vt 0.152962 0.653735
vt 0.148105 0.663448
vt 0.153933 0.659563
vt 0.139363 0.664420
vt 0.140334 0.670248
vt 0.153933 0.667334
vt 0.158790 0.659563
vt 0.126735 0.657620
vt 0.127706 0.651792
vt 0.128678 0.672191
vt 0.127706 0.665391
vt 0.170447 0.754758
vt 0.170447 0.762528
vt 0.166561 0.755729
vt 0.152962 0.772242
vt 0.149077 0.762528
vt 0.163647 0.747958
vt 0.184046 0.747958
vt 0.181132 0.742130
vt 0.190846 0.745044
vt 0.186960 0.753786
vt 0.145191 0.754758
vt 0.162676 0.712017
vt 0.149077 0.713960
vt 0.146162 0.707160
vt 0.157819 0.706189
vt 0.145191 0.701332
vt 0.155876 0.700360
vt 0.162676 0.705217
vt 0.153933 0.721731
vt 0.164619 0.717845
vt 0.153933 0.729502
vt 0.167533 0.723674
vt 0.173361 0.714931
vt 0.146162 0.693561
vt 0.160733 0.696475
vt 0.161704 0.700360
vt 0.167533 0.703275
vt 0.133535 0.715903
vt 0.132563 0.709103
vt 0.131592 0.701332
vt 0.130620 0.693561
vt 0.150048 0.722702
vt 0.138391 0.735330
vt 0.136449 0.726588
vt 0.073309 0.827610
vt 0.070395 0.836353
vt 0.076224 0.817897
vt 0.535683 0.320554
vt 0.523055 0.317640
vt 0.519170 0.334153
vt 0.534712 0.340952
vt 0.520141 0.343867
vt 0.535683 0.352609
vt 0.525969 0.352609
vt 0.530826 0.368151
vt 0.560939 0.319582
vt 0.561910 0.342895
vt 0.561910 0.364266
vt 0.538597 0.368151
vt 0.532769 0.384664
vt 0.593965 0.336096
vt 0.542483 0.387578
vt 0.528884 0.397292
vt 0.540540 0.407006
vt 0.565796 0.386607
vt 0.562882 0.407006
vt 0.562882 0.420605
vt 0.538597 0.421576
vt 0.525969 0.413806
vt 0.524027 0.419634
vt 0.526941 0.441975
vt 0.540540 0.440033
vt 0.563853 0.441004
vt 0.597851 0.417691
vt 0.522084 0.387578
vt 0.522084 0.369122
vt 0.518198 0.352609
vt 0.008227 0.780013
vt 0.007256 0.767385
vt 0.029598 0.780985
vt 0.032512 0.777099
vt 0.029598 0.780985
vt 0.007256 0.767385
vt 0.012113 0.764471
vt 0.051939 0.791670
vt 0.049997 0.783899
vt 0.055825 0.724645
vt 0.033483 0.724645
vt 0.033483 0.718817
vt 0.057768 0.718817
vt 0.013084 0.719788
vt 0.015998 0.726588
vt 0.081080 0.727559
vt 0.083995 0.722702
vt 0.144220 0.685790
vt 0.152962 0.684819
vt 0.158790 0.688704
vt 0.145191 0.691618
vt 0.151991 0.678990
vt 0.157819 0.680933
vt 0.162676 0.680933
vt 0.157819 0.675105
vt 0.145191 0.671219
vt 0.144220 0.678990
vt 0.130620 0.693561
vt 0.129649 0.686761
vt 0.129649 0.679962
vt 0.128678 0.672191
vt 0.179189 0.738244
vt 0.176275 0.732416
vt 0.183075 0.729502
vt 0.174332 0.725616
vt 0.162676 0.737273
vt 0.156848 0.731444
vt 0.162676 0.746015
vt 0.157819 0.739215
vt 0.145191 0.753786
vt 0.141306 0.745044
vt 0.138391 0.736301
vt 0.096622 0.687733
vt 0.096622 0.687733
vt 0.095651 0.692590
vt 0.122850 0.792641
vn 0.3768 0.1821 -0.9082
vn 0.6109 0.3058 -0.7302
vn 0.3963 0.0746 -0.9151
vn 0.5785 0.3901 -0.7163
vn 0.5617 0.4164 -0.7149
vn 0.3538 0.2405 -0.9039
vn -0.1281 -0.2173 -0.9677
vn -0.0545 -0.2996 -0.9525
vn -0.3234 -0.4183 -0.8488
vn -0.4008 -0.3646 -0.8405
vn -0.4277 -0.3258 -0.8432
vn -0.1708 -0.1458 -0.9745
vn -0.4480 -0.4760 0.7568
vn -0.4977 -0.4713 0.7281
vn -0.5021 -0.4553 0.7352
vn -0.4441 -0.4655 0.7655
vn -0.5467 -0.4293 0.7189
vn -0.5488 -0.4327 0.7153
vn 0.7119 0.4036 0.5747
vn 0.7313 0.3770 0.5683
vn 0.7105 0.4175 0.5665
vn 0.7231 0.5067 0.4695
vn 0.7284 0.5185 0.4479
vn 0.6153 -0.7879 0.0252
vn 0.5618 -0.8265 -0.0349
vn 0.5655 -0.8246 -0.0146
vn 0.6136 -0.7889 0.0335
vn 0.6539 -0.7564 0.0178
vn 0.6646 -0.7471 0.0086
vn 0.7152 -0.6980 -0.0361
vn 0.7326 -0.6787 -0.0524
vn -0.6537 0.7564 0.0214
vn -0.5994 0.7958 0.0856
vn -0.6094 0.7894 0.0743
vn -0.6596 0.7515 0.0125
vn -0.6723 0.7402 -0.0116
vn -0.6726 0.7400 -0.0076
vn -0.6950 0.7178 0.0417
vn -0.6990 0.7124 0.0623
vn 0.3374 0.3167 0.8865
vn 0.3311 0.3254 0.8857
vn -0.0223 -0.0298 0.9993
vn 0.3351 0.3904 0.8575
vn 0.2211 0.1032 0.9698
vn 0.3834 0.3005 0.8733
vn -0.2903 -0.2696 0.9182
vn -0.4386 -0.3045 0.8455
vn -0.4345 -0.3245 0.8402
vn -0.5239 -0.3058 0.7950
vn -0.4323 -0.3030 0.8493
vn -0.2363 -0.1260 -0.9635
vn -0.5051 -0.2587 -0.8234
vn -0.2450 -0.0569 -0.9679
vn -0.4826 -0.3082 -0.8198
vn -0.4292 -0.3435 -0.8353
vn -0.1820 -0.1830 -0.9661
vn 0.2987 0.3177 -0.8999
vn 0.2826 0.3367 -0.8982
vn 0.5260 0.5277 -0.6669
vn 0.5152 0.5191 -0.6820
vn 0.5325 0.4777 -0.6987
vn 0.2955 0.2452 -0.9233
vn -0.5462 -0.2585 0.7968
vn -0.4943 -0.1814 0.8502
vn -0.5022 -0.1884 0.8440
vn -0.5556 -0.2593 0.7899
vn -0.5751 -0.3207 0.7526
vn -0.5820 -0.3307 0.7429
vn -0.6809 0.7320 0.0246
vn -0.6042 0.7897 0.1061
vn -0.6152 0.7840 0.0831
vn -0.6905 0.7232 0.0143
vn -0.5901 0.7545 0.2873
vn -0.5860 0.7568 0.2895
vn -0.5751 0.8049 0.1460
vn -0.5629 0.8179 0.1187
vn 0.5475 0.5710 0.6118
vn 0.5781 0.5787 0.5752
vn 0.5738 0.5664 0.5916
vn 0.5463 0.5676 0.6159
vn 0.6104 0.6287 0.4819
vn 0.6124 0.6508 0.4489
vn 0.6542 -0.7563 -0.0104
vn 0.6854 -0.7282 -0.0015
vn 0.6787 -0.7344 0.0015
vn 0.6589 -0.7522 -0.0021
vn 0.6063 -0.7925 -0.0664
vn 0.5957 -0.7993 -0.0788
vn 0.7305 -0.6827 -0.0182
vn 0.7420 -0.6698 -0.0300
vn 0.5267 0.3126 0.7905
vn 0.4001 0.3059 0.8639
vn 0.3103 0.1154 0.9436
vn -0.0525 0.0485 0.9974
vn 0.1621 0.3032 0.9391
vn -0.3448 -0.3396 0.8751
vn -0.4623 -0.4009 0.7909
vn -0.3758 -0.2278 0.8983
vn -0.3682 -0.4146 0.8322
vn -0.5545 -0.5986 0.5781
vn 0.3727 0.2689 0.8881
vn -0.2051 0.1733 0.9633
vn -0.6103 0.3059 -0.7307
vn -0.3737 0.1922 -0.9074
vn -0.3962 0.0745 -0.9151
vn -0.5646 0.4051 -0.7191
vn -0.5380 0.4424 -0.7175
vn -0.3340 0.2501 -0.9088
vn 0.1206 -0.2192 -0.9682
vn 0.0546 -0.2997 -0.9525
vn 0.3236 -0.4180 -0.8489
vn 0.3920 -0.3763 -0.8395
vn 0.4111 -0.3472 -0.8429
vn 0.1707 -0.1595 -0.9723
vn 0.4923 -0.4725 0.7311
vn 0.4890 -0.4866 0.7240
vn 0.4486 -0.4762 0.7563
vn 0.4445 -0.4652 0.7655
vn 0.5261 -0.4590 0.7159
vn 0.5277 -0.4621 0.7127
vn -0.7309 0.3777 0.5685
vn -0.7005 0.4185 0.5781
vn -0.6966 0.4358 0.5699
vn -0.6945 0.5419 0.4734
vn -0.6995 0.5547 0.4505
vn -0.5638 -0.8257 -0.0192
vn -0.5600 -0.8275 -0.0401
vn -0.6147 -0.7884 0.0220
vn -0.6132 -0.7894 0.0304
vn -0.6544 -0.7560 0.0154
vn -0.6651 -0.7467 0.0066
vn -0.7150 -0.6981 -0.0370
vn -0.7320 -0.6792 -0.0529
vn 0.6119 0.7877 0.0707
vn 0.6023 0.7941 0.0817
vn 0.6539 0.7563 0.0194
vn 0.6597 0.7514 0.0107
vn 0.6717 0.7407 -0.0131
vn 0.6721 0.7404 -0.0091
vn 0.6945 0.7184 0.0392
vn 0.6985 0.7132 0.0594
vn -0.3312 0.3257 0.8856
vn -0.3295 0.3260 0.8861
vn 0.0261 -0.0353 0.9990
vn -0.3351 0.3910 0.8572
vn -0.2183 0.1197 0.9685
vn -0.3668 0.3194 0.8737
vn 0.2727 -0.2831 0.9195
vn 0.4289 -0.3158 0.8463
vn 0.4340 -0.3249 0.8403
vn 0.5235 -0.3063 0.7950
vn 0.4151 -0.3236 0.8503
vn 0.5051 -0.2586 -0.8234
vn 0.2373 -0.1177 -0.9643
vn 0.2449 -0.0565 -0.9679
vn 0.4920 -0.2970 -0.8184
vn 0.4444 -0.3231 -0.8355
vn 0.1986 -0.1765 -0.9641
vn -0.3116 0.3106 -0.8980
vn -0.2826 0.3367 -0.8982
vn -0.5260 0.5277 -0.6669
vn -0.5333 0.4980 -0.6838
vn -0.5632 0.4399 -0.6996
vn -0.3025 0.2227 -0.9268
vn 0.5019 -0.1888 0.8440
vn 0.4940 -0.1817 0.8502
vn 0.5494 -0.2465 0.7984
vn 0.5580 -0.2511 0.7910
vn 0.5873 -0.3022 0.7508
vn 0.5947 -0.3114 0.7412
vn 0.6149 0.7842 0.0830
vn 0.6035 0.7903 0.1061
vn 0.6805 0.7324 0.0238
vn 0.6902 0.7235 0.0135
vn 0.5901 0.7545 0.2873
vn 0.5860 0.7568 0.2895
vn 0.5751 0.8049 0.1460
vn 0.5629 0.8179 0.1187
vn -0.5932 0.5478 0.5899
vn -0.6007 0.5555 0.5749
vn -0.5475 0.5710 0.6118
vn -0.5463 0.5676 0.6159
vn -0.6597 0.5831 0.4741
vn -0.6637 0.6010 0.4454
vn -0.6787 -0.7345 0.0016
vn -0.6853 -0.7282 -0.0016
vn -0.6542 -0.7563 -0.0093
vn -0.6594 -0.7518 -0.0003
vn -0.6050 -0.7933 -0.0681
vn -0.5938 -0.8005 -0.0812
vn -0.7305 -0.6827 -0.0183
vn -0.7420 -0.6698 -0.0300
vn -0.4098 0.2950 0.8632
vn -0.5257 0.3126 0.7911
vn -0.3100 0.1155 0.9437
vn 0.0505 0.0333 0.9982
vn -0.1824 0.2753 0.9439
vn 0.3448 -0.3396 0.8751
vn 0.4798 -0.3837 0.7890
vn 0.3846 -0.1930 0.9027
vn 0.4009 -0.3820 0.8327
vn 0.5545 -0.5986 0.5781
vn -0.3878 0.2504 0.8871
vn 0.2050 0.1733 0.9633
vn -0.6947 -0.4152 0.5874
vn 0.0033 0.1383 0.9904
vn 0.0949 -0.0572 0.9938
vn -0.6211 -0.5562 0.5522
vn 0.7333 0.3723 0.5690
vn 0.5598 0.5822 0.5895
vn 0.8055 0.4179 -0.4201
vn 0.7107 0.5482 -0.4408
vn -0.0722 0.2217 0.9725
vn 0.5197 0.6906 0.5029
vn 0.6771 0.5691 0.4666
vn 0.0141 0.0993 0.9950
vn -0.6811 -0.4464 0.5804
vn -0.7780 -0.2669 0.5688
vn -0.8430 -0.5338 -0.0666
vn -0.8862 -0.4585 -0.0664
vn -0.7253 -0.6884 -0.0005
vn -0.5581 -0.5662 0.6066
vn 0.0096 0.0243 0.9997
vn 0.6992 0.4924 0.5183
vn -0.0915 0.0389 -0.9950
vn 0.0607 -0.0989 -0.9933
vn -0.4141 -0.4327 -0.8008
vn -0.4772 -0.4039 -0.7805
vn -0.6014 -0.3292 -0.7279
vn -0.4636 -0.3388 -0.8187
vn 0.0672 -0.0552 -0.9962
vn 0.8140 0.4775 -0.3307
vn 0.6757 0.4105 0.6123
vn 0.0586 -0.0520 0.9969
vn -0.5942 -0.5625 0.5749
vn -0.7375 -0.6753 0.0059
vn -0.7797 -0.6250 -0.0381
vn -0.7625 -0.6421 0.0793
vn -0.5633 -0.4282 -0.7067
vn 0.6573 0.4400 0.6119
vn 0.1100 0.0102 0.9939
vn 0.6898 0.4352 0.5786
vn 0.1483 0.0498 0.9877
vn 0.8065 0.5119 -0.2959
vn 0.8447 0.5201 -0.1260
vn -0.6455 -0.3676 0.6695
vn -0.6325 -0.4785 0.6090
vn -0.8243 -0.5585 0.0932
vn -0.8333 -0.5496 0.0596
vn 0.5700 0.2313 -0.7884
vn 0.1795 -0.0957 -0.9791
vn -0.2196 -0.2897 -0.9316
vn -0.6278 -0.4975 -0.5986
vn -0.8168 -0.5200 -0.2499
vn -0.8318 -0.5258 0.1780
vn -0.6045 -0.4165 0.6790
vn 0.3089 0.0229 0.9508
vn 0.6939 0.3829 0.6098
vn 0.8883 0.4543 -0.0673
vn 0.8484 0.5283 -0.0322
vn 0.6871 0.3289 -0.6478
vn 0.4778 0.6776 -0.5591
vn 0.7298 0.3153 -0.6066
vn 0.5723 0.8199 -0.0172
vn 0.4849 0.6531 0.5817
vn 0.3865 0.3529 -0.8521
vn 0.3266 -0.0268 -0.9448
vn 0.3432 0.1070 -0.9332
vn 0.1643 -0.4789 -0.8624
vn 0.2395 -0.0218 -0.9706
vn 0.2587 0.3954 -0.8813
vn 0.2392 0.8121 -0.5322
vn 0.2134 0.9770 0.0000
vn 0.1819 0.9146 0.3613
vn 0.1747 0.0991 -0.9796
vn -0.0644 -0.3964 -0.9158
vn -0.4326 -0.3176 -0.8438
vn -0.4147 -0.7288 -0.5448
vn -0.7421 -0.4330 -0.5116
vn 0.0679 -0.6201 -0.7816
vn 0.0878 0.9286 0.3605
vn 0.0509 0.9980 0.0362
vn 0.0404 -0.8681 -0.4948
vn 0.2910 -0.9174 -0.2716
vn 0.0796 -0.9699 -0.2300
vn 0.5515 -0.7851 -0.2821
vn -0.8064 -0.5572 -0.1982
vn -0.7738 -0.5514 -0.3117
vn 0.0891 0.7779 0.6221
vn 0.1116 0.7461 0.6564
vn 0.1717 0.4707 0.8654
vn 0.3760 0.3362 0.8635
vn 0.3377 0.1093 0.9349
vn 0.2703 0.1762 0.9465
vn 0.2086 -0.3362 0.9184
vn 0.1206 -0.3352 0.9344
vn -0.0770 -0.7728 0.6299
vn 0.6884 -0.5668 0.4527
vn -0.7938 -0.5901 0.1472
vn -0.8493 -0.4987 0.1732
vn 0.9639 -0.2478 0.0979
vn 0.9577 -0.2876 0.0123
vn -0.0029 -0.1250 -0.9922
vn 0.6876 0.4582 -0.5633
vn 0.7359 0.4245 -0.5275
vn 0.0335 -0.2754 -0.9607
vn -0.4870 -0.4041 -0.7743
vn -0.3865 -0.4837 -0.7853
vn 0.6144 0.5534 -0.5624
vn -0.1522 0.0664 -0.9861
vn -0.0949 -0.0571 0.9938
vn -0.0034 0.1385 0.9904
vn 0.6946 -0.4156 0.5873
vn 0.6210 -0.5562 0.5523
vn -0.7337 0.3721 0.5685
vn -0.5599 0.5821 0.5897
vn -0.8055 0.4178 -0.4202
vn -0.7106 0.5486 -0.4405
vn 0.0721 0.2217 0.9724
vn -0.5197 0.6907 0.5027
vn -0.6771 0.5691 0.4665
vn -0.0143 0.0993 0.9950
vn 0.6813 -0.4464 0.5801
vn 0.7778 -0.2671 0.5689
vn 0.8430 -0.5337 -0.0670
vn 0.8859 -0.4590 -0.0665
vn 0.7251 -0.6886 -0.0007
vn 0.5579 -0.5664 0.6066
vn -0.0094 0.0241 0.9997
vn -0.6994 0.4919 0.5185
vn 0.0913 0.0392 -0.9951
vn -0.0609 -0.0989 -0.9932
vn 0.4140 -0.4327 -0.8009
vn 0.4768 -0.4038 -0.7808
vn 0.6015 -0.3294 -0.7278
vn 0.4636 -0.3385 -0.8189
vn -0.0672 -0.0551 -0.9962
vn -0.8142 0.4773 -0.3306
vn -0.6758 0.4104 0.6122
vn -0.0587 -0.0520 0.9969
vn 0.5940 -0.5627 0.5749
vn 0.7376 -0.6753 0.0059
vn 0.7798 -0.6249 -0.0381
vn 0.7626 -0.6420 0.0790
vn 0.5630 -0.4282 -0.7068
vn -0.6572 0.4402 0.6118
vn -0.1101 0.0104 0.9939
vn -0.6897 0.4352 0.5787
vn -0.1480 0.0498 0.9877
vn -0.8064 0.5120 -0.2959
vn -0.8446 0.5204 -0.1256
vn 0.6458 -0.3672 0.6694
vn 0.6325 -0.4785 0.6090
vn 0.8245 -0.5582 0.0930
vn 0.8335 -0.5494 0.0590
vn -0.5699 0.2315 -0.7885
vn -0.1796 -0.0957 -0.9791
vn 0.2196 -0.2895 -0.9317
vn 0.6282 -0.4971 -0.5986
vn 0.8169 -0.5198 -0.2499
vn 0.8321 -0.5253 0.1779
vn 0.7421 -0.4331 -0.5117
vn 0.4324 -0.3177 -0.8439
vn 0.4138 -0.7296 -0.5445
vn 0.0645 -0.3962 -0.9159
vn -0.1741 0.0988 -0.9798
vn -0.3434 0.1070 -0.9331
vn -0.7298 0.3160 -0.6063
vn -0.6870 0.3294 -0.6477
vn -0.8882 0.4545 -0.0673
vn -0.8486 0.5280 -0.0326
vn -0.4778 0.6777 -0.5590
vn -0.5728 0.8195 -0.0175
vn -0.4850 0.6531 0.5816
vn -0.3870 0.3530 -0.8518
vn -0.3266 -0.0268 -0.9448
vn -0.1642 -0.4789 -0.8624
vn -0.2396 -0.0219 -0.9706
vn -0.2587 0.3956 -0.8812
vn -0.2392 0.8121 -0.5322
vn -0.2134 0.9770 -0.0001
vn -0.1818 0.9146 0.3613
vn -0.0680 -0.6201 -0.7816
vn -0.6942 0.3828 0.6096
vn -0.3091 0.0230 0.9508
vn 0.6045 -0.4163 0.6792
vn -0.3374 0.1093 0.9350
vn -0.1206 -0.3351 0.9345
vn -0.2087 -0.3360 0.9184
vn -0.2703 0.1764 0.9465
vn -0.1715 0.4706 0.8655
vn 0.8493 -0.4989 0.1729
vn -0.0878 0.9286 0.3606
vn -0.0890 0.7778 0.6222
vn -0.1115 0.7461 0.6565
vn -0.3759 0.3361 0.8635
vn 0.0761 -0.7731 0.6297
vn 0.7945 -0.5894 0.1463
vn -0.6906 -0.5651 0.4513
vn -0.9646 -0.2452 0.0974
vn -0.9577 -0.2876 0.0123
vn -0.0509 0.9981 0.0361
vn -0.7359 0.4244 -0.5275
vn -0.6874 0.4583 -0.5634
vn 0.0032 -0.1251 -0.9921
vn -0.0336 -0.2753 -0.9608
vn 0.4871 -0.4043 -0.7741
vn 0.3865 -0.4837 -0.7853
vn -0.6143 0.5532 -0.5627
vn 0.1527 0.0663 -0.9860
vn 0.0018 0.7744 -0.6327
vn 0.0019 0.6605 -0.7509
vn 0.0023 0.5489 -0.8359
vn -0.0630 0.4006 -0.9141
vn 0.2900 0.4815 -0.8271
vn 0.3051 0.5491 -0.7781
vn 0.0001 0.4291 -0.9033
vn -0.0571 0.1946 -0.9792
vn 0.3830 0.2420 -0.8915
vn -0.1512 -0.1456 -0.9777
vn -0.0000 -0.0968 -0.9953
vn 0.0000 0.1876 -0.9822
vn 0.3931 -0.2110 -0.8950
vn 0.3652 -0.3641 -0.8568
vn 0.7665 -0.3912 -0.5093
vn 0.8289 -0.2580 -0.4963
vn 0.7178 -0.3673 -0.5915
vn 0.8938 -0.2577 -0.3671
vn 0.8707 -0.3870 -0.3036
vn 0.9029 -0.2238 -0.3671
vn 0.3355 -0.3964 -0.8546
vn -0.1109 -0.3440 -0.9324
vn -0.1128 -0.1876 -0.9757
vn -0.2044 -0.3322 -0.9208
vn 0.0000 -0.3527 -0.9357
vn -0.0000 -0.3113 -0.9503
vn 0.0000 -0.1033 -0.9946
vn -0.0780 0.0794 -0.9938
vn 0.0000 0.0951 -0.9955
vn 0.8233 -0.0048 -0.5675
vn 0.9193 0.0084 -0.3936
vn 0.1015 0.0572 -0.9932
vn 0.2343 -0.2387 -0.9424
vn 0.3033 0.0174 -0.9527
vn 0.6159 -0.3286 -0.7161
vn 0.2764 0.4092 -0.8696
vn 0.1672 0.3839 -0.9081
vn 0.3582 0.7787 -0.5151
vn 0.5864 0.6400 -0.4966
vn 0.3926 0.9175 -0.0635
vn 0.2084 0.3932 -0.8955
vn 0.6983 0.7157 0.0051
vn 0.4255 0.2497 -0.8698
vn -0.0001 0.1762 -0.9844
vn -0.0000 0.2598 -0.9657
vn -0.0583 0.2603 -0.9638
vn 0.0000 0.2424 -0.9702
vn 0.7977 0.3027 -0.5216
vn 0.9514 0.1542 -0.2664
vn 0.5953 0.1958 -0.7793
vn 0.8765 0.1342 -0.4623
vn -0.0001 0.1612 -0.9869
vn -0.2082 0.3932 -0.8956
vn 0.0583 0.2603 -0.9638
vn -0.4251 0.2497 -0.8700
vn -0.5949 0.1960 -0.7795
vn -0.7973 0.3029 -0.5221
vn -0.8762 0.1346 -0.4627
vn -0.5863 0.6401 -0.4966
vn -0.1673 0.3839 -0.9081
vn -0.3584 0.7786 -0.5151
vn -0.3926 0.9175 -0.0636
vn -0.2763 0.4091 -0.8696
vn -0.9516 0.1537 -0.2662
vn -0.6989 0.7152 0.0059
vn -0.1013 0.0572 -0.9932
vn -0.3031 0.0175 -0.9528
vn -0.2343 -0.2387 -0.9424
vn 0.1128 -0.1876 -0.9757
vn -0.6159 -0.3286 -0.7161
vn -0.3355 -0.3964 -0.8546
vn 0.1109 -0.3440 -0.9324
vn -0.3653 -0.3643 -0.8567
vn -0.7180 -0.3674 -0.5912
vn -0.7666 -0.3912 -0.5092
vn -0.3922 -0.2107 -0.8954
vn -0.8289 -0.2580 -0.4963
vn 0.1510 -0.1456 -0.9777
vn -0.3854 0.2411 -0.8907
vn 0.0599 0.1958 -0.9788
vn -0.8937 -0.2580 -0.3671
vn -0.8706 -0.3871 -0.3037
vn -0.9030 -0.2239 -0.3665
vn 0.2044 -0.3322 -0.9208
vn -0.8241 -0.0039 -0.5665
vn -0.7265 0.3103 -0.6131
vn -0.9197 0.0056 -0.3926
vn -0.3059 0.4681 -0.8291
vn 0.0697 0.4010 -0.9134
vn 0.0085 0.5819 -0.8132
vn -0.3342 0.5690 -0.7514
vn -0.0223 0.6871 -0.7263
vn -0.3889 0.5798 -0.7159
vn -0.6987 0.5888 -0.4064
vn -0.5989 0.7032 -0.3832
vn -0.7947 0.5728 -0.2008
vn -0.8445 0.4814 -0.2349
vn -0.8039 0.2945 -0.5167
vn -0.8039 0.2396 -0.5444
vn -0.9379 0.1907 -0.2897
vn -0.8673 0.2785 -0.4127
vn -0.9303 0.1626 -0.3288
vn 0.0036 0.7320 -0.6813
vn -0.8212 0.3409 -0.4577
vn -0.8626 0.2845 -0.4184
vn 0.2619 0.8780 -0.4006
vn 0.2541 0.8658 -0.4310
vn 0.2120 0.6565 -0.7239
vn 0.2498 0.9664 0.0607
vn 0.2951 0.9453 0.1388
vn 0.2689 0.8838 0.3828
vn 0.1746 0.9192 0.3530
vn 0.2067 0.7627 0.6129
vn 0.2550 0.7894 0.5584
vn 0.3352 0.5437 0.7694
vn 0.3717 0.6199 0.6911
vn 0.6355 0.4093 0.6547
vn 0.5588 0.1824 0.8090
vn 0.8312 0.1661 0.5306
vn 0.8095 -0.0260 0.5866
vn 0.9218 0.0851 0.3782
vn 0.6421 0.6634 0.3842
vn 0.3130 0.7692 0.5571
vn 0.3128 0.7599 0.5698
vn 0.5890 0.6652 0.4588
vn 0.4319 0.5947 0.6781
vn 0.1877 0.7177 0.6706
vn 0.3808 0.3555 0.8536
vn 0.8760 0.1421 0.4609
vn 0.0000 0.6931 0.7208
vn 0.0958 0.7907 0.6047
vn 0.0000 0.7986 0.6018
vn 0.1596 0.7887 0.5937
vn 0.3343 0.8040 0.4919
vn 0.9698 0.1149 0.2150
vn 0.7724 0.6143 0.1613
vn 0.9730 -0.0367 0.2278
vn 0.9354 -0.0710 0.3464
vn 0.6346 -0.0495 0.7713
vn 0.6873 -0.0856 0.7213
vn -0.0000 0.8163 0.5776
vn 0.0773 0.7888 0.6098
vn 0.1539 0.7539 0.6387
vn 0.2351 0.7893 0.5672
vn -0.0000 0.8050 0.5933
vn 0.3720 -0.0380 0.9275
vn 0.3851 -0.0475 0.9217
vn 0.2972 -0.0056 0.9548
vn -0.0000 0.2637 0.9646
vn -0.0000 0.1419 0.9899
vn -0.3809 0.3553 0.8536
vn -0.1875 0.7177 0.6707
vn -0.4319 0.5946 0.6782
vn -0.8760 0.1421 0.4609
vn -0.0959 0.7907 0.6047
vn -0.3127 0.7599 0.5699
vn -0.5891 0.6653 0.4587
vn -0.2690 0.8838 0.3828
vn -0.1595 0.7887 0.5937
vn -0.3130 0.7691 0.5572
vn -0.3343 0.8039 0.4919
vn -0.2552 0.7893 0.5585
vn -0.2068 0.7627 0.6128
vn -0.3354 0.5438 0.7693
vn -0.3717 0.6199 0.6910
vn -0.6354 0.4095 0.6546
vn -0.5595 0.1826 0.8085
vn -0.8312 0.1663 0.5305
vn -0.8096 -0.0259 0.5864
vn -0.9218 0.0851 0.3782
vn -0.1746 0.9191 0.3531
vn -0.2498 0.9664 0.0607
vn -0.2950 0.9454 0.1386
vn -0.2619 0.8780 -0.4006
vn -0.2541 0.8658 -0.4310
vn -0.2120 0.6566 -0.7238
vn -0.6417 0.6636 0.3844
vn -0.9528 0.2175 0.2119
vn -0.9813 0.1077 0.1597
vn -0.9730 0.0278 0.2291
vn -0.9928 -0.0185 0.1182
vn -0.9823 -0.1082 0.1530
vn -0.9600 -0.2162 0.1777
vn -0.8981 -0.3510 0.2652
vn -0.9884 -0.1303 0.0783
vn -0.9199 -0.3267 0.2171
vn -0.8771 -0.3604 0.3175
vn -0.9465 -0.2980 0.1236
vn -0.9617 -0.1990 0.1885
vn -0.9002 -0.3037 0.3121
vn -0.8243 -0.4723 0.3122
vn -0.8254 -0.3950 0.4034
vn -0.6994 -0.4612 0.5460
vn -0.9996 -0.0209 0.0162
vn -0.9376 -0.0181 0.3472
vn -0.9033 -0.0694 0.4233
vn -0.8232 -0.0942 0.5599
vn -0.7171 0.0825 0.6921
vn -0.5502 -0.2627 0.7926
vn -0.2491 -0.4940 0.8330
vn -0.3353 -0.2282 0.9140
vn -0.5011 -0.0374 0.8646
vn -0.3871 0.1129 0.9151
vn -0.0001 0.0278 0.9996
vn -0.3681 0.1676 0.9146
vn -0.5686 0.1912 0.8001
vn 0.0000 0.0531 0.9986
vn 0.3481 0.1474 0.9258
vn 0.3871 0.1128 0.9151
vn 0.5013 -0.0374 0.8645
vn 0.5598 0.1965 0.8050
vn 0.7264 0.0824 0.6823
vn 0.5503 -0.2628 0.7925
vn 0.3352 -0.2281 0.9141
vn 0.2490 -0.4939 0.8331
vn -0.0001 -0.4043 0.9146
vn -0.0003 -0.1395 0.9902
vn -0.0002 -0.0558 0.9984
vn 0.6996 -0.4619 0.5451
vn 0.8232 -0.0942 0.5599
vn 0.9033 -0.0700 0.4232
vn 0.8254 -0.3955 0.4028
vn 0.8244 -0.4725 0.3117
vn 0.9001 -0.3038 0.3124
vn 0.9199 -0.3266 0.2169
vn 0.9616 -0.1987 0.1892
vn 0.9466 -0.2977 0.1236
vn 0.9884 -0.1303 0.0783
vn 0.9803 -0.1083 0.1653
vn 0.8772 -0.3602 0.3175
vn 0.9039 -0.3194 0.2845
vn 0.9426 -0.2129 0.2573
vn 0.9808 0.0505 0.1884
vn 0.9730 0.0278 0.2291
vn 0.9529 0.2173 0.2117
vn 0.9928 -0.0185 0.1182
vn 0.9996 -0.0209 0.0162
vn 0.9464 -0.0416 0.3203
vn 0.7653 0.4089 0.4970
vn 0.8201 0.4498 0.3537
vn 0.7606 0.3756 0.5296
vn 0.7783 0.2941 0.5547
vn 0.8295 0.4246 0.3627
vn 0.9301 0.2051 0.3048
vn 0.7738 0.3841 0.5036
vn 0.7831 0.2987 0.5454
vn 0.5372 0.1833 0.8233
vn 0.7168 0.3967 0.5734
vn 0.9367 0.2326 0.2618
vn 0.8179 0.5027 0.2799
vn 0.9198 0.2591 0.2947
vn 0.9585 -0.2452 -0.1455
vn 0.9653 -0.0997 -0.2413
vn 0.8786 -0.2302 -0.4183
vn 0.7414 0.2928 -0.6038
vn 0.7962 0.4726 -0.3779
vn 0.7864 0.2854 -0.5479
vn 0.7954 0.3436 -0.4994
vn 0.9132 0.2407 -0.3287
vn 0.9223 0.2611 -0.2849
vn 0.7141 0.5230 -0.4654
vn 0.8364 0.4857 -0.2539
vn 0.8641 0.3024 -0.4024
vn 0.8097 0.3802 -0.4470
vn 0.0665 0.9715 0.2273
vn 0.0669 0.9666 0.2474
vn -0.0413 0.9835 0.1761
vn -0.0459 0.9837 0.1740
vn -0.0351 0.9853 0.1674
vn -0.0505 0.9856 0.1614
vn -0.5561 0.7816 0.2826
vn -0.7257 0.6139 0.3107
vn -0.8037 0.1658 0.5714
vn -0.7734 0.1686 0.6111
vn -0.2334 0.4017 0.8855
vn -0.2629 0.3878 0.8834
vn 0.0000 0.7749 0.6321
vn -0.0000 0.8115 0.5844
vn 0.2629 0.3878 0.8834
vn 0.2334 0.4017 0.8855
vn 0.7734 0.1687 0.6111
vn 0.8037 0.1658 0.5714
vn 0.7258 0.6137 0.3107
vn 0.5568 0.7819 0.2803
vn 0.0530 0.9850 0.1641
vn 0.0488 0.9849 0.1660
vn -0.0650 0.9715 0.2278
vn -0.0663 0.9661 0.2495
vn 0.0350 0.9853 0.1674
vn 0.0505 0.9856 0.1614
vn -0.0481 0.9832 0.1758
vn -0.0502 0.9830 0.1767
vn -0.0196 0.9860 0.1655
vn -0.0161 0.9866 0.1623
vn 0.0000 0.9947 0.1028
vn -0.0000 0.9953 0.0964
vn 0.0162 0.9866 0.1624
vn 0.0196 0.9860 0.1656
vn 0.0481 0.9832 0.1759
vn 0.0502 0.9830 0.1767
vn -0.7113 0.4206 0.5632
vn -0.8543 0.4645 0.2333
vn -0.6871 0.4329 0.5836
vn -0.8475 0.4890 0.2062
vn -0.4901 0.2802 0.8254
vn -0.5227 0.2323 0.8203
vn -0.9542 0.1648 0.2497
vn -0.8068 0.2633 0.5289
vn -0.8186 0.2596 0.5124
vn -0.7895 0.2336 0.5676
vn -0.7521 0.3744 0.5424
vn -0.9558 0.0842 0.2817
vn -0.9321 0.1169 0.3428
vn -0.8842 0.2163 0.4140
vn -0.7717 0.3443 0.5348
vn -0.8424 0.3068 0.4429
vn -0.0796 -0.9699 -0.2300
vn -0.0404 -0.8681 -0.4948
vn -0.2910 -0.9174 -0.2716
vn -0.5515 -0.7851 -0.2821
vn 0.8064 -0.5572 -0.1981
vn 0.7743 -0.5508 -0.3116
vn -0.6869 -0.0848 0.7218
vn -0.9353 -0.0707 0.3466
vn -0.6346 -0.0492 0.7713
vn -0.9730 -0.0367 0.2278
vn -0.9700 0.1145 0.2146
vn -0.7732 0.6136 0.1605
vn -0.3721 -0.0379 0.9274
vn -0.3857 -0.0475 0.9214
vn -0.2972 -0.0056 0.9548
vn -0.9583 -0.2455 -0.1465
vn -0.9651 -0.1007 -0.2418
vn -0.8787 -0.2305 -0.4181
vn -0.1539 0.7539 0.6387
vn -0.2352 0.7894 0.5670
vn -0.0774 0.7888 0.6098
vn 0.0780 0.0793 -0.9938
vn 0.6292 0.6198 0.4689
vn 0.5817 0.7341 0.3503
vn 0.8527 0.4744 0.2188
vn 0.7861 0.4745 0.3962
vn 0.9064 0.3028 0.2945
vn 0.8321 0.2484 0.4958
vn 0.9644 0.2535 0.0750
vn 0.8983 0.4328 0.0762
vn 0.9179 0.3921 -0.0612
vn 0.8130 0.5809 0.0399
vn 0.9730 0.2224 -0.0611
vn 0.9953 -0.0099 -0.0962
vn 0.9793 0.0011 -0.2025
vn 0.9636 0.1934 -0.1845
vn 0.9428 0.3271 -0.0644
vn 0.9318 0.3283 -0.1549
vn 0.9253 0.3593 -0.1215
vn 0.8385 0.5436 0.0375
vn 0.7456 0.6419 0.1791
vn 0.9307 0.1945 -0.3097
vn 0.9381 0.2809 -0.2028
vn 0.8757 0.4701 -0.1102
vn 0.9141 0.3560 -0.1940
vn 0.8413 0.5271 -0.1200
vn 0.9211 0.1359 -0.3647
vn 0.9103 0.0030 -0.4139
vn 0.8271 0.0946 -0.5540
vn 0.8539 0.0885 -0.5129
vn 0.8587 0.1333 -0.4949
vn 0.8793 0.3252 -0.3479
vn 0.9028 0.3234 -0.2833
vn 0.8480 0.2959 -0.4397
vn 0.8331 0.2972 -0.4666
vn 0.8431 0.4024 -0.3567
vn 0.8632 0.4307 -0.2634
vn 0.8070 0.0225 -0.5902
vn 0.7212 -0.0839 -0.6877
vn 0.5949 -0.0695 -0.8008
vn 0.3688 -0.1067 -0.9234
vn 0.6859 0.0710 -0.7243
vn 0.5248 0.0628 -0.8489
vn 0.7773 0.0683 -0.6254
vn 0.8567 0.0880 -0.5082
vn 0.4109 0.0478 -0.9104
vn 0.2392 -0.0124 -0.9709
vn 0.1409 -0.2321 -0.9624
vn 0.1248 -0.1955 -0.9727
vn -0.0180 -0.3294 -0.9440
vn 0.0362 -0.3416 -0.9391
vn 0.4881 -0.1476 -0.8602
vn 0.2366 -0.2819 -0.9298
vn 0.8771 -0.0737 -0.4746
vn 0.9642 -0.1263 -0.2334
vn 0.9794 -0.1625 -0.1195
vn 0.8337 0.1305 -0.5366
vn 0.8305 -0.5312 -0.1676
vn 0.6684 -0.5542 -0.4961
vn 0.8585 -0.4808 -0.1784
vn 0.6784 -0.6449 -0.3519
vn 0.9230 -0.3836 0.0297
vn 0.8921 -0.4470 -0.0656
vn 0.9275 -0.3217 -0.1905
vn 0.7538 -0.2867 -0.5912
vn 0.9572 -0.0494 -0.2851
vn 0.3792 -0.3031 -0.8743
vn 0.7352 0.0210 -0.6775
vn 0.3937 0.0667 -0.9168
vn 0.3614 0.3367 -0.8695
vn 0.6738 0.2794 -0.6841
vn 0.9174 0.2905 -0.2718
vn 0.5537 0.6357 -0.5379
vn 0.3109 0.5761 -0.7559
vn 0.3633 0.8913 -0.2712
vn 0.7333 0.6636 -0.1480
vn 0.9531 0.3027 0.0079
vn 0.8048 0.5912 0.0528
vn 0.8013 0.5324 0.2729
vn 0.9461 0.2553 0.1992
vn 0.0020 0.3409 -0.9401
vn 0.0024 0.0432 -0.9991
vn 0.4990 0.7889 0.3587
vn 0.4675 0.6036 0.6458
vn 0.9869 -0.1121 0.1163
vn 0.4538 0.7948 -0.4030
vn -0.0166 0.9991 0.0398
vn 0.3646 0.9296 0.0534
vn 0.2324 0.8995 0.3701
vn 0.1825 0.7059 0.6844
vn 0.8023 0.2448 0.5444
vn 0.8859 -0.0864 0.4558
vn 0.8964 -0.3075 0.3193
vn 0.9380 -0.3465 0.0071
vn 0.1697 0.4154 0.8937
vn 0.5130 0.0962 0.8530
vn -0.1572 0.4152 0.8961
vn 0.5998 -0.1476 0.7864
vn -0.1314 0.0787 0.9882
vn 0.0711 0.0293 0.9970
vn 0.1952 -0.1607 0.9675
vn 0.3436 -0.2156 0.9140
vn 0.4918 -0.4129 0.7666
vn 0.9212 -0.3879 0.0299
vn 0.9313 -0.3333 -0.1469
vn 0.9206 -0.3878 -0.0460
vn 0.8058 -0.5548 -0.2072
vn 0.8501 -0.5266 0.0064
vn 0.8935 -0.3197 0.3153
vn 0.9395 -0.3396 -0.0445
vn 0.9485 -0.2905 0.1264
vn 0.9011 -0.4335 0.0007
vn 0.8124 -0.5630 0.1514
vn 0.6794 -0.3609 0.6389
vn 0.4611 -0.4596 0.7591
vn 0.6933 -0.3364 0.6373
vn 0.8064 -0.0249 0.5908
vn 0.9023 -0.1761 0.3935
vn 0.9419 -0.3222 0.0951
vn 0.9945 -0.1029 0.0186
vn 0.9354 -0.2588 0.2410
vn 0.0345 0.9945 0.0994
vn 0.0309 0.9031 0.4284
vn 0.3085 0.9465 0.0947
vn 0.3665 0.8495 0.3795
vn 0.5657 0.7596 0.3210
vn 0.6845 0.7276 0.0455
vn 0.3121 0.6371 0.7048
vn 0.5809 0.5473 0.6025
vn 0.2681 0.3520 0.8968
vn 0.3660 0.9181 -0.1520
vn 0.0365 0.9854 -0.1663
vn -0.2247 0.9680 0.1115
vn 0.0141 0.6751 0.7376
vn -0.0363 0.4466 0.8940
vn -0.2428 0.8879 0.3908
vn -0.5307 0.8426 0.0913
vn -0.5213 0.7900 0.3227
vn -0.2169 0.7042 0.6761
vn -0.5651 0.6017 0.5645
vn -0.7903 0.5580 0.2531
vn -0.8469 0.2740 0.4556
vn -0.7877 0.6123 0.0675
vn -0.7583 0.6367 -0.1401
vn -0.9365 0.3481 0.0418
vn -0.9015 0.3675 -0.2284
vn -0.9992 0.0400 0.0048
vn -0.7558 0.5565 -0.3452
vn -0.8325 0.2870 -0.4739
vn -0.9482 0.0330 -0.3161
vn -0.5367 0.7958 -0.2805
vn -0.9298 0.3007 0.2120
vn -0.9769 0.0356 0.2106
vn -0.8998 -0.2808 -0.3339
vn -0.8174 -0.0138 -0.5758
vn -0.5371 0.8324 -0.1363
vn -0.2327 0.9565 -0.1762
vn -0.2413 0.8924 -0.3813
vn -0.0034 0.9330 -0.3598
vn -0.9624 -0.2638 0.0644
vn -0.9530 -0.2883 -0.0933
vn -0.9451 -0.2414 0.2202
vn -0.9061 -0.3767 0.1927
vn -0.7958 -0.5554 -0.2414
vn -0.7282 -0.5660 -0.3865
vn -0.8072 -0.2170 -0.5489
vn -0.8551 -0.5134 -0.0719
vn -0.8648 -0.5011 -0.0322
vn 0.2256 0.9168 -0.3296
vn -0.5763 -0.7435 -0.3392
vn -0.6307 -0.6190 -0.4681
vn -0.7628 -0.6417 -0.0797
vn -0.7823 -0.6227 0.0161
vn -0.7414 -0.6466 -0.1793
vn 0.5451 0.8090 -0.2198
vn 0.7259 0.6780 -0.1161
vn 0.8489 0.5284 0.0140
vn 0.6091 0.7378 0.2910
vn 0.6497 0.5302 0.5448
vn 0.7447 0.1620 0.6474
vn 0.6129 0.2101 0.7617
vn 0.5762 -0.0911 0.8122
vn 0.5765 0.0748 0.8137
vn 0.3571 -0.0780 0.9308
vn 0.3819 -0.2939 0.8762
vn 0.0300 -0.0381 0.9988
vn 0.2370 -0.2846 0.9289
vn 0.3135 -0.4130 0.8551
vn -0.1660 -0.1773 0.9700
vn -0.2994 -0.1571 0.9411
vn -0.0918 0.1239 0.9880
vn -0.1590 -0.1101 0.9811
vn -0.3480 0.0150 0.9374
vn -0.3509 -0.1431 0.9254
vn -0.5636 -0.0369 0.8252
vn -0.7214 0.1756 0.6698
vn -0.7775 -0.0314 0.6281
vn -0.9140 0.0081 0.4056
vn -0.7733 -0.0980 0.6264
vn -0.6177 -0.0941 0.7808
vn -0.4828 -0.1106 0.8687
vn -0.6280 -0.0877 0.7733
vn -0.5065 0.3214 0.8001
vn -0.2460 0.4088 0.8788
vn -0.9216 -0.1414 0.3615
vn -0.9208 -0.3060 0.2419
vn -0.9243 -0.3525 0.1462
vn -0.8916 -0.4405 0.1048
vn -0.8578 -0.4961 0.1345
vn -0.8386 -0.5318 0.1177
vn -0.8005 -0.1532 0.5794
vn -0.8412 -0.2201 0.4940
vn -0.8893 -0.3781 0.2571
vn -0.7890 -0.2939 0.5396
vn -0.7206 -0.1518 0.6766
vn -0.6704 -0.1002 0.7352
vn -0.7036 -0.2420 0.6682
vn -0.8105 -0.4437 0.3823
vn -0.8509 -0.5022 0.1541
vn -0.9181 -0.3787 0.1167
vn 0.0175 -0.7042 -0.7098
vn 0.3206 -0.6291 -0.7081
vn 0.3821 -0.6919 -0.6126
vn 0.0320 -0.5725 -0.8193
vn 0.1791 -0.4696 -0.8645
vn 0.1727 -0.5048 -0.8458
vn -0.3559 -0.5574 -0.7501
vn -0.3185 -0.7265 -0.6089
vn -0.5217 -0.5867 -0.6193
vn -0.4612 -0.7744 -0.4332
vn -0.5351 -0.3464 -0.7705
vn -0.1768 -0.3192 -0.9311
vn -0.5469 -0.3005 -0.7814
vn -0.4606 -0.6566 -0.5972
vn -0.2586 -0.6358 -0.7272
vn -0.3344 -0.2969 -0.8944
vn -0.5551 -0.2670 -0.7877
vn -0.5621 0.0276 -0.8266
vn -0.3605 0.0609 -0.9308
vn -0.3178 0.3521 -0.8803
vn -0.4574 0.3238 -0.8282
vn -0.3762 0.5666 -0.7331
vn -0.2686 0.5724 -0.7748
vn -0.0022 0.5729 -0.8197
vn -0.2573 0.6884 -0.6782
vn -0.3746 0.7167 -0.5882
vn -0.0191 0.6861 -0.7272
vn 0.2939 0.6688 -0.6829
vn 0.6768 0.5118 -0.5291
vn 0.0017 -0.3336 -0.9427
vn -0.0006 -0.6247 -0.7809
vn 0.6072 -0.5357 -0.5869
vn 0.6912 -0.1592 -0.7049
vn -0.8573 -0.4818 0.1811
vn -0.8913 -0.4296 0.1452
vn 0.6468 0.5009 0.5750
vn 0.7085 0.2678 0.6529
vn 0.8936 0.1615 0.4189
vn 0.3536 0.4103 0.8406
vn 0.6458 0.5430 0.5368
vn 0.9312 0.2295 0.2832
vn 0.9384 0.0019 0.3455
vn 0.8988 -0.1970 0.3916
vn 0.7643 -0.1156 0.6344
vn 0.8075 -0.3520 0.4733
vn 0.4593 -0.3836 0.8012
vn 0.4994 -0.3739 0.7815
vn 0.3711 -0.0510 0.9272
vn 0.0815 0.4669 0.8805
vn 0.0833 0.6950 0.7141
vn -0.0000 0.4602 0.8878
vn -0.0000 0.6762 0.7367
vn 0.0876 0.7196 0.6889
vn 0.0844 0.0047 0.9964
vn -0.0000 0.0127 0.9999
vn 0.1118 -0.3156 0.9423
vn 0.1468 -0.2934 0.9446
vn 0.0000 -0.3020 0.9533
vn -0.0000 -0.2556 0.9668
vn 0.1403 0.7616 0.6327
vn 0.2777 0.6853 0.6732
vn -0.0000 0.7029 0.7113
vn 0.2745 0.7440 0.6092
vn -0.0000 -0.1598 0.9871
vn 0.2680 -0.2645 0.9264
vn 0.6247 -0.4413 0.6442
vn 0.7650 -0.3801 0.5199
vn 0.8456 -0.3651 0.3894
vn 0.8711 -0.2922 0.3948
vn 0.8738 -0.3174 0.3685
vn 0.9074 -0.2146 0.3613
vn 0.9178 0.1961 0.3452
vn 0.9127 0.2237 0.3419
vn 0.9384 0.0020 0.3455
vn 0.8889 0.2630 0.3750
vn 0.8870 0.2623 0.3800
vn 0.9441 0.0308 0.3281
vn 0.9743 -0.1427 0.1743
vn 0.9797 -0.1543 0.1283
vn 0.8607 -0.3391 0.3797
vn 0.8605 -0.3509 0.3693
vn 0.7792 -0.1220 0.6147
vn 0.7838 -0.1233 0.6087
vn 0.9116 -0.3650 0.1893
vn 0.9109 -0.3945 0.1211
vn 0.7961 -0.2784 0.5374
vn 0.8072 -0.2540 0.5328
vn 0.7947 -0.4729 0.3806
vn 0.7946 -0.4790 0.3730
vn 0.1325 0.9615 0.2406
vn 0.1373 0.9606 0.2417
vn 0.0890 0.9597 0.2667
vn 0.0909 0.9610 0.2612
vn 0.0734 0.9731 0.2182
vn 0.0683 0.9740 0.2161
vn -0.0000 0.9722 0.2340
vn -0.0000 0.9699 0.2433
vn 0.1820 0.9454 0.2704
vn 0.1821 0.9433 0.2774
vn -0.0683 0.9740 0.2161
vn -0.0734 0.9731 0.2182
vn -0.0909 0.9611 0.2609
vn -0.0890 0.9597 0.2665
vn -0.1324 0.9614 0.2411
vn -0.1374 0.9605 0.2421
vn -0.1819 0.9456 0.2699
vn -0.1821 0.9436 0.2767
vn 0.4282 -0.7578 0.4924
vn 0.4775 -0.6768 0.5603
vn 0.1615 -0.9516 0.2613
vn 0.1596 -0.9587 0.2356
vn -0.0000 -0.9675 0.2530
vn -0.0000 -0.9665 0.2567
vn -0.1597 -0.9586 0.2356
vn -0.1616 -0.9517 0.2612
vn -0.4278 -0.7587 0.4912
vn -0.4769 -0.6785 0.5587
vn -0.6466 0.5011 0.5751
vn -0.8944 0.1600 0.4177
vn -0.7085 0.2678 0.6529
vn -0.7643 -0.1158 0.6344
vn -0.3711 -0.0509 0.9272
vn -0.4595 -0.3837 0.8010
vn -0.8076 -0.3521 0.4732
vn -0.9002 -0.1955 0.3891
vn -0.4995 -0.3738 0.7815
vn -0.0844 0.0048 0.9964
vn -0.0815 0.4670 0.8805
vn -0.3536 0.4103 0.8406
vn -0.2774 0.6855 0.6731
vn -0.0833 0.6950 0.7141
vn -0.1404 0.7616 0.6327
vn -0.0876 0.7196 0.6889
vn -0.1118 -0.3157 0.9423
vn -0.1466 -0.2934 0.9447
vn -0.2680 -0.2644 0.9264
vn -0.2743 0.7441 0.6092
vn -0.6458 0.5431 0.5367
vn -0.9310 0.2313 0.2825
vn -0.9382 0.0039 0.3460
vn -0.9111 -0.1968 0.3623
vn -0.8737 -0.3176 0.3686
vn -0.8711 -0.2911 0.3955
vn -0.8457 -0.3652 0.3891
vn -0.7654 -0.3798 0.5195
vn -0.6248 -0.4413 0.6441
vn -0.8607 -0.3392 0.3797
vn -0.7640 -0.1443 0.6288
vn -0.7673 -0.1849 0.6141
vn -0.8607 -0.3504 0.3693
vn -0.7541 -0.2048 0.6240
vn -0.7544 -0.2052 0.6235
vn -0.7961 -0.2784 0.5374
vn -0.8071 -0.2545 0.5327
vn -0.7950 -0.4749 0.3774
vn -0.7949 -0.4811 0.3696
vn -0.8899 0.2634 0.3724
vn -0.9165 0.1975 0.3478
vn -0.9112 0.2248 0.3452
vn -0.8883 0.2628 0.3767
vn -0.9271 0.0577 0.3705
vn -0.9144 0.0246 0.4041
vn -0.8145 -0.0188 0.5799
vn -0.7716 0.0023 0.6361
vn 0.1741 0.3441 0.9226
vn -0.0396 0.7563 0.6530
vn -0.0553 0.4658 0.8832
vn -0.1545 0.6979 0.6994
vn 0.1032 0.9047 0.4134
vn -0.0241 0.8761 0.4815
vn 0.1522 0.9884 0.0000
vn -0.0386 0.9993 0.0000
vn 0.4216 0.6353 0.6470
vn 0.4699 0.8827 0.0000
vn 0.7972 0.6037 0.0000
vn 0.6313 0.3401 0.6970
vn 0.9176 0.3975 0.0000
vn 0.6865 0.3028 0.6611
vn 0.9305 0.3662 0.0000
vn 0.3794 0.1753 0.9085
vn 0.3013 0.1808 0.9362
vn 0.6772 0.2815 0.6798
vn 0.9372 0.3487 0.0000
vn 0.4088 0.1417 0.9016
vn 0.0984 0.2276 0.9688
vn 0.6929 0.3063 -0.6527
vn 0.6348 0.3459 -0.6909
vn 0.4216 0.6353 -0.6470
vn 0.6918 0.2873 -0.6625
vn 0.2841 0.3326 -0.8993
vn 0.3974 0.1852 -0.8988
vn 0.3311 0.1982 -0.9225
vn 0.4239 0.1463 -0.8938
vn 0.2258 0.2214 -0.9487
vn 0.2077 0.5151 -0.8316
vn 0.0951 0.7678 -0.6336
vn -0.0192 0.8131 -0.5818
vn 0.1281 0.9115 -0.3909
vn -0.0235 0.9211 -0.3887
vn -0.7256 -0.2942 0.6220
vn -0.6666 0.2545 0.7007
vn -0.6758 0.2301 0.7002
vn -0.7547 -0.1722 0.6331
vn -0.6798 0.4473 0.5811
vn -0.7357 0.4778 0.4800
vn -0.8602 0.4361 0.2644
vn -0.8812 0.4344 0.1866
vn -0.9053 0.4247 0.0000
vn -0.9072 0.4206 0.0000
vn -0.6363 -0.5333 0.5575
vn -0.6263 -0.5343 0.5677
vn -0.4119 -0.4754 0.7774
vn -0.4112 -0.4751 0.7779
vn -0.4704 -0.6022 0.6451
vn -0.4861 -0.6170 0.6189
vn -0.8866 0.4372 -0.1511
vn -0.8754 0.4466 -0.1848
vn -0.7855 0.5072 -0.3546
vn -0.7485 0.4988 -0.4369
vn -0.6730 0.2680 -0.6894
vn -0.6811 0.2420 -0.6910
vn -0.7183 -0.3212 -0.6171
vn -0.7444 -0.2431 -0.6219
vn -0.6444 -0.5273 -0.5539
vn -0.6338 -0.5292 -0.5642
vn -0.4251 -0.4606 -0.7792
vn -0.4231 -0.4601 -0.7806
vn -0.4848 -0.5748 -0.6592
vn -0.4992 -0.5876 -0.6367
vn 0.7640 -0.6452 -0.0001
vn 0.4636 -0.8697 -0.1693
vn 0.4585 -0.8788 -0.1324
vn 0.7800 -0.6258 -0.0003
vn 0.3588 -0.8117 -0.4609
vn 0.3445 -0.8038 -0.4851
vn 0.4359 -0.8934 0.1091
vn 0.4199 -0.8979 0.1321
vn 0.3097 -0.8695 0.3849
vn 0.2959 -0.8621 0.4113
vn -0.3384 -0.3087 -0.8889
vn -0.1739 -0.4928 -0.8526
vn -0.4653 -0.6813 -0.5650
vn -0.1702 -0.7028 -0.6907
vn -0.6012 -0.4514 -0.6594
vn -0.3544 -0.8604 -0.3662
vn -0.3200 -0.1630 -0.9333
vn -0.3855 -0.2110 -0.8983
vn -0.6345 -0.4636 -0.6185
vn -0.4111 -0.0863 -0.9075
vn -0.1043 -0.2430 -0.9644
vn -0.7704 -0.6375 0.0003
vn -0.7794 -0.6265 0.0011
vn -0.6345 -0.7729 -0.0000
vn -0.4210 -0.9071 -0.0000
vn -0.6483 -0.4732 0.5965
vn -0.6078 -0.4629 0.6453
vn -0.4127 -0.2342 0.8803
vn -0.3538 -0.1757 0.9187
vn -0.4013 -0.2887 0.8693
vn -0.5370 -0.6800 0.4992
vn -0.3659 -0.5288 0.7658
vn -0.3334 -0.8023 0.4952
vn -0.3958 -0.8670 0.3028
vn -0.4250 -0.0916 0.9005
vn -0.2022 -0.1830 0.9621
vn -0.1691 0.3381 0.9258
vn 0.0554 0.4658 0.8831
vn 0.0684 0.7526 0.6549
vn 0.1545 0.6979 0.6994
vn -0.0854 0.9112 0.4029
vn 0.0241 0.8761 0.4815
vn -0.1522 0.9884 -0.0000
vn 0.0386 0.9993 -0.0000
vn -0.4082 0.6507 0.6403
vn -0.4616 0.8871 0.0000
vn -0.8043 0.5942 0.0000
vn -0.6340 0.3335 0.6977
vn -0.9177 0.3973 0.0000
vn -0.6863 0.3028 0.6613
vn -0.9305 0.3664 0.0000
vn -0.3794 0.1752 0.9085
vn -0.3012 0.1808 0.9363
vn -0.6771 0.2818 0.6798
vn -0.9372 0.3487 0.0000
vn -0.4088 0.1410 0.9016
vn -0.0987 0.2275 0.9688
vn -0.6927 0.3063 -0.6529
vn -0.6375 0.3393 -0.6917
vn -0.4082 0.6507 -0.6403
vn -0.6917 0.2876 -0.6625
vn -0.2794 0.3268 -0.9029
vn -0.3974 0.1851 -0.8988
vn -0.3310 0.1982 -0.9226
vn -0.4239 0.1456 -0.8939
vn -0.2262 0.2213 -0.9486
vn -0.2079 0.5150 -0.8316
vn -0.0667 0.7671 -0.6381
vn 0.0192 0.8131 -0.5818
vn -0.1104 0.9181 -0.3806
vn 0.0235 0.9211 -0.3887
vn 0.7258 -0.2936 0.6222
vn 0.7547 -0.1719 0.6331
vn 0.6758 0.2301 0.7002
vn 0.6665 0.2545 0.7007
vn 0.6798 0.4473 0.5812
vn 0.7357 0.4778 0.4800
vn 0.8602 0.4362 0.2644
vn 0.8812 0.4344 0.1866
vn 0.9053 0.4247 0.0000
vn 0.9072 0.4206 0.0000
vn 0.6363 -0.5331 0.5575
vn 0.6264 -0.5342 0.5677
vn 0.4119 -0.4754 0.7774
vn 0.4113 -0.4751 0.7779
vn 0.4707 -0.6016 0.6454
vn 0.4863 -0.6165 0.6192
vn 0.8865 0.4373 -0.1511
vn 0.8754 0.4467 -0.1848
vn 0.7855 0.5072 -0.3546
vn 0.7485 0.4988 -0.4369
vn 0.6730 0.2681 -0.6894
vn 0.6811 0.2420 -0.6910
vn 0.7184 -0.3207 -0.6173
vn 0.7445 -0.2428 -0.6219
vn 0.6445 -0.5271 -0.5539
vn 0.6339 -0.5291 -0.5642
vn 0.4251 -0.4605 -0.7792
vn 0.4232 -0.4601 -0.7806
vn 0.4851 -0.5742 -0.6595
vn 0.4995 -0.5871 -0.6371
vn -0.7637 -0.6456 -0.0001
vn -0.7800 -0.6258 -0.0003
vn -0.4554 -0.8800 -0.1348
vn -0.4608 -0.8707 -0.1719
vn -0.3585 -0.8118 -0.4609
vn -0.3443 -0.8039 -0.4849
vn -0.4327 -0.8946 0.1111
vn -0.4175 -0.8987 0.1344
vn -0.3094 -0.8696 0.3849
vn -0.2957 -0.8623 0.4111
vn 0.3383 -0.3086 -0.8890
vn 0.4655 -0.6812 -0.5651
vn 0.1740 -0.4928 -0.8526
vn 0.1702 -0.7028 -0.6907
vn 0.6011 -0.4513 -0.6596
vn 0.3544 -0.8604 -0.3662
vn 0.3200 -0.1631 -0.9333
vn 0.3856 -0.2110 -0.8982
vn 0.6344 -0.4635 -0.6186
vn 0.4114 -0.0858 -0.9074
vn 0.1045 -0.2430 -0.9644
vn 0.7704 -0.6375 0.0003
vn 0.7794 -0.6265 0.0011
vn 0.6346 -0.7728 0.0000
vn 0.4210 -0.9071 0.0000
vn 0.6483 -0.4730 0.5966
vn 0.6077 -0.4628 0.6454
vn 0.4128 -0.2343 0.8802
vn 0.3539 -0.1758 0.9186
vn 0.4013 -0.2884 0.8693
vn 0.5372 -0.6799 0.4992
vn 0.3661 -0.5287 0.7658
vn 0.3334 -0.8022 0.4952
vn 0.3958 -0.8670 0.3028
vn 0.4252 -0.0911 0.9005
vn 0.2025 -0.1831 0.9620
vn 0.3373 0.8029 -0.4915
vn 0.2431 0.8072 -0.5379
vn 0.2651 0.6952 -0.6681
vn 0.1933 0.7084 -0.6789
vn 0.2694 0.9630 0.0040
vn 0.4171 0.9084 0.0277
vn 0.3418 0.8351 0.4310
vn 0.1738 0.8783 0.4454
vn 0.2815 0.7930 0.5402
vn 0.2314 0.7707 0.5937
vn 0.5468 0.6815 -0.4865
vn 0.4189 0.6387 -0.6454
vn 0.6237 0.6103 -0.4884
vn 0.7968 0.6043 -0.0060
vn 0.7134 0.7007 0.0103
vn 0.3856 0.7452 0.5441
vn 0.5368 0.7175 0.4439
vn 0.5170 0.7113 0.4762
vn 0.2928 0.7444 0.6001
vn 0.5127 0.5772 -0.6356
vn -0.0306 0.0103 0.9995
vn -0.1520 -0.2202 0.9635
vn -0.1372 -0.1600 0.9775
vn -0.0237 0.0229 0.9995
vn 0.0232 -0.0053 0.9997
vn 0.0222 -0.0086 0.9997
vn -0.0015 -0.0416 0.9991
vn -0.0048 -0.0477 0.9989
vn 0.1017 -0.2645 -0.9590
vn 0.1022 -0.2347 -0.9667
vn -0.0881 -0.5653 -0.8201
vn -0.0828 -0.5788 -0.8113
vn -0.4054 -0.3659 -0.8377
vn -0.4091 -0.3563 -0.8400
vn -0.5989 -0.2579 -0.7582
vn -0.6033 -0.2608 -0.7536
vn -0.0625 0.9102 0.4094
vn -0.0496 0.8890 0.4551
vn -0.4561 0.8634 0.2157
vn -0.4891 0.8530 0.1822
vn -0.2169 0.9757 -0.0304
vn -0.1915 0.9799 0.0568
vn -0.0731 0.9268 -0.3684
vn -0.0783 0.9050 -0.4182
vn -0.4627 0.8219 -0.3323
vn -0.5024 0.8073 -0.3097
vn 0.9958 0.0624 0.0664
vn 0.9967 -0.0398 0.0709
vn 0.9950 -0.0368 0.0924
vn 0.9950 0.0821 0.0570
vn 0.9995 -0.0033 0.0315
vn 0.9996 0.0000 0.0295
vn 0.9977 -0.0006 -0.0685
vn 0.9995 -0.0038 -0.0298
vn 0.9803 -0.0690 -0.1849
vn 0.9788 -0.0746 -0.1906
vn -0.4320 -0.7774 0.4573
vn -0.2478 -0.8345 0.4921
vn -0.1731 -0.8400 0.5142
vn -0.1536 -0.8464 0.5098
vn 0.0241 -0.9975 0.0669
vn -0.4393 -0.8966 -0.0560
vn -0.3704 -0.8384 -0.3998
vn 0.0089 -0.9072 -0.4207
vn -0.2095 -0.8651 -0.4557
vn -0.2490 -0.7272 -0.6397
vn -0.5129 -0.6851 0.5173
vn -0.5900 -0.5276 0.6111
vn -0.6793 -0.5323 0.5052
vn -0.8376 -0.5454 -0.0306
vn -0.4291 -0.8755 -0.2221
vn -0.5623 -0.6673 -0.4885
vn -0.7078 -0.4745 -0.5234
vn -0.3373 0.8029 -0.4915
vn -0.2652 0.6951 -0.6682
vn -0.2430 0.8072 -0.5380
vn -0.1930 0.7084 -0.6789
vn -0.2694 0.9630 0.0040
vn -0.4171 0.9084 0.0277
vn -0.3417 0.8351 0.4311
vn -0.1738 0.8783 0.4454
vn -0.2813 0.7931 0.5403
vn -0.2314 0.7707 0.5937
vn -0.5459 0.6820 -0.4867
vn -0.4189 0.6387 -0.6454
vn -0.6221 0.6113 -0.4891
vn -0.7966 0.6045 -0.0063
vn -0.7134 0.7007 0.0103
vn -0.3856 0.7451 0.5442
vn -0.5367 0.7174 0.4441
vn -0.5171 0.7111 0.4764
vn -0.2931 0.7442 0.6002
vn -0.5130 0.5774 -0.6352
vn 0.0309 0.0102 0.9995
vn 0.0235 0.0226 0.9995
vn 0.1374 -0.1600 0.9775
vn 0.1522 -0.2200 0.9636
vn -0.0232 -0.0054 0.9997
vn -0.0221 -0.0087 0.9997
vn 0.0015 -0.0416 0.9991
vn 0.0048 -0.0477 0.9989
vn -0.1017 -0.2644 -0.9590
vn 0.0841 -0.5790 -0.8110
vn 0.0875 -0.5663 -0.8195
vn -0.1022 -0.2347 -0.9667
vn 0.4053 -0.3657 -0.8378
vn 0.4092 -0.3562 -0.8400
vn 0.5962 -0.2561 -0.7609
vn 0.6004 -0.2589 -0.7566
vn 0.0625 0.9102 0.4094
vn 0.4891 0.8530 0.1822
vn 0.4561 0.8634 0.2157
vn 0.0496 0.8890 0.4552
vn 0.2168 0.9757 -0.0302
vn 0.1915 0.9798 0.0570
vn 0.0735 0.9268 -0.3683
vn 0.0786 0.9050 -0.4182
vn 0.4601 0.8227 -0.3337
vn 0.4992 0.8085 -0.3115
vn -0.9958 0.0624 0.0664
vn -0.9950 0.0821 0.0570
vn -0.9950 -0.0368 0.0924
vn -0.9967 -0.0398 0.0709
vn -0.9995 -0.0033 0.0315
vn -0.9996 0.0000 0.0295
vn -0.9977 -0.0006 -0.0684
vn -0.9995 -0.0038 -0.0298
vn -0.9803 -0.0690 -0.1850
vn -0.9788 -0.0746 -0.1906
vn 0.4319 -0.7774 0.4573
vn 0.1731 -0.8400 0.5142
vn 0.2478 -0.8345 0.4921
vn 0.1536 -0.8464 0.5098
vn -0.0241 -0.9975 0.0669
vn 0.4393 -0.8966 -0.0560
vn 0.3704 -0.8384 -0.3998
vn -0.0089 -0.9072 -0.4207
vn 0.2096 -0.8651 -0.4557
vn 0.2487 -0.7272 -0.6398
vn 0.5126 -0.6854 0.5171
vn 0.5897 -0.5278 0.6113
vn 0.6791 -0.5322 0.5055
vn 0.8376 -0.5454 -0.0306
vn 0.4293 -0.8754 -0.2221
vn 0.5623 -0.6673 -0.4885
vn 0.7078 -0.4745 -0.5234
vn 0.0415 -0.5325 0.8454
vn 0.2266 -0.1591 0.9609
vn -0.0110 -0.2414 0.9704
vn -0.0802 0.1437 0.9864
vn 0.2146 0.2818 0.9352
vn -0.3433 0.0341 0.9386
vn -0.3476 -0.1721 0.9217
vn -0.1102 -0.4904 0.8645
vn -0.2731 -0.4448 0.8530
vn 0.0497 -0.6612 0.7485
vn 0.3248 -0.4733 0.8188
vn 0.3551 -0.6289 0.6917
vn 0.6168 -0.3832 0.6876
vn 0.6639 -0.0753 0.7440
vn 0.7742 -0.1642 0.6112
vn 0.6279 0.2424 0.7396
vn 0.3483 0.2826 0.8937
vn 0.6513 -0.3911 0.6503
vn -0.1304 0.3724 0.9189
vn 0.1819 0.5311 0.8276
vn 0.6947 0.2586 0.6712
vn 0.4386 0.4312 0.7885
vn 0.7728 -0.0743 0.6303
vn -0.1954 -0.5627 0.8032
vn -0.4548 -0.2120 0.8650
vn 0.3464 -0.0994 0.9328
vn -0.4462 0.1328 0.8850
vn -0.0421 -0.5324 0.8455
vn 0.0104 -0.2413 0.9704
vn -0.2265 -0.1592 0.9609
vn 0.0796 0.1438 0.9864
vn -0.2144 0.2821 0.9351
vn 0.3433 0.0341 0.9386
vn 0.3479 -0.1718 0.9217
vn 0.1109 -0.4900 0.8647
vn 0.2741 -0.4445 0.8528
vn -0.0500 -0.6613 0.7485
vn -0.3242 -0.4735 0.8189
vn -0.3548 -0.6295 0.6913
vn -0.6160 -0.3822 0.6888
vn -0.6592 -0.0797 0.7478
vn -0.7734 -0.1651 0.6121
vn -0.6275 0.2374 0.7415
vn -0.3478 0.2824 0.8940
vn -0.6513 -0.3932 0.6490
vn 0.1298 0.3726 0.9189
vn -0.1817 0.5312 0.8276
vn -0.6947 0.2586 0.6712
vn -0.4381 0.4314 0.7886
vn -0.7729 -0.0756 0.6300
vn 0.1955 -0.5628 0.8031
vn 0.4548 -0.2120 0.8650
vn -0.3464 -0.1002 0.9327
vn 0.4462 0.1328 0.8850
vn 0.9903 -0.1023 -0.0938
vn 0.9981 -0.0620 0.0053
vn 0.9972 -0.0470 0.0587
vn 0.9975 -0.0697 0.0131
vn 0.9936 0.0119 0.1127
vn 0.9999 -0.0163 -0.0016
vn 0.9645 0.1695 0.2027
vn 0.9236 0.1555 0.3505
vn 0.8176 0.3026 0.4899
vn 0.7461 0.2625 0.6119
vn 0.5194 0.3465 0.7811
vn 0.5634 0.4490 0.6936
vn 0.9691 -0.0347 0.2441
vn 0.9750 -0.0448 0.2176
vn 0.9770 -0.0372 0.2102
vn 0.9180 0.0500 0.3935
vn 0.2705 0.5219 0.8090
vn 0.2263 0.3725 0.9000
vn 0.1222 0.5110 0.8509
vn 0.0726 0.3791 0.9225
vn 0.1209 0.2011 0.9721
vn 0.2220 0.1964 0.9551
vn 0.8886 -0.0978 0.4481
vn 0.7494 0.1363 0.6479
vn 0.4776 0.1901 0.8577
vn 0.2104 0.0491 0.9764
vn 0.4688 -0.0761 0.8800
vn 0.2296 -0.2332 0.9449
vn 0.7416 -0.0247 0.6704
vn 0.1269 0.0433 0.9910
vn 0.0947 -0.1455 0.9848
vn 0.3055 -0.3334 0.8919
vn 0.0334 -0.1400 0.9896
vn 0.3354 -0.5954 0.7301
vn 0.4696 -0.5898 0.6570
vn 0.4749 -0.0901 0.8754
vn -0.0001 0.0519 0.9987
vn 0.6451 -0.1731 0.7443
vn 0.5096 0.2208 0.8316
vn 0.7030 0.1894 0.6855
vn 0.5042 0.4419 0.7419
vn 0.6538 0.3525 0.6695
vn 0.7108 0.4277 0.5584
vn 0.5153 0.5390 0.6663
vn 0.5287 0.2877 0.7985
vn 0.7669 0.2400 0.5952
vn 0.6859 0.0360 0.7268
vn 0.9341 0.1158 0.3377
vn 0.7586 0.4576 0.4637
vn 0.6713 -0.1794 0.7191
vn 0.7217 -0.5484 0.4224
vn 0.4094 -0.0684 0.9098
vn 0.4010 -0.0250 0.9157
vn 0.2977 -0.3311 0.8954
vn 0.2126 -0.0337 0.9766
vn 0.2087 0.2982 0.9314
vn 0.5238 -0.0323 0.8512
vn 0.4453 -0.6069 0.6583
vn 0.0000 -0.1412 0.9900
vn -0.0000 -0.7957 0.6057
vn 0.4641 -0.8513 0.2446
vn -0.0000 -0.9561 0.2930
vn -0.0006 -0.8646 0.5024
vn 0.5006 -0.7467 0.4380
vn 0.4410 -0.3348 0.8327
vn 0.4004 -0.2450 0.8830
vn 0.3115 0.0425 0.9493
vn 0.3564 0.0560 0.9327
vn 0.2150 0.2047 0.9549
vn 0.3595 0.2402 0.9017
vn 0.5361 -0.5673 0.6251
vn 0.5707 -0.7590 0.3134
vn 0.0106 -0.7631 0.6462
vn 0.1271 -0.8452 0.5192
vn 0.3364 -0.8216 0.4602
vn 0.6686 -0.4515 0.5909
vn 0.6844 -0.3874 0.6176
vn 0.8222 0.1639 0.5450
vn 0.7314 0.0803 0.6772
vn 0.5175 -0.4680 0.7164
vn 0.5444 0.0649 0.8363
vn 0.7329 0.4065 0.5456
vn 0.4814 0.4479 0.7534
vn -0.0000 -0.4684 0.8835
vn 0.0000 0.1388 0.9903
vn -0.0001 0.5380 0.8429
vn -0.0004 0.6075 0.7943
vn -0.0006 0.4942 0.8693
vn -0.0004 0.2871 0.9579
vn -0.5444 0.0649 0.8363
vn -0.5139 0.5401 0.6665
vn -0.4815 0.4485 0.7530
vn -0.7322 0.4075 0.5457
vn -0.7321 0.0771 0.6768
vn -0.5190 -0.4692 0.7145
vn -0.6853 -0.3908 0.6146
vn -0.8227 0.1609 0.5452
vn -0.6680 -0.4525 0.5908
vn -0.5700 -0.7582 0.3166
vn -0.3387 -0.8203 0.4609
vn -0.1257 -0.8455 0.5190
vn -0.0079 -0.7635 0.6458
vn -0.5375 -0.5662 0.6249
vn -0.2989 -0.3309 0.8951
vn -0.4468 -0.6049 0.6591
vn -0.2126 -0.0337 0.9766
vn -0.4022 -0.0255 0.9152
vn -0.2098 0.2973 0.9314
vn -0.5238 -0.0330 0.8512
vn -0.4654 -0.8507 0.2444
vn -0.5003 -0.7467 0.4383
vn -0.6714 -0.1805 0.7187
vn -0.4095 -0.0682 0.9098
vn -0.4404 -0.3355 0.8328
vn -0.4005 -0.2451 0.8829
vn -0.3124 0.0424 0.9490
vn -0.3562 0.0562 0.9327
vn -0.2154 0.2048 0.9548
vn -0.6864 0.0344 0.7265
vn -0.9342 0.1134 0.3382
vn -0.7669 0.2400 0.5952
vn -0.7586 0.4576 0.4637
vn -0.7209 -0.5490 0.4229
vn -0.5294 0.2875 0.7982
vn -0.7098 0.4284 0.5592
vn -0.6525 0.3529 0.6706
vn -0.5032 0.4421 0.7425
vn -0.7016 0.1916 0.6863
vn -0.5085 0.2211 0.8322
vn -0.3596 0.2405 0.9016
vn -0.6458 -0.1728 0.7437
vn -0.4765 -0.0924 0.8743
vn -0.4700 -0.5907 0.6559
vn -0.4164 -0.3713 0.8299
vn -0.3351 -0.5953 0.7303
vn -0.3567 -0.4275 0.8307
vn -0.3076 -0.6333 0.7101
vn -0.3725 -0.5757 0.7279
vn -0.5998 0.2251 0.7679
vn -0.1699 -0.5671 0.8059
vn -0.2593 -0.5127 0.8185
vn -0.4857 0.2081 0.8490
vn 0.0741 0.2544 0.9643
vn -0.0084 0.8135 0.5816
vn -0.1871 0.7046 0.6845
vn -0.2836 0.7154 0.6386
vn -0.2559 0.2336 0.9380
vn -0.1554 0.5859 0.7953
vn -0.2505 0.8244 0.5075
vn -0.1269 0.8615 0.4917
vn 0.0327 0.8963 0.4422
vn -0.1626 0.6302 0.7592
vn -0.3506 0.4713 0.8093
vn -0.1984 0.5892 0.7832
vn -0.1649 0.1931 0.9672
vn -0.3118 0.2180 0.9248
vn -0.6329 0.1724 0.7548
vn -0.6493 -0.1279 0.7497
vn -0.7472 0.0186 0.6643
vn -0.7054 -0.2521 0.6625
vn -0.6896 -0.0029 0.7241
vn -0.8673 -0.0344 0.4966
vn -0.6810 -0.2883 0.6731
vn -0.8632 -0.2713 0.4257
vn -0.6210 -0.4311 0.6546
vn -0.7904 -0.4583 0.4065
vn -0.9706 -0.1410 0.1950
vn -0.9467 -0.2705 0.1748
vn -0.9618 -0.2730 -0.0199
vn -0.9869 -0.1615 0.0039
vn -0.9744 -0.1948 -0.1126
vn -0.9846 -0.1235 -0.1235
vn -0.8604 -0.4465 -0.2458
vn -0.8479 -0.4976 -0.1831
vn -0.8668 -0.4983 -0.0197
vn -0.7359 -0.6738 -0.0665
vn -0.8444 -0.5158 0.1447
vn -0.9123 -0.3916 -0.1195
vn -0.7636 -0.6456 0.0038
vn -0.6475 -0.7618 -0.0206
vn -0.5012 -0.8594 -0.1008
vn -0.8500 -0.4800 -0.2170
vn -0.9521 -0.2076 0.2244
vn -0.9050 -0.3582 -0.2296
vn -0.8686 -0.4858 -0.0972
vn -0.9442 -0.2842 -0.1665
vn -0.7862 -0.5393 -0.3015
vn -0.5394 -0.4538 -0.7093
vn -0.3096 -0.7297 -0.6097
vn -0.9420 -0.2506 -0.2232
vn -0.9935 0.0498 -0.1023
vn -0.9918 0.1235 0.0338
vn -0.9986 0.0507 -0.0140
vn -0.9995 0.0328 0.0000
vn -0.9904 -0.0712 -0.1185
vn -0.0000 -0.4086 -0.9127
vn -0.0001 0.0781 -0.9969
vn 0.5392 -0.4537 -0.7096
vn 0.3093 -0.7297 -0.6098
vn 0.7865 -0.5392 -0.3012
vn 0.9050 -0.3580 -0.2296
vn 0.8686 -0.4859 -0.0966
vn 0.8504 -0.4794 -0.2169
vn 0.9442 -0.2845 -0.1659
vn 0.9421 -0.2502 -0.2232
vn 0.9937 0.0493 -0.1006
vn 0.9917 0.1236 0.0356
vn 0.9986 0.0508 -0.0134
vn -0.0000 -0.6828 -0.7306
vn 0.9127 -0.3911 -0.1185
vn 0.8482 -0.4972 -0.1827
vn 0.8442 -0.5161 0.1451
vn 0.7357 -0.6741 -0.0668
vn 0.8666 -0.4985 -0.0206
vn 0.9619 -0.2726 -0.0209
vn 0.7634 -0.6459 0.0038
vn 0.6477 -0.7616 -0.0202
vn 0.5008 -0.8596 -0.1012
vn 0.8604 -0.4465 -0.2458
vn 0.9521 -0.2074 0.2248
vn 0.8095 -0.2563 0.5283
vn 0.9695 -0.0841 -0.2302
vn 0.9362 -0.0943 0.3385
vn 0.6967 -0.2744 0.6628
vn 0.9835 0.0059 -0.1809
vn 0.6405 0.0301 -0.7674
vn 0.6144 0.0043 -0.7890
vn -0.0001 0.1140 -0.9935
vn 0.6763 -0.6410 0.3629
vn 0.4051 -0.6972 0.5915
vn 0.2710 -0.9608 -0.0592
vn 0.2834 -0.1592 0.9457
vn 0.0000 -0.7363 0.6767
vn -0.0000 -0.1032 0.9947
vn 0.0746 0.0213 0.9970
vn 0.0000 0.0558 0.9984
vn -0.0340 0.0926 0.9951
vn -0.0000 -0.9999 0.0109
vn 0.1395 -0.9877 -0.0703
vn -0.0000 -0.9981 -0.0615
vn 0.2974 -0.8742 0.3838
vn -0.0001 -0.9139 0.4058
vn 0.5553 -0.7907 0.2579
vn 0.4146 -0.9082 -0.0570
vn 0.7657 -0.5945 0.2454
vn 0.6730 -0.3426 0.6556
vn 0.3909 -0.4026 0.8277
vn 0.5662 -0.0867 0.8197
vn 0.3828 -0.0661 0.9215
vn 0.3307 -0.3263 0.8855
vn 0.5767 -0.1880 0.7950
vn 0.3157 -0.2834 0.9055
vn 0.6321 -0.1966 0.7496
vn 0.5192 0.2767 0.8086
vn 0.2587 0.3240 0.9100
vn 0.5812 -0.1963 0.7897
vn 0.7431 -0.4231 0.5185
vn 0.0000 -0.3283 0.9446
vn 0.0000 0.2747 0.9615
vn -0.0001 0.5598 0.8286
vn 0.2078 0.5971 0.7748
vn 0.3024 0.7220 0.6223
vn -0.0004 -0.1481 0.9890
vn -0.0003 -0.3197 0.9475
vn 0.6609 -0.1880 0.7265
vn 0.5124 -0.1324 0.8484
vn 0.4930 -0.2967 0.8179
vn 0.6536 0.2466 0.7156
vn 0.6234 -0.4901 -0.6093
vn 0.4232 -0.3096 0.8515
vn 0.4037 -0.4290 0.8080
vn 0.4534 -0.3879 0.8024
vn 0.6209 -0.4319 0.6541
vn 0.5943 -0.3584 0.7200
vn 0.5234 -0.7122 0.4678
vn 0.5926 -0.2164 0.7759
vn -0.0242 -0.9991 -0.0361
vn 0.6234 -0.4902 -0.6092
vn 0.4229 -0.7587 0.4955
vn 0.2642 -0.7772 0.5711
vn 0.3188 -0.0322 0.9473
vn 0.0893 -0.9958 0.0211
vn -0.0001 -0.9019 0.4319
vn -0.0002 -0.1106 0.9939
vn -0.0004 -0.9977 -0.0682
vn 0.0000 0.2814 0.9596
vn 0.6811 -0.2882 0.6731
vn 0.6887 -0.0023 0.7250
vn 0.8845 -0.0032 0.4665
vn 0.8633 -0.2718 0.4253
vn 0.7902 -0.4587 0.4064
vn 0.8457 -0.0246 0.5331
vn 0.7321 -0.2274 0.6421
vn 0.6046 -0.3084 0.7344
vn 0.9468 -0.2702 0.1749
vn 0.9744 -0.1948 -0.1126
vn 0.3872 -0.4733 0.7913
vn 0.3500 -0.5594 0.7514
vn 0.2738 -0.6058 0.7470
vn 0.3335 -0.5982 0.7287
vn 0.3245 -0.3737 0.8689
vn 0.3930 -0.4585 0.7971
vn 0.4699 -0.2887 0.8342
vn 0.5364 -0.1573 0.8292
vn 0.2982 -0.4387 0.8477
vn 0.8544 -0.4911 0.1698
vn 0.7857 -0.5895 0.1873
vn 0.7404 -0.5173 0.4292
vn -0.9944 -0.0824 -0.0654
vn -0.9995 0.0101 0.0289
vn -0.9968 -0.0505 0.0628
vn -0.9953 -0.0966 -0.0010
vn -0.9935 0.0143 0.1125
vn -0.9971 0.0192 0.0736
vn -0.9645 0.1695 0.2027
vn -0.9236 0.1552 0.3506
vn -0.8176 0.3026 0.4899
vn -0.7461 0.2625 0.6119
vn -0.5194 0.3465 0.7811
vn -0.5634 0.4490 0.6936
vn -0.9676 -0.0379 0.2498
vn -0.9691 0.0596 0.2396
vn -0.9760 -0.0395 0.2143
vn -0.9177 0.0494 0.3941
vn -0.2705 0.5219 0.8090
vn -0.2263 0.3725 0.9000
vn -0.1222 0.5110 0.8509
vn -0.0726 0.3791 0.9225
vn -0.1209 0.2011 0.9721
vn -0.2220 0.1964 0.9551
vn -0.9122 -0.0859 0.4005
vn -0.7497 0.1359 0.6477
vn -0.4777 0.1898 0.8578
vn -0.2106 0.0488 0.9763
vn -0.4679 0.0810 0.8800
vn -0.1393 -0.0990 0.9853
vn -0.7591 0.0506 0.6491
vn -0.1269 0.0433 0.9910
vn -0.0948 -0.1455 0.9848
vn -0.0785 -0.2453 0.9663
vn -0.0950 -0.2310 0.9683
vn -0.9039 -0.0554 0.4240
vn -0.9286 0.1009 0.3570
vn -0.7909 -0.1669 0.5888
vn 0.4009 0.0318 0.9156
vn 0.2922 0.0042 0.9563
vn 0.4429 0.0222 0.8963
vn 0.2117 0.0022 0.9773
vn 0.4802 0.0494 0.8757
vn -0.0003 -0.0121 0.9999
vn -0.0003 -0.0038 1.0000
vn -0.2913 0.0037 0.9566
vn -0.2111 0.0020 0.9775
vn -0.3997 0.0312 0.9161
vn -0.4420 0.0215 0.8968
vn -0.4802 0.0494 0.8757
vn 0.3741 0.0230 0.9271
vn 0.2872 -0.0021 0.9579
vn 0.4525 0.0050 0.8918
vn 0.1962 0.0182 0.9804
vn 0.5082 0.0430 0.8602
vn -0.0004 0.0040 1.0000
vn -0.0003 -0.0035 1.0000
vn -0.2862 -0.0025 0.9582
vn -0.1960 0.0181 0.9804
vn -0.3732 0.0225 0.9275
vn -0.4515 0.0043 0.8923
vn -0.5082 0.0430 0.8602
vn 0.8292 0.0287 0.5581
vn 0.8268 0.0254 0.5619
vn 0.8287 0.0279 0.5591
vn 0.8311 0.0313 0.5552
vn 0.8281 0.0269 0.5600
vn 0.8268 0.0253 0.5619
vn 0.8277 0.0264 0.5606
vn 0.8289 0.0279 0.5587
vn -0.0058 -0.9449 -0.3274
vn -0.4406 -0.8975 0.0192
vn -0.1803 -0.9298 -0.3208
vn -0.3811 -0.8910 -0.2468
vn 0.0000 -1.0000 -0.0044
vn -0.0003 -0.9442 -0.3294
vn -0.8705 -0.4897 0.0495
vn -0.0000 -0.8045 0.5940
vn -0.5003 -0.7214 0.4788
vn -0.6179 0.4046 0.6742
vn 0.0000 0.5389 0.8424
vn 0.3724 0.9217 0.1083
vn -0.1069 0.9919 0.0693
vn -0.0000 0.9947 0.1029
vn -0.8487 0.5220 -0.0851
vn -0.6869 0.5935 -0.4195
vn -0.2771 0.9597 0.0477
vn -0.3030 0.7794 -0.5484
vn 0.0657 0.9747 -0.2135
vn -0.3158 0.7636 -0.5631
vn -0.0440 0.9889 -0.1422
vn 0.0010 0.8162 -0.5777
vn -0.0000 0.9937 -0.1124
vn 0.0441 0.9888 -0.1423
vn 0.3175 0.7627 -0.5635
vn -0.0657 0.9747 -0.2135
vn 0.3026 0.7795 -0.5484
vn 0.2771 0.9597 0.0477
vn 0.6869 0.5935 -0.4195
vn 0.1069 0.9919 0.0693
vn 0.8487 0.5220 -0.0851
vn 0.6179 0.4046 0.6742
vn -0.3724 0.9217 0.1083
vn 0.5003 -0.7214 0.4788
vn 0.4406 -0.8975 0.0192
vn 0.0051 -0.9449 -0.3274
vn 0.1799 -0.9299 -0.3208
vn 0.3811 -0.8910 -0.2468
vn 0.8705 -0.4897 0.0495
vn 0.2552 0.2344 0.9380
vn 0.1648 0.1937 0.9671
vn 0.3128 0.2176 0.9245
vn 0.1551 0.5866 0.7948
vn 0.1869 0.7051 0.6840
vn 0.2534 0.8247 0.5057
vn 0.1269 0.8615 0.4917
vn -0.0328 0.8963 0.4422
vn 0.1633 0.6300 0.7592
vn 0.3503 0.4715 0.8093
vn 0.1983 0.5893 0.7832
vn 0.6327 0.1721 0.7550
vn 0.6500 -0.1280 0.7490
vn -0.0725 0.2564 0.9639
vn 0.0117 0.8152 0.5791
vn 0.2821 0.7168 0.6377
vn 0.4827 0.2070 0.8510
vn 0.1708 -0.5671 0.8058
vn 0.3728 -0.5757 0.7277
vn 0.3081 -0.6331 0.7101
vn 0.2588 -0.5123 0.8189
vn 0.6002 0.2248 0.7676
vn -0.0002 -0.4785 0.8781
vn -0.3899 -0.4023 0.8283
vn -0.2979 -0.8739 0.3841
vn -0.1396 -0.9877 -0.0702
vn -0.2710 -0.9608 -0.0592
vn -0.5548 -0.7913 0.2570
vn -0.4150 -0.9081 -0.0566
vn -0.7656 -0.5948 0.2451
vn -0.6729 -0.3432 0.6553
vn -0.5659 -0.0871 0.8199
vn -0.3822 -0.0663 0.9217
vn -0.3300 -0.3272 0.8854
vn -0.5763 -0.1884 0.7953
vn -0.3159 -0.2837 0.9054
vn -0.6321 -0.1966 0.7496
vn -0.5191 0.2768 0.8087
vn -0.2589 0.3250 0.9096
vn -0.2071 0.5987 0.7737
vn -0.5811 -0.1960 0.7898
vn -0.7427 -0.4226 0.5194
vn -0.6618 -0.1872 0.7259
vn -0.5131 -0.1328 0.8480
vn -0.4946 -0.2960 0.8172
vn -0.6549 0.2471 0.7142
vn -0.3020 0.7219 0.6226
vn -0.4230 -0.3097 0.8515
vn -0.4042 -0.4292 0.8077
vn -0.4539 -0.3878 0.8022
vn -0.5942 -0.3581 0.7203
vn -0.5253 -0.7103 0.4685
vn -0.5924 -0.2150 0.7764
vn -0.3184 -0.0323 0.9474
vn -0.2647 -0.7768 0.5714
vn -0.4241 -0.7574 0.4965
vn 0.0242 -0.9991 -0.0360
vn -0.0903 -0.9957 0.0202
vn -0.6234 -0.4901 -0.6093
vn -0.7404 -0.5173 0.4292
vn -0.7861 -0.5891 0.1871
vn -0.8549 -0.4905 0.1691
vn -0.4051 -0.6972 0.5915
vn -0.6764 -0.6410 0.3629
vn -0.8096 -0.2567 0.5278
vn -0.9362 -0.0955 0.3382
vn -0.6968 -0.2746 0.6626
vn -0.9695 -0.0839 -0.2302
vn -0.2834 -0.1592 0.9457
vn -0.9836 0.0058 -0.1803
vn -0.6405 0.0308 -0.7673
vn -0.6140 0.0045 -0.7893
vn -0.0746 0.0213 0.9970
vn 0.0340 0.0926 0.9951
vn 0.9624 0.2693 -0.0342
vn 0.8632 -0.1819 0.4709
vn 0.6003 -0.4484 -0.6623
vn 0.1172 0.3922 -0.9124
vn -0.6951 -0.0407 -0.7178
vn 0.8704 -0.2102 0.4452
vn 0.3308 -0.7044 -0.6280
vn 0.5920 0.7558 0.2799
vn 0.8631 0.0063 0.5050
vn 0.8815 -0.1925 0.4312
vn -0.0807 0.9849 -0.1533
vn -0.7449 -0.0225 -0.6667
vn 0.8839 -0.1561 0.4409
vn 0.8942 -0.1835 0.4084
vn -0.0506 -0.9506 -0.3064
vn -0.9176 0.0745 -0.3905
vn -0.8298 0.0295 0.5572
vn -0.8289 0.0282 0.5587
vn -0.8301 0.0300 0.5567
vn -0.8311 0.0313 0.5552
vn -0.8289 0.0279 0.5587
vn -0.6049 -0.3083 0.7342
vn -0.7119 -0.1227 0.6915
vn -0.7818 -0.1455 0.6063
vn -0.4514 -0.2802 0.8472
vn -0.3876 -0.4724 0.7916
vn -0.3500 -0.5589 0.7517
vn -0.2738 -0.6058 0.7470
vn -0.3335 -0.5987 0.7282
vn -0.3242 -0.3742 0.8688
vn -0.3934 -0.4586 0.7968
vn -0.4699 -0.2887 0.8342
vn -0.5382 -0.1583 0.8278
vn -0.2987 -0.4409 0.8464
vn -0.8633 -0.1821 0.4707
vn -0.9622 0.2703 -0.0335
vn -0.6001 -0.4491 -0.6620
vn -0.1173 0.3924 -0.9123
vn 0.6950 -0.0405 -0.7178
vn -0.8705 -0.2108 0.4448
vn -0.3330 -0.7041 -0.6272
vn -0.5908 0.7566 0.2802
vn -0.8635 0.0062 0.5044
vn -0.8815 -0.1925 0.4312
vn 0.0807 0.9848 -0.1536
vn 0.7450 -0.0225 -0.6667
vn -0.8846 -0.1569 0.4391
vn -0.8950 -0.1837 0.4065
vn 0.0533 -0.9510 -0.3045
vn 0.9182 0.0762 -0.3888
vn -0.6233 -0.4902 -0.6092
vn 0.1244 -0.0686 -0.9899
vn -0.3090 -0.2222 -0.9248
vn 0.2258 0.1806 -0.9573
vn 0.3698 0.1371 -0.9190
vn 0.2019 -0.0565 -0.9778
vn 0.6835 0.1313 -0.7180
vn 0.2778 0.1484 -0.9491
vn -0.0605 -0.0264 -0.9978
vn -0.4946 -0.4822 -0.7231
vn 0.3229 -0.1556 -0.9335
vn -0.5268 -0.5740 -0.6270
vn -0.7220 -0.4264 -0.5450
vn -0.6770 -0.7357 -0.0195
vn -0.6655 -0.6605 -0.3477
vn -0.2881 -0.9280 -0.2363
vn -0.5517 -0.8325 0.0504
vn 0.2107 -0.9534 0.2162
vn -0.5846 -0.7783 0.2291
vn 0.4025 -0.1972 -0.8939
vn 0.9509 -0.0671 -0.3021
vn 0.9454 -0.2913 -0.1458
vn -0.8545 0.0660 -0.5152
vn 0.5461 -0.7653 -0.3407
vn 0.6997 -0.7090 0.0883
vn -0.2028 -0.8411 0.5015
vn 0.9427 -0.0052 -0.3337
vn -0.3493 -0.8292 -0.4365
vn -0.4380 -0.7761 -0.4537
vn -0.4837 -0.6972 -0.5292
vn -0.6246 -0.4733 -0.6212
vn -0.7101 -0.5336 -0.4593
vn -0.7913 -0.4765 -0.3831
vn -0.9279 -0.3484 -0.1326
vn -0.7884 -0.5568 -0.2615
vn -0.3643 -0.6604 -0.6566
vn -0.7291 -0.5804 -0.3628
vn -0.9396 -0.2845 -0.1904
vn 0.7378 -0.2748 -0.6165
vn 0.9124 0.1734 -0.3708
vn -0.7443 -0.5402 -0.3927
vn -0.7354 0.3838 0.5584
vn -0.8520 0.0971 0.5145
vn -0.5507 0.4200 0.7214
vn -0.4902 0.6147 0.6180
vn 0.0306 0.6306 0.7755
vn -0.5909 0.2306 0.7731
vn 0.0706 0.4193 0.9051
vn -0.5405 0.2303 0.8092
vn -0.8263 -0.0030 0.5632
vn -0.2109 0.1480 0.9662
vn -0.7275 0.0204 0.6858
vn 0.1409 0.2977 0.9442
vn 0.4672 0.3189 0.8247
vn 0.4491 0.1770 0.8758
vn 0.1380 0.3014 0.9435
vn -0.2241 0.3457 0.9112
vn -0.0451 0.2335 0.9713
vn 0.0163 0.2728 0.9619
vn 0.4730 0.2799 0.8354
vn 0.6244 0.4614 0.6303
vn 0.8832 0.2523 0.3953
vn 0.6279 0.1059 0.7711
vn 0.9579 0.0527 0.2822
vn 0.9636 -0.0179 -0.2668
vn 0.9563 -0.0643 0.2851
vn 0.9338 0.1270 0.3344
vn 0.9782 0.1589 0.1340
vn 0.9897 0.0512 0.1338
vn 0.7854 0.1232 0.6066
vn 0.8875 0.3522 0.2972
vn 0.9363 0.3486 -0.0421
vn 0.9625 -0.0442 -0.2676
vn 0.9889 0.0821 -0.1236
vn 0.9632 0.2375 -0.1259
vn 0.9256 -0.1123 -0.3615
vn 0.9047 -0.3128 0.2892
vn 0.9889 -0.1485 -0.0086
vn 0.8680 -0.1928 0.4576
vn 0.4758 -0.1237 -0.8708
vn -0.2960 -0.0512 -0.9538
vn -0.3636 -0.0884 -0.9274
vn 0.9933 0.0514 0.1038
vn 0.9951 -0.0862 0.0483
vn 0.9667 -0.2280 -0.1161
vn 0.5349 -0.1443 -0.8325
vn -0.2496 -0.1891 -0.9497
vn -0.3100 -0.2232 -0.9242
vn 0.3217 0.5985 0.7337
vn 0.5792 0.6422 0.5021
vn 0.3908 0.6378 0.6637
vn 0.4177 0.5709 0.7068
vn 0.6728 0.5953 0.4393
vn 0.7734 0.5969 0.2135
vn 0.8119 0.5833 0.0236
vn 0.8059 0.5920 0.0086
vn 0.8130 0.5589 -0.1634
vn 0.8075 0.5596 -0.1862
vn 0.8034 0.5951 -0.0197
vn 0.6128 0.6620 0.4315
vn 0.8239 0.5453 -0.1545
vn 0.8354 0.5334 -0.1330
vn 0.8357 0.5155 -0.1892
vn 0.8358 0.5488 0.0162
vn 0.7011 0.6526 0.2873
vn 0.0213 -0.2050 0.9785
vn -0.0763 -0.0396 0.9963
vn -0.0982 -0.0268 0.9948
vn 0.0177 -0.2181 0.9758
vn -0.2002 0.0869 0.9759
vn -0.1991 0.0874 0.9761
vn -0.2339 0.9563 -0.1754
vn -0.6563 0.7084 -0.2594
vn -0.3005 0.9357 -0.1848
vn -0.4119 0.8965 -0.1634
vn -0.4578 0.8746 -0.1599
vn -0.7343 0.6230 -0.2695
vn 0.7303 -0.6831 -0.0027
vn 0.7719 -0.6343 -0.0441
vn 0.7614 -0.6465 -0.0476
vn 0.7276 -0.6859 -0.0018
vn 0.7071 -0.6935 0.1378
vn 0.7196 -0.6817 0.1320
vn 0.7907 -0.5413 0.2859
vn 0.8012 -0.5269 0.2836
vn 0.7735 -0.4574 0.4387
vn 0.7776 -0.4404 0.4487
vn -0.7717 -0.3193 0.5501
vn -0.4529 -0.0724 0.8886
vn -0.6951 -0.5813 0.4230
vn -0.9052 -0.0538 0.4216
vn -0.5856 0.0750 0.8071
vn -0.6847 -0.2415 -0.6876
vn -0.6655 -0.6656 -0.3377
vn -0.1879 -0.2200 -0.9572
vn -0.6887 -0.7207 0.0793
vn -0.6369 -0.7243 0.2642
vn -0.4104 -0.0095 0.9118
vn -0.8211 -0.0669 0.5669
vn -0.9923 -0.1144 -0.0466
vn -0.6687 -0.7424 0.0407
vn -0.6980 -0.6084 0.3776
vn -0.8218 -0.5628 0.0884
vn -0.7640 -0.4379 0.4738
vn -0.7274 0.0705 0.6826
vn -0.2897 -0.0064 0.9571
vn -0.2569 0.0070 0.9664
vn -0.9967 0.0781 0.0198
vn -0.8428 0.0641 0.5345
vn -0.3507 0.0062 0.9364
vn -0.2298 -0.3395 0.9121
vn 0.8401 -0.4816 -0.2496
vn 0.2328 -0.9492 -0.2116
vn 0.2675 -0.8997 -0.3449
vn -0.4452 -0.8752 -0.1891
vn -0.2571 -0.7763 -0.5755
vn 0.6445 -0.4773 -0.5973
vn -0.4140 -0.5684 -0.7110
vn -0.7575 -0.6194 -0.2064
vn -0.8295 -0.4452 -0.3373
vn -0.3392 -0.4120 -0.8457
vn 0.6528 -0.1931 -0.7325
vn 0.9543 -0.0354 -0.2969
vn 0.9214 0.1691 -0.3498
vn 0.5593 -0.1000 -0.8229
vn -0.5299 0.0484 0.8467
vn -0.0397 0.2281 0.9728
vn -0.1257 0.1709 0.9772
vn -0.6653 -0.0178 0.7463
vn 0.4249 0.3138 0.8491
vn 0.3937 0.3544 0.8482
vn -0.3631 0.1309 0.9225
vn 0.0474 0.2606 0.9643
vn 0.3470 0.3707 0.8615
vn -0.6299 -0.1313 0.7655
vn -0.5639 0.1889 0.8040
vn -0.8735 0.2570 0.4133
vn -0.8644 0.1755 0.4711
vn -0.7948 -0.0083 -0.6068
vn -0.8736 -0.4812 0.0721
vn -0.6873 0.0963 -0.7199
vn -0.5120 -0.3722 -0.7742
vn -0.2295 -0.1074 -0.9674
vn -0.7660 -0.6411 -0.0476
vn -0.9267 0.1161 0.3575
vn -0.5790 0.1397 0.8033
vn -0.2221 -0.1573 -0.9623
vn -0.7152 -0.0564 -0.6966
vn 0.7229 -0.2562 0.6416
vn 0.9196 -0.3410 0.1952
vn 0.8708 -0.4145 0.2644
vn 0.6582 -0.1326 0.7410
vn 0.9024 -0.3454 0.2578
vn 0.8571 -0.4485 -0.2536
vn 0.8767 -0.3448 -0.3355
vn 0.9543 -0.1631 0.2506
vn 0.9196 -0.2329 -0.3164
vn 0.9409 -0.1617 0.2976
vn 0.6385 -0.0202 0.7693
vn -0.2966 0.1212 0.9473
vn -0.7706 0.2743 0.5753
vn -0.8200 0.1716 0.5460
vn -0.5202 -0.1429 0.8420
vn -0.8054 0.1130 -0.5819
vn -0.9425 -0.3299 0.0530
vn -0.7320 0.1494 -0.6647
vn -0.3026 -0.0109 -0.9531
vn -0.5916 -0.2137 -0.7774
vn -0.9133 -0.4055 0.0380
vn -0.8541 0.1119 0.5079
vn -0.3995 0.0527 0.9152
vn -0.2910 -0.0672 -0.9544
vn -0.7794 0.0262 -0.6260
vn 0.8527 -0.5136 0.0953
vn 0.9302 -0.3548 0.0944
vn 0.8301 -0.2622 0.4922
vn 0.7953 -0.1176 0.5947
vn 0.9736 -0.1965 0.1164
vn 0.8620 -0.3679 -0.3487
vn 0.8759 -0.4788 0.0599
vn 0.8252 -0.4846 -0.2902
vn 0.8820 -0.4692 0.0439
vn 0.8188 -0.4138 0.3979
vn 0.8834 -0.1977 -0.4249
vn -0.7210 0.3767 -0.5817
vn 0.3118 -0.3225 -0.8937
vn 0.2239 -0.5067 -0.8325
vn -0.7809 0.2980 -0.5490
vn -0.6249 0.3997 0.6706
vn -0.7102 0.3381 0.6175
vn -0.8191 -0.1475 -0.5543
vn 0.7672 -0.6407 -0.0292
vn 0.6445 -0.7614 0.0705
vn 0.7124 -0.5892 0.3813
vn 0.5801 -0.6824 0.4447
vn 0.6156 -0.7822 0.0957
vn -0.2309 0.1335 0.9638
vn -0.3124 -0.0199 0.9497
vn -0.7897 -0.0917 0.6066
vn -0.8265 -0.5615 -0.0399
vn 0.2346 -0.2611 -0.9364
vn -0.7192 0.4037 -0.5655
vn -0.5961 0.3617 0.7168
vn -0.2669 0.1204 0.9562
vn 0.8236 -0.5631 -0.0685
vn 0.7118 -0.5740 0.4048
vn 0.7535 -0.6522 -0.0829
vn -0.1264 0.0979 0.9871
vn -0.6743 0.0172 0.7383
vn 0.4457 0.2803 0.8502
vn -0.5700 -0.3351 -0.7502
vn -0.6742 -0.4649 -0.5739
vn -0.5688 -0.4863 -0.6633
vn -0.2185 -0.2334 -0.9475
vn -0.0373 -0.0123 -0.9992
vn 0.5608 0.2543 -0.7879
vn 0.5598 0.4978 -0.6624
vn 0.8511 0.5242 -0.0293
vn -0.5181 -0.2783 -0.8088
vn 0.0204 0.1120 -0.9935
vn 0.6798 0.6484 -0.3427
vn 0.8656 0.4850 -0.1245
vn 0.6236 0.5953 0.5067
vn -0.1711 0.3285 -0.9289
vn 0.5360 0.5576 0.6338
vn 0.1738 0.4522 0.8748
vn -0.2662 0.2208 0.9383
vn 0.4310 0.7254 0.5366
vn -0.3638 0.2758 0.8897
vn -0.8907 -0.1719 0.4208
vn -0.9278 -0.1949 0.3180
vn -0.4673 0.2523 0.8474
vn -0.9215 0.0239 0.3877
vn -0.8962 -0.4099 -0.1696
vn -0.8897 -0.4512 -0.0689
vn -0.9340 -0.3253 0.1476
vn -0.5031 0.6814 0.5316
vn 0.6045 0.6565 0.4512
vn 0.8332 0.5498 0.0587
vn 0.5737 0.5222 -0.6310
vn 0.0099 0.7064 0.7077
vn 0.3493 0.6721 0.6529
vn 0.3978 0.6130 0.6826
vn -0.5012 0.4375 0.7466
vn -0.4397 0.4380 0.7841
vn -0.4463 0.4373 0.7808
vn -0.5115 0.4279 0.7451
vn -0.4205 0.4022 0.8133
vn -0.4197 0.4024 0.8136
vn 0.1605 0.1070 -0.9812
vn 0.1477 0.1046 -0.9835
vn 0.1937 0.0500 -0.9798
vn 0.1936 0.0259 -0.9807
vn 0.0701 0.0453 -0.9965
vn 0.0526 0.0215 -0.9984
vn 0.1311 -0.1039 -0.9859
vn 0.1122 -0.1264 -0.9856
vn -0.6170 -0.0232 -0.7866
vn -0.7378 0.3590 -0.5716
vn -0.6910 0.4016 -0.6010
vn -0.3296 0.1471 -0.9326
vn -0.7785 0.3738 0.5041
vn -0.9953 -0.0911 -0.0336
vn -0.9769 -0.2123 -0.0241
vn -0.6590 0.0052 0.7521
vn -0.3520 0.1545 0.9232
vn -0.6949 0.4110 0.5900
vn -0.3288 0.0828 -0.9407
vn -0.7481 0.2362 -0.6201
vn -0.8041 0.2495 0.5396
vn -0.3775 0.0921 0.9214
vn 0.6173 -0.6549 0.4359
vn 0.7269 -0.6848 0.0522
vn 0.6924 -0.7189 0.0613
vn 0.6520 -0.6767 -0.3420
vn 0.6583 -0.7527 0.0051
vn 0.6976 -0.5463 -0.4637
vn 0.6950 -0.5437 0.4706
vn 0.8105 -0.5858 -0.0036
vn 0.7762 -0.3529 0.5224
vn 0.9034 -0.4286 0.0148
vn 0.7886 -0.3939 -0.4722
vn 0.0936 -0.9947 -0.0427
vn 0.9692 0.0561 0.2396
vn -0.2257 0.1806 -0.9573
vn 0.3094 -0.2226 -0.9245
vn -0.1249 -0.0683 -0.9898
vn -0.3704 0.1375 -0.9187
vn -0.2020 -0.0563 -0.9778
vn -0.6840 0.1308 -0.7176
vn -0.2773 0.1482 -0.9493
vn 0.0609 -0.0266 -0.9978
vn 0.4950 -0.4823 -0.7227
vn -0.3239 -0.1558 -0.9332
vn 0.5270 -0.5744 -0.6264
vn 0.7218 -0.4267 -0.5449
vn 0.6770 -0.7357 -0.0190
vn 0.6656 -0.6607 -0.3471
vn 0.2881 -0.9280 -0.2363
vn 0.5517 -0.8325 0.0504
vn -0.2107 -0.9534 0.2162
vn 0.5848 -0.7782 0.2289
vn -0.4041 -0.1966 -0.8933
vn -0.9508 -0.0675 -0.3022
vn -0.9463 -0.2884 -0.1463
vn 0.8546 0.0660 -0.5152
vn -0.5461 -0.7653 -0.3407
vn -0.6997 -0.7090 0.0883
vn 0.2028 -0.8410 0.5015
vn -0.9427 -0.0052 -0.3337
vn 0.3480 -0.8294 -0.4371
vn 0.4383 -0.7759 -0.4538
vn 0.4835 -0.6974 -0.5290
vn 0.6245 -0.4738 -0.6209
vn 0.7101 -0.5340 -0.4588
vn 0.7911 -0.4763 -0.3838
vn 0.9279 -0.3480 -0.1341
vn 0.7880 -0.5573 -0.2617
vn 0.3654 -0.6608 -0.6556
vn 0.7301 -0.5803 -0.3608
vn 0.9396 -0.2845 -0.1905
vn -0.7379 -0.2750 -0.6164
vn -0.9124 0.1734 -0.3708
vn 0.7455 -0.5399 -0.3908
vn 0.5502 0.4204 0.7215
vn 0.8513 0.0984 0.5153
vn 0.7352 0.3843 0.5584
vn 0.4902 0.6147 0.6180
vn -0.0309 0.6306 0.7755
vn 0.5888 0.2334 0.7738
vn -0.0700 0.4193 0.9052
vn 0.5405 0.2307 0.8091
vn 0.8264 -0.0033 0.5631
vn 0.2125 0.1465 0.9661
vn 0.7281 0.0183 0.6852
vn -0.1410 0.2977 0.9442
vn -0.4663 0.3187 0.8252
vn -0.4491 0.1770 0.8758
vn -0.1379 0.3014 0.9435
vn 0.2241 0.3457 0.9112
vn 0.0451 0.2335 0.9713
vn -0.0164 0.2728 0.9619
vn -0.4731 0.2802 0.8353
vn -0.6238 0.4621 0.6303
vn -0.8831 0.2529 0.3953
vn -0.6289 0.1062 0.7702
vn -0.9577 0.0543 0.2827
vn -0.9641 -0.0168 -0.2652
vn -0.9564 -0.0645 0.2849
vn -0.9336 0.1274 0.3348
vn -0.9783 0.1589 0.1330
vn -0.9895 0.0529 0.1343
vn -0.7864 0.1244 0.6050
vn -0.8872 0.3527 0.2976
vn -0.9362 0.3490 -0.0423
vn -0.9623 -0.0442 -0.2684
vn -0.9891 0.0819 -0.1221
vn -0.9632 0.2374 -0.1257
vn -0.9250 -0.1120 -0.3630
vn -0.9063 -0.3112 0.2861
vn -0.9892 -0.1467 -0.0079
vn -0.8692 -0.1907 0.4561
vn -0.4768 -0.1232 -0.8703
vn 0.2960 -0.0512 -0.9538
vn 0.3636 -0.0884 -0.9274
vn -0.9930 0.0568 0.1033
vn -0.5358 -0.1435 -0.8320
vn 0.2500 -0.1893 -0.9496
vn 0.3100 -0.2232 -0.9242
vn -0.9956 -0.0807 0.0483
vn -0.9682 -0.2215 -0.1161
vn -0.3221 0.5988 0.7333
vn -0.3900 0.6377 0.6643
vn -0.5790 0.6423 0.5022
vn -0.4181 0.5714 0.7062
vn -0.6727 0.5958 0.4387
vn -0.7731 0.5973 0.2136
vn -0.8118 0.5834 0.0239
vn -0.8059 0.5920 0.0087
vn -0.8126 0.5594 -0.1635
vn -0.8072 0.5600 -0.1867
vn -0.8034 0.5951 -0.0202
vn -0.6125 0.6620 0.4321
vn -0.8239 0.5453 -0.1545
vn -0.8354 0.5334 -0.1330
vn -0.8357 0.5155 -0.1892
vn -0.8358 0.5488 0.0162
vn -0.6999 0.6535 0.2882
vn 0.0981 -0.0269 0.9948
vn 0.0763 -0.0396 0.9963
vn -0.0213 -0.2051 0.9785
vn -0.0177 -0.2182 0.9757
vn 0.2002 0.0869 0.9759
vn 0.1991 0.0874 0.9761
vn 0.2339 0.9563 -0.1754
vn 0.3007 0.9357 -0.1848
vn 0.6588 0.7064 -0.2588
vn 0.4133 0.8958 -0.1638
vn 0.4595 0.8736 -0.1604
vn 0.7369 0.6203 -0.2687
vn -0.7614 -0.6465 -0.0476
vn -0.7719 -0.6343 -0.0441
vn -0.7301 -0.6833 -0.0025
vn -0.7276 -0.6859 -0.0018
vn -0.7055 -0.6951 0.1383
vn -0.7179 -0.6834 0.1326
vn -0.7902 -0.5421 0.2859
vn -0.8012 -0.5268 0.2839
vn -0.7721 -0.4597 0.4387
vn -0.7760 -0.4438 0.4482
vn 0.7716 -0.3198 0.5499
vn 0.6953 -0.5808 0.4233
vn 0.4520 -0.0720 0.8891
vn 0.9048 -0.0549 0.4222
vn 0.5856 0.0750 0.8071
vn 0.6843 -0.2421 -0.6878
vn 0.6651 -0.6655 -0.3388
vn 0.1879 -0.2200 -0.9572
vn 0.6887 -0.7207 0.0793
vn 0.6369 -0.7243 0.2642
vn 0.4104 -0.0095 0.9118
vn 0.8211 -0.0669 0.5669
vn 0.9923 -0.1144 -0.0466
vn 0.6688 -0.7423 0.0407
vn 0.6981 -0.6084 0.3776
vn 0.8218 -0.5628 0.0884
vn 0.7640 -0.4379 0.4738
vn 0.7274 0.0705 0.6826
vn 0.2897 -0.0064 0.9571
vn 0.2569 0.0070 0.9664
vn 0.9967 0.0781 0.0198
vn 0.8428 0.0641 0.5345
vn 0.3510 0.0061 0.9363
vn 0.2301 -0.3401 0.9118
vn -0.8393 -0.4823 -0.2510
vn -0.2642 -0.9008 -0.3447
vn -0.2334 -0.9488 -0.2126
vn 0.4457 -0.8753 -0.1875
vn 0.2593 -0.7762 -0.5747
vn -0.6451 -0.4773 -0.5966
vn 0.4139 -0.5681 -0.7113
vn 0.7585 -0.6185 -0.2054
vn 0.8297 -0.4458 -0.3359
vn 0.3403 -0.4129 -0.8448
vn -0.6536 -0.1931 -0.7318
vn -0.9549 -0.0338 -0.2948
vn -0.9218 0.1689 -0.3490
vn -0.5590 -0.1002 -0.8231
vn 0.1257 0.1709 0.9772
vn 0.0393 0.2282 0.9728
vn 0.5299 0.0484 0.8467
vn 0.6654 -0.0178 0.7463
vn -0.4254 0.3136 0.8489
vn -0.3949 0.3545 0.8476
vn 0.3631 0.1309 0.9225
vn -0.0474 0.2606 0.9643
vn -0.3472 0.3710 0.8613
vn 0.8734 0.2579 0.4131
vn 0.5623 0.1890 0.8050
vn 0.6289 -0.1321 0.7662
vn 0.8645 0.1740 0.4716
vn 0.7948 -0.0092 -0.6068
vn 0.8728 -0.4828 0.0724
vn 0.6858 0.0961 -0.7214
vn 0.5112 -0.3727 -0.7744
vn 0.2295 -0.1074 -0.9674
vn 0.7660 -0.6411 -0.0476
vn 0.9264 0.1173 0.3579
vn 0.5790 0.1397 0.8033
vn 0.2221 -0.1573 -0.9623
vn 0.7148 -0.0558 -0.6971
vn -0.7250 -0.2560 0.6394
vn -0.8709 -0.4138 0.2651
vn -0.9206 -0.3383 0.1949
vn -0.6592 -0.1326 0.7402
vn -0.9032 -0.3432 0.2577
vn -0.8580 -0.4480 -0.2511
vn -0.8776 -0.3438 -0.3342
vn -0.9546 -0.1607 0.2509
vn -0.9197 -0.2339 -0.3154
vn -0.9405 -0.1637 0.2976
vn -0.6389 -0.0211 0.7690
vn 0.8209 0.1714 0.5447
vn 0.7700 0.2745 0.5760
vn 0.2964 0.1212 0.9473
vn 0.5195 -0.1435 0.8423
vn 0.8048 0.1126 -0.5828
vn 0.9423 -0.3307 0.0526
vn 0.7330 0.1496 -0.6636
vn 0.3020 -0.0113 -0.9533
vn 0.5916 -0.2137 -0.7774
vn 0.9133 -0.4055 0.0380
vn 0.8541 0.1119 0.5079
vn 0.3995 0.0527 0.9152
vn 0.2907 -0.0670 -0.9545
vn 0.7794 0.0267 -0.6260
vn -0.8523 -0.5144 0.0953
vn -0.8300 -0.2625 0.4921
vn -0.9302 -0.3548 0.0944
vn -0.7953 -0.1176 0.5947
vn -0.9736 -0.1965 0.1164
vn -0.8620 -0.3682 -0.3485
vn -0.8765 -0.4777 0.0597
vn -0.8266 -0.4840 -0.2871
vn -0.8833 -0.4668 0.0437
vn -0.8206 -0.4136 0.3944
vn -0.8834 -0.1977 -0.4249
vn -0.2245 -0.5076 -0.8319
vn -0.3118 -0.3225 -0.8937
vn 0.7210 0.3767 -0.5817
vn 0.7809 0.2980 -0.5490
vn 0.6249 0.3997 0.6706
vn 0.7098 0.3394 0.6172
vn 0.8183 -0.1470 -0.5557
vn -0.7668 -0.6413 -0.0287
vn -0.6444 -0.7613 0.0724
vn -0.7119 -0.5897 0.3814
vn -0.5803 -0.6823 0.4447
vn -0.6172 -0.7807 0.0982
vn 0.2310 0.1336 0.9637
vn 0.3127 -0.0195 0.9496
vn 0.7917 -0.0905 0.6042
vn 0.8252 -0.5633 -0.0423
vn -0.2346 -0.2611 -0.9364
vn 0.7192 0.4037 -0.5655
vn 0.5961 0.3617 0.7168
vn 0.2669 0.1204 0.9562
vn -0.8236 -0.5631 -0.0685
vn -0.7118 -0.5740 0.4048
vn -0.7535 -0.6522 -0.0829
vn 0.1252 0.0983 0.9872
vn 0.6743 0.0171 0.7383
vn -0.4448 0.2808 0.8505
vn 0.5689 -0.4860 -0.6634
vn 0.6746 -0.4638 -0.5743
vn 0.5705 -0.3342 -0.7502
vn 0.2184 -0.2331 -0.9476
vn 0.0379 -0.0123 -0.9992
vn -0.5611 0.2542 -0.7878
vn -0.5599 0.4980 -0.6622
vn -0.8508 0.5247 -0.0299
vn 0.5178 -0.2780 -0.8090
vn -0.0206 0.1121 -0.9935
vn -0.6798 0.6484 -0.3427
vn -0.8659 0.4845 -0.1244
vn -0.6237 0.5954 0.5065
vn 0.1710 0.3285 -0.9289
vn -0.5360 0.5576 0.6338
vn -0.1738 0.4522 0.8748
vn 0.2661 0.2207 0.9383
vn -0.4310 0.7254 0.5366
vn 0.3633 0.2761 0.8898
vn 0.8905 -0.1717 0.4213
vn 0.9277 -0.1950 0.3183
vn 0.4673 0.2523 0.8474
vn 0.9213 0.0242 0.3881
vn 0.8967 -0.4088 -0.1695
vn 0.8899 -0.4510 -0.0690
vn 0.9340 -0.3253 0.1476
vn 0.5029 0.6816 0.5316
vn -0.6045 0.6565 0.4512
vn -0.8317 0.5522 0.0574
vn -0.5735 0.5226 -0.6308
vn -0.0099 0.7064 0.7077
vn -0.3495 0.6719 0.6529
vn -0.3985 0.6130 0.6823
vn 0.4465 0.4372 0.7807
vn 0.4397 0.4380 0.7841
vn 0.5028 0.4368 0.7460
vn 0.5134 0.4269 0.7445
vn 0.4203 0.4018 0.8136
vn 0.4194 0.4020 0.8139
vn -0.1932 0.0494 -0.9799
vn -0.1478 0.1047 -0.9835
vn -0.1604 0.1069 -0.9812
vn -0.1930 0.0255 -0.9809
vn -0.0702 0.0454 -0.9965
vn -0.0528 0.0217 -0.9984
vn -0.1309 -0.1038 -0.9859
vn -0.1121 -0.1263 -0.9856
vn 0.6909 0.4017 -0.6010
vn 0.7388 0.3590 -0.5704
vn 0.6164 -0.0241 -0.7870
vn 0.3296 0.1471 -0.9326
vn 0.7779 0.3737 0.5053
vn 0.9952 -0.0921 -0.0331
vn 0.9769 -0.2123 -0.0240
vn 0.6590 0.0052 0.7521
vn 0.3520 0.1545 0.9232
vn 0.6949 0.4110 0.5900
vn 0.3288 0.0828 -0.9407
vn 0.7481 0.2362 -0.6201
vn 0.8041 0.2495 0.5396
vn 0.3775 0.0921 0.9214
vn -0.6173 -0.6549 0.4358
vn -0.6924 -0.7189 0.0612
vn -0.7269 -0.6848 0.0521
vn -0.6520 -0.6767 -0.3420
vn -0.6583 -0.7527 0.0051
vn -0.6976 -0.5463 -0.4637
vn -0.6950 -0.5437 0.4706
vn -0.8105 -0.5858 -0.0036
vn -0.7762 -0.3529 0.5224
vn -0.9034 -0.4286 0.0148
vn -0.7886 -0.3939 -0.4722
vn -0.0936 -0.9947 -0.0427
vn -0.9692 0.0616 0.2383
usemtl 01_-_Default
s 1
f 1/1/1 3/2/2 2/3/3
f 1/1/1 4/4/4 3/2/2
f 1/1/1 5/5/5 4/4/4
f 1/1/1 6/6/6 5/5/5
f 7/7/7 1/1/1 2/3/3
f 2/3/3 8/8/8 7/7/7
f 9/9/9 7/7/7 8/8/8
f 9/9/9 10/10/10 7/7/7
f 7/7/7 10/10/10 11/11/11
f 12/12/12 7/7/7 11/11/11
f 1/1/1 7/7/7 12/12/12
f 12/12/12 6/6/6 1/1/1
f 13/13/13 15/14/14 14/15/15
f 14/15/15 16/16/16 13/13/13
f 17/17/17 14/15/15 15/14/14
f 15/14/14 18/18/18 17/17/17
f 19/19/19 21/20/20 20/21/20
f 20/21/20 22/22/21 19/19/19
f 23/23/22 19/19/19 22/22/21
f 22/22/21 24/24/23 23/23/22
f 25/25/24 27/26/25 26/27/26
f 26/27/26 28/28/27 25/25/24
f 29/29/28 25/25/24 28/28/27
f 28/28/27 30/30/29 29/29/28
f 31/31/30 29/29/28 30/30/29
f 30/30/29 32/32/31 31/31/30
f 33/33/32 35/34/33 34/35/34
f 34/35/34 36/36/35 33/33/32
f 33/33/32 36/36/35 37/37/36
f 36/36/35 38/38/37 37/37/36
f 39/39/38 37/37/36 38/38/37
f 38/38/37 40/40/39 39/39/38
f 41/41/40 43/42/41 42/43/42
f 41/41/40 44/44/43 43/42/41
f 41/41/40 42/43/42 45/45/44
f 46/46/45 41/41/40 45/45/44
f 45/45/44 42/43/42 47/47/46
f 48/48/47 47/47/46 42/43/42
f 48/48/47 42/43/42 49/49/48
f 50/50/49 48/48/47 49/49/48
f 48/48/47 51/51/50 47/47/46
f 52/52/51 54/53/52 53/54/53
f 52/52/51 55/55/54 54/53/52
f 55/55/54 52/52/51 56/56/55
f 52/52/51 57/57/56 56/56/55
f 58/58/57 52/52/51 53/54/53
f 53/54/53 59/59/58 58/58/57
f 58/58/57 59/59/58 60/60/59
f 58/58/57 60/60/59 61/61/60
f 58/58/57 61/61/60 62/62/61
f 58/58/57 62/62/61 63/63/62
f 52/52/51 58/58/57 63/63/62
f 63/63/62 57/57/56 52/52/51
f 64/64/63 66/65/64 65/66/65
f 65/66/65 67/67/66 64/64/63
f 68/68/67 64/64/63 67/67/66
f 67/67/66 69/69/68 68/68/67
f 70/70/69 72/71/70 71/72/71
f 71/72/71 73/73/72 70/70/69
f 74/74/73 71/72/71 72/71/70
f 72/71/70 75/75/74 74/74/73
f 76/76/75 74/74/73 75/75/74
f 75/75/74 77/77/76 76/76/75
f 78/78/77 80/79/78 79/80/79
f 79/80/79 81/81/80 78/78/77
f 82/82/81 79/80/79 80/79/78
f 80/79/78 83/83/82 82/82/81
f 84/84/83 86/85/84 85/86/85
f 85/86/85 87/87/86 84/84/83
f 84/84/83 87/87/86 88/88/87
f 88/88/87 89/89/88 84/84/83
f 90/90/89 85/86/85 86/85/84
f 86/85/84 91/91/90 90/90/89
f 92/92/91 94/93/92 93/94/93
f 94/93/92 95/95/94 93/94/93
f 94/93/92 96/96/95 95/95/94
f 93/94/93 95/95/94 97/97/96
f 98/98/97 97/97/96 95/95/94
f 96/96/95 99/99/98 95/95/94
f 98/98/97 95/95/94 99/99/98
f 100/100/99 98/98/97 99/99/98
f 98/98/97 101/101/100 97/97/96
f 94/93/92 102/102/101 96/96/95
f 103/103/102 105/104/102 104/105/102
f 106/106/103 108/107/104 107/108/105
f 109/109/106 108/107/104 106/106/103
f 110/110/107 108/107/104 109/109/106
f 111/111/108 108/107/104 110/110/107
f 107/108/105 108/107/104 112/112/109
f 112/112/109 113/113/110 107/108/105
f 112/112/109 114/114/111 113/113/110
f 115/115/112 114/114/111 112/112/109
f 115/115/112 112/112/109 116/116/113
f 112/112/109 117/117/114 116/116/113
f 117/117/114 112/112/109 108/107/104
f 108/107/104 111/111/108 117/117/114
f 118/118/115 120/119/116 119/120/117
f 119/120/117 121/121/118 118/118/115
f 120/119/116 118/118/115 122/122/119
f 122/122/119 123/123/120 120/119/116
f 124/124/121 126/125/121 125/126/122
f 125/126/122 127/127/123 124/124/121
f 127/127/123 125/126/122 128/128/124
f 128/128/124 129/129/125 127/127/123
f 130/130/126 132/131/127 131/132/128
f 131/132/128 133/133/129 130/130/126
f 133/133/129 131/132/128 134/134/130
f 134/134/130 135/135/131 133/133/129
f 135/135/131 134/134/130 136/136/132
f 136/136/132 137/137/133 135/135/131
f 138/138/134 140/139/135 139/140/136
f 139/140/136 141/141/137 138/138/134
f 141/141/137 139/140/136 142/142/138
f 143/143/139 141/141/137 142/142/138
f 143/143/139 142/142/138 144/144/140
f 144/144/140 145/145/141 143/143/139
f 146/146/142 148/147/143 147/148/144
f 149/149/145 148/147/143 146/146/142
f 147/148/144 148/147/143 150/150/146
f 148/147/143 151/151/147 150/150/146
f 147/148/144 150/150/146 152/152/148
f 152/152/148 153/153/149 147/148/144
f 147/148/144 153/153/149 154/154/150
f 153/153/149 155/155/151 154/154/150
f 156/156/152 153/153/149 152/152/148
f 157/157/153 159/158/154 158/159/155
f 160/160/156 159/158/154 157/157/153
f 159/158/154 160/160/156 161/161/157
f 162/162/158 159/158/154 161/161/157
f 158/159/155 159/158/154 163/163/159
f 163/163/159 164/164/160 158/159/155
f 164/164/160 163/163/159 165/165/161
f 165/165/161 163/163/159 166/166/162
f 166/166/162 163/163/159 167/167/163
f 167/167/163 163/163/159 168/168/164
f 168/168/164 163/163/159 159/158/154
f 159/158/154 162/162/158 168/168/164
f 169/169/165 171/170/166 170/171/167
f 170/171/167 172/172/168 169/169/165
f 172/172/168 170/171/167 173/173/169
f 173/173/169 174/174/170 172/172/168
f 175/175/171 177/176/172 176/177/173
f 176/177/173 178/178/174 175/175/171
f 177/176/172 175/175/171 179/179/175
f 179/179/175 180/180/176 177/176/172
f 180/180/176 179/179/175 181/181/177
f 181/181/177 182/182/178 180/180/176
f 183/183/179 185/184/180 184/185/181
f 184/185/181 186/186/182 183/183/179
f 185/184/180 183/183/179 187/187/183
f 187/187/183 188/188/184 185/184/180
f 189/189/185 191/190/186 190/191/187
f 190/191/187 192/192/188 189/189/185
f 193/193/189 192/192/188 190/191/187
f 190/191/187 194/194/190 193/193/189
f 191/190/186 189/189/185 195/195/191
f 195/195/191 196/196/192 191/190/186
f 197/197/193 199/198/194 198/199/195
f 200/200/196 197/197/193 198/199/195
f 201/201/197 197/197/193 200/200/196
f 200/200/196 198/199/195 202/202/198
f 202/202/198 203/203/199 200/200/196
f 204/204/200 201/201/197 200/200/196
f 200/200/196 203/203/199 204/204/200
f 203/203/199 205/205/201 204/204/200
f 206/206/202 203/203/199 202/202/198
f 207/207/203 197/197/193 201/201/197
f 208/208/204 210/209/204 209/210/204
f 211/211/205 213/212/206 212/213/207
f 212/213/207 214/214/208 211/211/205
f 215/215/209 212/213/207 213/212/206
f 213/212/206 216/216/210 215/215/209
f 217/217/211 215/215/209 216/216/210
f 216/216/210 218/218/212 217/217/211
f 211/211/205 219/219/213 213/212/206
f 216/216/210 213/212/206 219/219/213
f 220/220/214 216/216/210 219/219/213
f 218/218/212 216/216/210 220/220/214
f 221/221/215 220/220/214 219/219/213
f 219/219/213 222/222/216 221/221/215
f 223/223/217 222/222/216 219/219/213
f 219/219/213 224/224/218 223/223/217
f 211/211/205 224/224/218 219/219/213
f 225/225/219 223/223/217 224/224/218
f 224/224/218 226/226/220 225/225/219
f 226/226/220 224/224/218 211/211/205
f 223/223/217 225/225/219 227/227/221
f 227/227/221 228/228/222 223/223/217
f 222/222/216 223/223/217 228/228/222
f 228/228/222 229/229/223 222/222/216
f 230/230/224 221/221/215 222/222/216
f 222/222/216 229/229/223 230/230/224
f 217/217/211 218/218/212 231/231/225
f 231/231/225 232/232/226 217/217/211
f 233/233/227 232/232/226 231/231/225
f 231/231/225 234/234/228 233/233/227
f 234/234/228 231/231/225 235/235/229
f 232/232/226 233/233/227 236/236/230
f 236/236/230 237/237/231 232/232/226
f 232/232/226 237/237/231 238/238/232
f 238/238/232 217/217/211 232/232/226
f 217/217/211 238/238/232 239/239/233
f 239/239/233 215/215/209 217/217/211
f 215/215/209 239/239/233 240/240/234
f 240/240/234 212/213/207 215/215/209
f 214/214/208 212/213/207 240/240/234
f 240/240/234 241/241/235 214/214/208
f 242/242/236 214/214/208 241/241/235
f 211/211/205 214/214/208 242/242/236
f 242/242/236 243/243/237 211/211/205
f 211/211/205 243/243/237 226/226/220
f 241/241/235 244/244/238 242/242/236
f 236/236/230 245/245/239 237/237/231
f 240/240/234 239/239/233 246/246/240
f 246/246/240 247/247/241 240/240/234
f 247/247/241 246/246/240 248/248/242
f 248/248/242 249/249/243 247/247/241
f 248/248/242 246/246/240 250/250/244
f 250/250/244 251/251/245 248/248/242
f 247/247/241 249/249/243 252/252/246
f 252/252/246 253/253/247 247/247/241
f 244/244/238 241/241/235 253/253/247
f 253/253/247 252/252/246 254/254/248
f 254/254/248 255/255/249 253/253/247
f 253/253/247 255/255/249 244/244/238
f 256/256/250 251/251/245 250/250/244
f 256/256/250 250/250/244 257/257/251
f 256/256/250 257/257/251 258/258/252
f 258/258/252 257/257/251 259/259/253
f 257/257/251 245/245/239 259/259/253
f 240/240/234 247/247/241 253/253/247
f 253/253/247 241/241/235 240/240/234
f 250/250/244 246/246/240 239/239/233
f 239/239/233 238/238/232 250/250/244
f 237/237/231 257/257/251 250/250/244
f 250/250/244 238/238/232 237/237/231
f 245/245/239 257/257/251 237/237/231
f 245/245/239 260/260/254 259/259/253
f 261/261/255 254/254/248 252/252/246
f 252/252/246 262/262/256 261/261/255
f 252/252/246 249/249/243 262/262/256
f 262/262/256 249/249/243 263/263/257
f 249/249/243 264/264/258 263/263/257
f 249/249/243 248/248/242 264/264/258
f 265/265/259 264/264/258 248/248/242
f 248/248/242 251/251/245 265/265/259
f 251/251/245 256/256/250 265/265/259
f 265/265/259 266/266/260 264/264/258
f 267/267/261 266/266/260 265/265/259
f 268/268/262 266/266/260 267/267/261
f 265/265/259 269/269/263 267/267/261
f 269/269/263 265/265/259 256/256/250
f 268/268/262 270/270/264 266/266/260
f 270/270/264 271/271/265 266/266/260
f 266/266/260 271/271/265 264/264/258
f 268/268/262 267/267/261 272/272/266
f 273/273/267 272/272/266 267/267/261
f 267/267/261 274/274/268 273/273/267
f 274/274/268 267/267/261 269/269/263
f 274/274/268 275/275/269 273/273/267
f 273/273/267 275/275/269 276/276/270
f 272/272/266 273/273/267 276/276/270
f 272/272/266 276/276/270 277/277/271
f 277/277/271 278/278/272 272/272/266
f 278/278/272 268/268/262 272/272/266
f 279/279/273 268/268/262 278/278/272
f 279/279/273 270/270/264 268/268/262
f 270/270/264 280/280/274 271/271/265
f 270/270/264 279/279/273 280/280/274
f 269/269/263 281/281/275 274/274/268
f 282/282/276 274/274/268 281/281/275
f 274/274/268 282/282/276 275/275/269
f 281/281/275 283/283/277 282/282/276
f 284/284/278 282/282/276 283/283/277
f 283/283/277 285/285/279 284/284/278
f 276/276/270 275/275/269 286/286/280
f 283/283/277 281/281/275 258/258/252
f 285/285/279 283/283/277 258/258/252
f 258/258/252 259/259/253 285/285/279
f 287/287/281 280/280/274 279/279/273
f 279/279/273 288/288/282 287/287/281
f 288/288/282 279/279/273 278/278/272
f 282/282/276 284/284/278 289/289/283
f 290/290/284 286/286/280 289/289/283
f 290/290/284 289/289/283 291/291/285
f 291/291/285 292/292/286 290/290/284
f 289/289/283 293/293/287 291/291/285
f 293/293/287 284/284/278 285/285/279
f 284/284/278 293/293/287 289/289/283
f 275/275/269 282/282/276 289/289/283
f 286/286/280 275/275/269 289/289/283
f 285/285/279 294/294/288 293/293/287
f 294/294/288 285/285/279 259/259/253
f 259/259/253 260/260/254 294/294/288
f 280/280/274 287/287/281 295/295/289
f 295/295/289 296/296/290 280/280/274
f 296/296/290 295/295/289 297/297/291
f 296/296/290 297/297/291 298/298/292
f 298/298/292 271/271/265 296/296/290
f 280/280/274 296/296/290 271/271/265
f 264/264/258 271/271/265 298/298/292
f 297/297/291 299/299/293 298/298/292
f 298/298/292 299/299/293 264/264/258
f 300/300/294 299/299/293 297/297/291
f 299/299/293 300/300/294 301/301/295
f 302/302/296 299/299/293 301/301/295
f 264/264/258 299/299/293 263/263/257
f 263/263/257 299/299/293 302/302/296
f 301/301/295 303/303/297 302/302/296
f 303/303/297 301/301/295 304/304/298
f 304/304/298 305/305/299 303/303/297
f 305/305/299 306/306/300 303/303/297
f 305/305/299 304/304/298 307/307/301
f 304/304/298 301/301/295 307/307/301
f 307/307/301 308/308/302 305/305/299
f 302/302/296 262/262/256 263/263/257
f 262/262/256 303/303/297 306/306/300
f 302/302/296 303/303/297 262/262/256
f 262/262/256 306/306/300 261/261/255
f 309/309/303 311/310/304 310/311/305
f 310/311/305 312/312/306 309/309/303
f 313/313/307 309/309/303 312/312/306
f 312/312/306 314/314/308 313/313/307
f 313/313/307 235/235/229 309/309/303
f 315/315/309 311/310/304 309/309/303
f 316/316/310 315/315/309 309/309/303
f 235/235/229 316/316/310 309/309/303
f 316/316/310 231/231/225 315/315/309
f 231/231/225 316/316/310 235/235/229
f 315/315/309 221/221/215 311/310/304
f 310/311/305 311/310/304 221/221/215
f 231/231/225 218/218/212 315/315/309
f 218/218/212 220/220/214 315/315/309
f 315/315/309 220/220/214 221/221/215
f 221/221/215 230/230/224 310/311/305
f 317/317/311 319/318/312 318/319/313
f 318/319/313 320/320/314 317/317/311
f 319/318/312 317/317/311 321/321/315
f 321/321/315 322/322/316 319/318/312
f 322/322/316 321/321/315 323/323/317
f 323/323/317 324/324/318 322/322/316
f 325/325/319 318/319/313 319/318/312
f 319/318/312 322/322/316 325/325/319
f 322/322/316 326/326/320 325/325/319
f 322/322/316 324/324/318 326/326/320
f 325/325/319 326/326/320 327/327/321
f 327/327/321 328/328/322 325/325/319
f 325/325/319 328/328/322 329/329/323
f 329/329/323 330/330/324 325/325/319
f 330/330/324 318/319/313 325/325/319
f 330/330/324 329/329/323 331/331/325
f 331/331/325 332/332/326 330/330/324
f 318/319/313 330/330/324 332/332/326
f 333/333/327 331/331/325 329/329/323
f 329/329/323 334/334/328 333/333/327
f 334/334/328 329/329/323 328/328/322
f 328/328/322 335/335/329 334/334/328
f 328/328/322 327/327/321 336/336/330
f 336/336/330 335/335/329 328/328/322
f 337/337/331 324/324/318 323/323/317
f 323/323/317 338/338/332 337/337/331
f 337/337/331 338/338/332 339/339/333
f 339/339/333 340/340/334 337/337/331
f 337/337/331 340/340/334 341/341/335
f 342/342/336 339/339/333 338/338/332
f 338/338/332 343/343/337 342/342/336
f 344/344/338 343/343/337 338/338/332
f 338/338/332 323/323/317 344/344/338
f 345/345/339 344/344/338 323/323/317
f 323/323/317 321/321/315 345/345/339
f 346/346/340 345/345/339 321/321/315
f 321/321/315 317/317/311 346/346/340
f 346/346/340 317/317/311 320/320/314
f 320/320/314 347/347/341 346/346/340
f 347/347/341 320/320/314 348/348/342
f 348/348/342 320/320/314 318/319/313
f 318/319/313 349/349/343 348/348/342
f 332/332/326 349/349/343 318/319/313
f 348/348/342 350/350/344 347/347/341
f 351/351/345 342/342/336 343/343/337
f 352/352/346 345/345/339 346/346/340
f 346/346/340 353/353/347 352/352/346
f 354/354/348 352/352/346 353/353/347
f 353/353/347 355/355/349 354/354/348
f 356/356/350 352/352/346 354/354/348
f 354/354/348 357/357/351 356/356/350
f 358/358/352 355/355/349 353/353/347
f 353/353/347 359/359/353 358/358/352
f 359/359/353 347/347/341 350/350/344
f 360/360/354 358/358/352 359/359/353
f 359/359/353 361/361/355 360/360/354
f 350/350/344 361/361/355 359/359/353
f 357/357/351 362/362/356 356/356/350
f 356/356/350 362/362/356 363/363/357
f 363/363/357 362/362/356 364/364/358
f 363/363/357 364/364/358 365/365/359
f 351/351/345 363/363/357 365/365/359
f 359/359/353 353/353/347 346/346/340
f 346/346/340 347/347/341 359/359/353
f 345/345/339 352/352/346 356/356/350
f 356/356/350 344/344/338 345/345/339
f 356/356/350 363/363/357 343/343/337
f 343/343/337 344/344/338 356/356/350
f 363/363/357 351/351/345 343/343/337
f 366/366/360 351/351/345 365/365/359
f 358/358/352 360/360/354 367/367/361
f 368/368/362 365/365/359 364/364/358
f 364/364/358 369/369/363 368/368/362
f 370/370/364 368/368/362 369/369/363
f 369/369/363 371/371/365 370/370/364
f 371/371/365 369/369/363 372/372/366
f 369/369/363 364/364/358 372/372/366
f 372/372/366 373/373/367 371/371/365
f 373/373/367 372/372/366 374/374/368
f 374/374/368 375/375/369 373/373/367
f 375/375/369 374/374/368 376/376/370
f 376/376/370 377/377/371 375/375/369
f 378/378/372 375/375/369 377/377/371
f 378/378/372 377/377/371 379/379/373
f 379/379/373 377/377/371 380/380/374
f 378/378/372 381/381/375 375/375/369
f 375/375/369 381/381/375 382/382/376
f 382/382/376 373/373/367 375/375/369
f 373/373/367 382/382/376 383/383/377
f 373/373/367 383/383/377 371/371/365
f 382/382/376 384/384/378 383/383/377
f 381/381/375 384/384/378 382/382/376
f 381/381/375 385/385/379 384/384/378
f 385/385/379 381/381/375 386/386/380
f 386/386/380 381/381/375 378/378/372
f 387/387/381 386/386/380 378/378/372
f 387/387/381 378/378/372 379/379/373
f 379/379/373 380/380/374 388/388/382
f 379/379/373 388/388/382 387/387/381
f 384/384/378 389/389/383 383/383/377
f 376/376/370 390/390/384 377/377/371
f 377/377/371 390/390/384 380/380/374
f 376/376/370 354/354/348 390/390/384
f 355/355/349 390/390/384 354/354/348
f 355/355/349 391/391/385 390/390/384
f 392/392/386 391/391/385 355/355/349
f 358/358/352 392/392/386 355/355/349
f 367/367/361 392/392/386 358/358/352
f 390/390/384 391/391/385 393/393/387
f 391/391/385 394/394/388 393/393/387
f 394/394/388 391/391/385 392/392/386
f 394/394/388 395/395/389 393/393/387
f 393/393/387 395/395/389 396/396/390
f 396/396/390 397/397/391 393/393/387
f 392/392/386 367/367/361 398/398/392
f 387/387/381 388/388/382 399/399/393
f 400/400/394 399/399/393 388/388/382
f 401/401/395 397/397/391 400/400/394
f 388/388/382 401/401/395 400/400/394
f 402/402/396 397/397/391 401/401/395
f 397/397/391 402/402/396 393/393/387
f 401/401/395 380/380/374 402/402/396
f 388/388/382 380/380/374 401/401/395
f 390/390/384 402/402/396 380/380/374
f 402/402/396 390/390/384 393/393/387
f 395/395/389 394/394/388 403/403/397
f 404/404/398 403/403/397 398/398/392
f 405/405/399 403/403/397 404/404/398
f 403/403/397 405/405/399 395/395/389
f 406/406/400 405/405/399 404/404/398
f 405/405/399 406/406/400 395/395/389
f 404/404/398 407/407/401 406/406/400
f 392/392/386 398/398/392 403/403/397
f 394/394/388 392/392/386 403/403/397
f 399/399/393 408/408/402 387/387/381
f 408/408/402 386/386/380 387/387/381
f 409/409/403 411/410/404 410/411/405
f 410/411/405 412/412/406 409/409/403
f 412/412/406 410/411/405 413/413/407
f 413/413/407 414/414/408 412/412/406
f 341/341/335 413/413/407 410/411/405
f 411/410/404 415/415/409 410/411/405
f 415/415/409 416/416/410 410/411/405
f 416/416/410 341/341/335 410/411/405
f 337/337/331 416/416/410 415/415/409
f 416/416/410 337/337/331 341/341/335
f 327/327/321 415/415/409 411/410/404
f 327/327/321 411/410/404 409/409/403
f 324/324/318 337/337/331 415/415/409
f 326/326/320 324/324/318 415/415/409
f 326/326/320 415/415/409 327/327/321
f 409/409/403 336/336/330 327/327/321
f 417/417/411 419/418/412 418/419/413
f 420/420/414 418/419/413 419/418/412
f 418/419/413 420/420/414 421/421/415
f 421/421/415 422/422/416 418/419/413
f 419/418/412 423/423/417 420/420/414
f 424/424/418 421/421/415 420/420/414
f 424/424/418 420/420/414 423/423/417
f 425/425/419 421/421/415 424/424/418
f 425/425/419 424/424/418 426/426/420
f 427/427/421 426/426/420 424/424/418
f 424/424/418 428/428/422 427/427/421
f 424/424/418 423/423/417 428/428/422
f 426/426/420 429/429/423 425/425/419
f 429/429/423 426/426/420 430/430/424
f 431/431/425 429/429/423 430/430/424
f 431/431/425 432/432/426 429/429/423
f 433/433/427 431/431/425 430/430/424
f 434/434/428 431/431/425 433/433/427
f 434/434/428 435/435/429 431/431/425
f 436/436/430 431/431/425 435/435/429
f 431/431/425 436/436/430 432/432/426
f 433/433/427 430/430/424 437/437/431
f 438/438/432 437/437/431 430/430/424
f 439/439/433 437/437/431 438/438/432
f 430/430/424 440/440/434 438/438/432
f 426/426/420 440/440/434 430/430/424
f 426/426/420 441/441/435 440/440/434
f 426/426/420 427/427/421 441/441/435
f 438/438/432 440/440/434 442/442/436
f 440/440/434 441/441/435 442/442/436
f 443/443/437 438/438/432 442/442/436
f 443/443/437 439/439/433 438/438/432
f 444/444/438 439/439/433 443/443/437
f 443/443/437 445/445/439 444/444/438
f 446/446/440 432/432/426 436/436/430
f 436/436/430 447/447/441 446/446/440
f 439/439/433 444/444/438 448/448/442
f 449/449/443 439/439/433 448/448/442
f 439/439/433 449/449/443 437/437/431
f 448/448/442 450/450/444 449/449/443
f 449/449/443 451/451/445 437/437/431
f 450/450/444 451/451/445 449/449/443
f 452/452/446 450/450/444 448/448/442
f 448/448/442 453/453/447 452/452/446
f 453/453/447 448/448/442 444/444/438
f 454/454/448 452/452/446 453/453/447
f 453/453/447 455/455/449 454/454/448
f 455/455/449 456/456/450 454/454/448
f 455/455/449 453/453/447 457/457/451
f 455/455/449 458/458/452 456/456/450
f 459/459/453 455/455/449 457/457/451
f 460/460/454 459/459/453 457/457/451
f 460/460/454 457/457/451 461/461/455
f 461/461/455 457/457/451 462/462/456
f 453/453/447 462/462/456 457/457/451
f 462/462/456 463/463/457 461/461/455
f 459/459/453 464/464/458 455/455/449
f 464/464/458 465/465/459 455/455/449
f 465/465/459 458/458/452 455/455/449
f 466/466/460 464/464/458 459/459/453
f 466/466/460 467/467/461 464/464/458
f 464/464/458 467/467/461 465/465/459
f 466/466/460 459/459/453 468/468/462
f 459/459/453 460/460/454 468/468/462
f 444/444/438 462/462/456 453/453/447
f 462/462/456 444/444/438 445/445/439
f 445/445/439 463/463/457 462/462/456
f 460/460/454 461/461/455 469/469/463
f 470/470/464 469/469/463 461/461/455
f 461/461/455 463/463/457 470/470/464
f 470/470/464 463/463/457 445/445/439
f 460/460/454 469/469/463 471/471/465
f 468/468/462 460/460/454 471/471/465
f 472/472/466 468/468/462 471/471/465
f 472/472/466 471/471/465 473/473/467
f 472/472/466 473/473/467 474/474/468
f 471/471/465 475/475/469 473/473/467
f 471/471/465 469/469/463 475/475/469
f 475/475/469 469/469/463 476/476/470
f 476/476/470 469/469/463 470/470/464
f 476/476/470 477/477/471 475/475/469
f 475/475/469 477/477/471 478/478/472
f 477/477/471 476/476/470 479/479/473
f 473/473/467 475/475/469 480/480/474
f 473/473/467 480/480/474 474/474/468
f 475/475/469 478/478/472 481/481/475
f 480/480/474 475/475/469 481/481/475
f 479/479/473 476/476/470 482/482/476
f 482/482/476 483/483/477 479/479/473
f 482/482/476 484/484/478 483/483/477
f 484/484/478 482/482/476 485/485/479
f 483/483/477 484/484/478 486/486/480
f 484/484/478 487/487/481 486/486/480
f 485/485/479 487/487/481 484/484/478
f 485/485/479 488/488/482 487/487/481
f 489/489/483 487/487/481 488/488/482
f 490/490/484 487/487/481 489/489/483
f 486/486/480 487/487/481 490/490/484
f 490/490/484 489/489/483 491/491/485
f 491/491/485 489/489/483 492/492/486
f 491/491/485 492/492/486 493/493/487
f 492/492/486 489/489/483 494/494/488
f 495/495/489 492/492/486 494/494/488
f 494/494/488 496/496/490 495/495/489
f 496/496/490 494/494/488 427/427/421
f 427/427/421 428/428/422 496/496/490
f 497/497/491 490/490/484 491/491/485
f 497/497/491 491/491/485 498/498/492
f 499/499/493 498/498/492 491/491/485
f 491/491/485 493/493/487 499/499/493
f 488/488/482 500/500/494 489/489/483
f 494/494/488 489/489/483 500/500/494
f 494/494/488 500/500/494 441/441/435
f 494/494/488 441/441/435 427/427/421
f 488/488/482 442/442/436 500/500/494
f 500/500/494 442/442/436 441/441/435
f 499/499/493 493/493/487 501/501/495
f 495/495/489 501/501/495 492/492/486
f 492/492/486 501/501/495 493/493/487
f 502/502/496 501/501/495 495/495/489
f 501/501/495 503/503/497 499/499/493
f 502/502/496 495/495/489 504/504/498
f 495/495/489 496/496/490 504/504/498
f 496/496/490 505/505/499 504/504/498
f 504/504/498 505/505/499 506/506/500
f 506/506/500 507/507/501 504/504/498
f 507/507/501 506/506/500 508/508/502
f 507/507/501 508/508/502 509/509/503
f 509/509/503 510/510/504 507/507/501
f 509/509/503 511/511/505 510/510/504
f 511/511/505 512/512/506 510/510/504
f 510/510/504 512/512/506 513/513/507
f 507/507/501 510/510/504 514/514/508
f 507/507/501 514/514/508 504/504/498
f 504/504/498 514/514/508 515/515/509
f 504/504/498 515/515/509 502/502/496
f 510/510/504 513/513/507 516/516/510
f 516/516/510 514/514/508 510/510/504
f 502/502/496 515/515/509 517/517/511
f 515/515/509 518/518/512 517/517/511
f 514/514/508 516/516/510 518/518/512
f 518/518/512 515/515/509 514/514/508
f 419/418/412 506/506/500 505/505/499
f 417/417/411 506/506/500 419/418/412
f 508/508/502 506/506/500 417/417/411
f 505/505/499 423/423/417 419/418/412
f 519/519/513 417/417/411 418/419/413
f 496/496/490 423/423/417 505/505/499
f 496/496/490 428/428/422 423/423/417
f 502/502/496 517/517/511 520/520/514
f 502/502/496 520/520/514 521/521/515
f 501/501/495 502/502/496 521/521/515
f 521/521/515 503/503/497 501/501/495
f 522/522/516 524/523/517 523/524/518
f 525/525/519 524/523/517 522/522/516
f 522/522/516 526/526/520 525/525/519
f 526/526/520 527/527/521 525/525/519
f 527/527/521 528/528/522 525/525/519
f 527/527/521 529/529/523 528/528/522
f 527/527/521 530/530/524 529/529/523
f 529/529/523 530/530/524 531/531/525
f 531/531/525 530/530/524 532/532/526
f 532/532/526 533/533/527 531/531/525
f 531/531/525 533/533/527 534/534/528
f 534/534/528 533/533/527 535/535/529
f 534/534/528 535/535/529 536/536/530
f 536/536/530 535/535/529 537/537/531
f 535/535/529 533/533/527 538/538/532
f 530/530/524 539/539/533 532/532/526
f 540/540/534 539/539/533 530/530/524
f 540/540/534 530/530/524 527/527/521
f 541/541/535 540/540/534 527/527/521
f 541/541/535 527/527/521 526/526/520
f 541/541/535 542/542/536 540/540/534
f 543/543/537 540/540/534 542/542/536
f 542/542/536 544/544/538 543/543/537
f 545/545/539 544/544/538 542/542/536
f 542/542/536 541/541/535 545/545/539
f 543/543/537 544/544/538 546/546/540
f 547/547/541 543/543/537 546/546/540
f 543/543/537 547/547/541 540/540/534
f 546/546/540 548/548/542 547/547/541
f 540/540/534 549/549/543 539/539/533
f 547/547/541 548/548/542 549/549/543
f 540/540/534 547/547/541 549/549/543
f 539/539/533 549/549/543 550/550/544
f 551/551/545 545/545/539 541/541/535
f 551/551/545 541/541/535 552/552/546
f 526/526/520 552/552/546 541/541/535
f 545/545/539 551/551/545 553/553/547
f 545/545/539 553/553/547 554/554/548
f 554/554/548 555/555/549 545/545/539
f 555/555/549 544/544/538 545/545/539
f 556/556/550 555/555/549 554/554/548
f 549/549/543 548/548/542 557/557/551
f 557/557/551 558/558/552 549/549/543
f 549/549/543 558/558/552 559/559/553
f 559/559/553 560/560/554 549/549/543
f 560/560/554 550/550/544 549/549/543
f 558/558/552 557/557/551 561/561/555
f 550/550/544 560/560/554 538/538/532
f 533/533/527 550/550/544 538/538/532
f 550/550/544 533/533/527 532/532/526
f 539/539/533 550/550/544 532/532/526
f 555/555/549 556/556/550 562/562/556
f 556/556/550 563/563/557 562/562/556
f 562/562/556 544/544/538 555/555/549
f 564/564/558 544/544/538 562/562/556
f 564/564/558 565/565/559 544/544/538
f 546/546/540 544/544/538 565/565/559
f 565/565/559 564/564/558 566/566/560
f 546/546/540 565/565/559 567/567/561
f 568/568/562 546/546/540 567/567/561
f 569/569/563 568/568/562 567/567/561
f 570/570/564 569/569/563 567/567/561
f 546/546/540 568/568/562 571/571/565
f 571/571/565 548/548/542 546/546/540
f 568/568/562 569/569/563 572/572/566
f 568/568/562 572/572/566 571/571/565
f 573/573/567 572/572/566 569/569/563
f 569/569/563 570/570/564 573/573/567
f 573/573/567 574/574/568 572/572/566
f 571/571/565 575/575/569 548/548/542
f 572/572/566 575/575/569 571/571/565
f 572/572/566 576/576/570 575/575/569
f 576/576/570 577/577/571 575/575/569
f 572/572/566 578/578/572 576/576/570
f 572/572/566 574/574/568 578/578/572
f 574/574/568 579/579/573 578/578/572
f 579/579/573 580/580/574 578/578/572
f 580/580/574 581/581/575 578/578/572
f 578/578/572 581/581/575 576/576/570
f 576/576/570 581/581/575 577/577/571
f 581/581/575 580/580/574 582/582/576
f 577/577/571 581/581/575 582/582/576
f 580/580/574 583/583/577 582/582/576
f 583/583/577 584/584/578 582/582/576
f 583/583/577 585/585/579 584/584/578
f 585/585/579 586/586/580 584/584/578
f 574/574/568 587/587/581 579/579/573
f 574/574/568 588/588/582 587/587/581
f 589/589/583 588/588/582 574/574/568
f 590/590/584 588/588/582 589/589/583
f 588/588/582 590/590/584 591/591/585
f 590/590/584 592/592/586 591/591/585
f 584/584/578 593/593/587 582/582/576
f 584/584/578 586/586/580 594/594/588
f 584/584/578 594/594/588 593/593/587
f 586/586/580 595/595/589 594/594/588
f 586/586/580 596/596/590 595/595/589
f 586/586/580 585/585/579 596/596/590
f 585/585/579 597/597/591 596/596/590
f 596/596/590 597/597/591 598/598/592
f 595/595/589 596/596/590 598/598/592
f 598/598/592 599/599/593 595/595/589
f 599/599/593 598/598/592 600/600/594
f 598/598/592 597/597/591 601/601/595
f 598/598/592 601/601/595 602/602/596
f 600/600/594 598/598/592 602/602/596
f 600/600/594 602/602/596 603/603/597
f 601/601/595 604/604/598 602/602/596
f 604/604/598 605/605/599 602/602/596
f 602/602/596 605/605/599 606/606/600
f 607/607/601 602/602/596 606/606/600
f 602/602/596 607/607/601 603/603/597
f 606/606/600 608/608/602 607/607/601
f 607/607/601 608/608/602 609/609/603
f 601/601/595 597/597/591 610/610/604
f 606/606/600 605/605/599 611/611/605
f 611/611/605 612/612/606 606/606/600
f 612/612/606 613/613/607 606/606/600
f 606/606/600 613/613/607 608/608/602
f 614/614/608 613/613/607 612/612/606
f 608/608/602 613/613/607 615/615/609
f 615/615/609 613/613/607 614/614/608
f 608/608/602 615/615/609 609/609/603
f 616/616/610 609/609/603 615/615/609
f 615/615/609 617/617/611 616/616/610
f 618/618/612 617/617/611 615/615/609
f 614/614/608 618/618/612 615/615/609
f 614/614/608 619/619/613 618/618/612
f 619/619/613 620/620/614 618/618/612
f 620/620/614 619/619/613 621/621/615
f 619/619/613 622/622/616 621/621/615
f 614/614/608 622/622/616 619/619/613
f 621/621/615 623/623/617 620/620/614
f 620/620/614 623/623/617 624/624/618
f 624/624/618 625/625/619 620/620/614
f 625/625/619 626/626/620 620/620/614
f 625/625/619 624/624/618 627/627/621
f 628/628/622 626/626/620 625/625/619
f 628/628/622 625/625/619 627/627/621
f 629/629/623 626/626/620 628/628/622
f 626/626/620 629/629/623 630/630/624
f 631/631/625 630/630/624 629/629/623
f 631/631/625 632/632/626 630/630/624
f 630/630/624 632/632/626 633/633/627
f 634/634/628 630/630/624 633/633/627
f 634/634/628 626/626/620 630/630/624
f 626/626/620 634/634/628 620/620/614
f 629/629/623 635/635/629 631/631/625
f 628/628/622 636/636/630 629/629/623
f 628/628/622 637/637/631 636/636/630
f 638/638/632 629/629/623 636/636/630
f 638/638/632 635/635/629 629/629/623
f 639/639/633 635/635/629 638/638/632
f 640/640/634 639/639/633 638/638/632
f 637/637/631 640/640/634 636/636/630
f 640/640/634 638/638/632 636/636/630
f 639/639/633 640/640/634 641/641/635
f 641/641/635 640/640/634 642/642/636
f 643/643/637 641/641/635 642/642/636
f 644/644/638 641/641/635 643/643/637
f 645/645/639 641/641/635 644/644/638
f 641/641/635 646/646/640 639/639/633
f 647/647/641 646/646/640 641/641/635
f 647/647/641 641/641/635 645/645/639
f 648/648/642 647/647/641 645/645/639
f 649/649/643 648/648/642 645/645/639
f 645/645/639 650/650/644 649/649/643
f 537/537/531 649/649/643 650/650/644
f 537/537/531 651/651/645 649/649/643
f 535/535/529 651/651/645 537/537/531
f 650/650/644 645/645/639 652/652/646
f 645/645/639 644/644/638 652/652/646
f 536/536/530 650/650/644 652/652/646
f 537/537/531 650/650/644 536/536/530
f 644/644/638 653/653/647 652/652/646
f 535/535/529 538/538/532 651/651/645
f 654/654/648 642/642/636 640/640/634
f 640/640/634 637/637/631 654/654/648
f 654/654/648 637/637/631 655/655/649
f 656/656/650 654/654/648 655/655/649
f 628/628/622 655/655/649 637/637/631
f 628/628/622 657/657/651 655/655/649
f 657/657/651 628/628/622 658/658/652
f 659/659/653 657/657/651 658/658/652
f 655/655/649 657/657/651 659/659/653
f 659/659/653 656/656/650 655/655/649
f 658/658/652 660/660/654 659/659/653
f 628/628/622 627/627/621 658/658/652
f 658/658/652 627/627/621 661/661/655
f 660/660/654 658/658/652 661/661/655
f 627/627/621 662/662/656 661/661/655
f 663/663/657 662/662/656 627/627/621
f 663/663/657 664/664/658 662/662/656
f 662/662/656 664/664/658 665/665/659
f 661/661/655 662/662/656 665/665/659
f 664/664/658 666/666/660 665/665/659
f 665/665/659 667/667/661 661/661/655
f 661/661/655 667/667/661 660/660/654
f 624/624/618 663/663/657 627/627/621
f 269/269/263 256/256/250 281/281/275
f 281/281/275 256/256/250 258/258/252
f 668/668/662 434/434/428 669/669/663
f 669/669/663 434/434/428 670/670/664
f 434/434/428 433/433/427 670/670/664
f 433/433/427 451/451/445 670/670/664
f 451/451/445 433/433/427 437/437/431
f 434/434/428 668/668/662 435/435/429
f 671/671/665 425/425/419 446/446/440
f 671/671/665 421/421/415 425/425/419
f 446/446/440 672/672/666 671/671/665
f 447/447/441 672/672/666 446/446/440
f 425/425/419 429/429/423 446/446/440
f 429/429/423 432/432/426 446/446/440
f 671/671/665 673/673/667 421/421/415
f 421/421/415 673/673/667 674/674/668
f 674/674/668 673/673/667 675/675/669
f 675/675/669 676/676/670 674/674/668
f 677/677/671 674/674/668 676/676/670
f 422/422/416 674/674/668 677/677/671
f 422/422/416 421/421/415 674/674/668
f 676/676/670 678/678/672 677/677/671
f 679/679/673 675/675/669 673/673/667
f 679/679/673 673/673/667 671/671/665
f 679/679/673 671/671/665 680/680/674
f 672/672/666 680/680/674 671/671/665
f 681/681/675 683/682/676 682/683/677
f 682/683/677 684/684/678 681/681/675
f 683/682/676 681/681/675 685/685/679
f 685/685/679 686/686/680 683/682/676
f 684/684/678 682/683/677 687/687/681
f 687/687/681 688/688/682 684/684/678
f 688/688/682 687/687/681 689/689/683
f 689/689/683 690/690/684 688/688/682
f 690/690/684 689/689/683 691/691/685
f 691/691/685 692/692/686 690/690/684
f 692/692/686 691/691/685 693/693/687
f 693/693/687 694/694/688 692/692/686
f 695/695/689 694/694/688 693/693/687
f 693/693/687 696/696/690 695/695/689
f 697/697/691 695/695/689 696/696/690
f 696/696/690 698/698/692 697/697/691
f 699/699/693 697/697/691 698/698/692
f 698/698/692 700/700/694 699/699/693
f 701/701/695 699/699/693 700/700/694
f 700/700/694 702/702/696 701/701/695
f 703/703/697 701/701/695 702/702/696
f 702/702/696 704/704/698 703/703/697
f 705/705/699 703/703/697 704/704/698
f 704/704/698 706/706/700 705/705/699
f 707/707/701 709/708/702 708/709/703
f 708/709/703 710/710/704 707/707/701
f 710/710/704 708/709/703 711/711/705
f 711/711/705 712/712/706 710/710/704
f 713/713/707 712/712/706 711/711/705
f 711/711/705 714/714/708 713/713/707
f 715/715/709 713/713/707 714/714/708
f 714/714/708 716/716/710 715/715/709
f 717/717/711 719/718/712 718/719/713
f 718/719/713 719/718/712 720/720/714
f 721/721/715 717/717/711 718/719/713
f 721/721/715 722/722/716 717/717/711
f 621/621/615 722/722/716 721/721/715
f 717/717/711 723/723/717 719/718/712
f 724/724/718 723/723/717 717/717/711
f 722/722/716 724/724/718 717/717/711
f 722/722/716 622/622/616 724/724/718
f 621/621/615 622/622/616 722/722/716
f 723/723/717 724/724/718 725/725/719
f 622/622/616 725/725/719 724/724/718
f 726/726/720 725/725/719 622/622/616
f 726/726/720 622/622/616 614/614/608
f 614/614/608 727/727/721 726/726/720
f 725/725/719 728/728/722 723/723/717
f 729/729/723 728/728/722 725/725/719
f 729/729/723 725/725/719 726/726/720
f 729/729/723 726/726/720 730/730/724
f 730/730/724 726/726/720 727/727/721
f 730/730/724 727/727/721 731/731/725
f 614/614/608 731/731/725 727/727/721
f 731/731/725 732/732/726 730/730/724
f 732/732/726 731/731/725 612/612/606
f 614/614/608 612/612/606 731/731/725
f 612/612/606 611/611/605 732/732/726
f 354/354/348 376/376/370 357/357/351
f 357/357/351 376/376/370 362/362/356
f 374/374/368 362/362/356 376/376/370
f 374/374/368 372/372/366 362/362/356
f 372/372/366 364/364/358 362/362/356
f 733/733/727 735/734/728 734/735/729
f 734/735/729 736/736/730 733/733/727
f 735/734/728 733/733/727 737/737/731
f 734/735/729 735/734/728 389/389/383
f 389/389/383 735/734/728 383/383/377
f 383/383/377 735/734/728 371/371/365
f 371/371/365 735/734/728 370/370/364
f 370/370/364 735/734/728 737/737/731
f 368/368/362 370/370/364 737/737/731
f 737/737/731 738/738/732 368/368/362
f 365/365/359 368/368/362 738/738/732
f 738/738/732 366/366/360 365/365/359
f 739/739/733 741/740/734 740/741/735
f 741/740/734 570/570/564 740/741/735
f 570/570/564 741/740/734 742/742/736
f 570/570/564 742/742/736 743/743/737
f 743/743/737 573/573/567 570/570/564
f 743/743/737 744/744/738 573/573/567
f 573/573/567 744/744/738 589/589/583
f 589/589/583 574/574/568 573/573/567
f 740/741/735 745/745/739 739/739/733
f 739/739/733 745/745/739 746/746/740
f 745/745/739 740/741/735 567/567/561
f 740/741/735 570/570/564 567/567/561
f 747/747/741 745/745/739 567/567/561
f 747/747/741 567/567/561 565/565/559
f 565/565/559 566/566/560 747/747/741
f 748/748/742 749/749/743 497/497/491
f 749/749/743 750/750/744 497/497/491
f 497/497/491 750/750/744 490/490/484
f 490/490/484 750/750/744 486/486/480
f 497/497/491 498/498/492 748/748/742
f 751/751/745 575/575/569 752/752/746
f 575/575/569 751/751/745 753/753/747
f 557/557/551 575/575/569 753/753/747
f 575/575/569 557/557/551 548/548/542
f 753/753/747 561/561/555 557/557/551
f 752/752/746 575/575/569 577/577/571
f 577/577/571 593/593/587 752/752/746
f 582/582/576 593/593/587 577/577/571
f 443/443/437 442/442/436 488/488/482
f 443/443/437 488/488/482 485/485/479
f 443/443/437 485/485/479 754/754/748
f 754/754/748 445/445/439 443/443/437
f 485/485/479 482/482/476 754/754/748
f 754/754/748 482/482/476 476/476/470
f 476/476/470 470/470/464 754/754/748
f 445/445/439 754/754/748 470/470/464
f 634/634/628 633/633/627 617/617/611
f 617/617/611 633/633/627 632/632/626
f 616/616/610 617/617/611 632/632/626
f 634/634/628 617/617/611 618/618/612
f 618/618/612 620/620/614 634/634/628
f 755/755/749 757/756/750 756/757/751
f 757/756/750 758/758/752 756/757/751
f 758/758/752 759/759/753 756/757/751
f 758/758/752 760/760/754 759/759/753
f 756/757/751 759/759/753 761/761/755
f 756/757/751 761/761/755 762/762/756
f 762/762/756 761/761/755 763/763/757
f 763/763/757 764/764/758 762/762/756
f 763/763/757 761/761/755 765/765/759
f 766/766/760 765/765/759 761/761/755
f 766/766/760 767/767/761 765/765/759
f 767/767/761 768/768/762 765/765/759
f 765/765/759 768/768/762 769/769/763
f 765/765/759 769/769/763 770/770/764
f 763/763/757 765/765/759 770/770/764
f 763/763/757 770/770/764 771/771/765
f 769/769/763 771/771/765 770/770/764
f 772/772/766 756/757/751 762/762/756
f 764/764/758 772/772/766 762/762/756
f 772/772/766 773/773/767 756/757/751
f 768/768/762 774/774/768 769/769/763
f 769/769/763 774/774/768 775/775/769
f 769/769/763 775/775/769 776/776/770
f 776/776/770 777/777/771 769/769/763
f 776/776/770 778/778/772 777/777/771
f 768/768/762 779/779/773 774/774/768
f 768/768/762 780/780/774 779/779/773
f 768/768/762 767/767/761 780/780/774
f 780/780/774 781/781/775 779/779/773
f 781/781/775 782/782/776 779/779/773
f 782/782/776 774/774/768 779/779/773
f 782/782/776 783/783/777 774/774/768
f 783/783/777 775/775/769 774/774/768
f 775/775/769 783/783/777 784/784/778
f 775/775/769 784/784/778 785/785/779
f 783/783/777 786/786/780 784/784/778
f 786/786/780 783/783/777 787/787/781
f 788/788/782 786/786/780 787/787/781
f 786/786/780 788/788/782 784/784/778
f 784/784/778 789/789/783 785/785/779
f 788/788/782 789/789/783 784/784/778
f 780/780/774 790/790/784 781/781/775
f 791/791/785 790/790/784 780/780/774
f 790/790/784 791/791/785 792/792/786
f 791/791/785 793/793/787 792/792/786
f 792/792/786 794/794/788 790/790/784
f 781/781/775 790/790/784 794/794/788
f 792/792/786 795/795/789 794/794/788
f 795/795/789 796/796/790 794/794/788
f 796/796/790 781/781/775 794/794/788
f 796/796/790 797/797/791 781/781/775
f 795/795/789 792/792/786 798/798/792
f 792/792/786 793/793/787 798/798/792
f 798/798/792 793/793/787 799/799/793
f 793/793/787 800/800/794 799/799/793
f 799/799/793 800/800/794 801/801/795
f 802/802/796 801/801/795 800/800/794
f 803/803/797 802/802/796 800/800/794
f 791/791/785 804/804/798 793/793/787
f 804/804/798 805/805/799 793/793/787
f 805/805/799 803/803/797 800/800/794
f 805/805/799 800/800/794 793/793/787
f 806/806/800 791/791/785 780/780/774
f 806/806/800 780/780/774 767/767/761
f 807/807/801 806/806/800 767/767/761
f 807/807/801 767/767/761 808/808/802
f 767/767/761 766/766/760 808/808/802
f 797/797/791 809/809/803 782/782/776
f 809/809/803 783/783/777 782/782/776
f 783/783/777 809/809/803 787/787/781
f 797/797/791 782/782/776 781/781/775
f 810/810/804 812/811/805 811/812/806
f 810/810/804 813/813/807 812/811/805
f 811/812/806 814/814/808 810/810/804
f 814/814/808 815/815/809 810/810/804
f 814/814/808 811/812/806 816/816/810
f 811/812/806 812/811/805 816/816/810
f 812/811/805 817/817/811 816/816/810
f 816/816/810 817/817/811 818/818/812
f 812/811/805 819/819/813 817/817/811
f 820/820/814 817/817/811 819/819/813
f 817/817/811 820/820/814 818/818/812
f 821/821/815 820/820/814 819/819/813
f 822/822/816 820/820/814 821/821/815
f 822/822/816 823/823/817 820/820/814
f 818/818/812 820/820/814 823/823/817
f 824/824/818 818/818/812 823/823/817
f 822/822/816 825/825/819 823/823/817
f 825/825/819 824/824/818 823/823/817
f 826/826/820 825/825/819 822/822/816
f 825/825/819 826/826/820 827/827/821
f 825/825/819 827/827/821 828/828/822
f 825/825/819 828/828/822 824/824/818
f 829/829/823 824/824/818 828/828/822
f 830/830/824 829/829/823 828/828/822
f 829/829/823 830/830/824 831/831/825
f 829/829/823 831/831/825 832/832/826
f 833/833/827 826/826/820 822/822/816
f 822/822/816 821/821/815 833/833/827
f 821/821/815 819/819/813 834/834/828
f 821/821/815 834/834/828 833/833/827
f 831/831/825 830/830/824 835/835/829
f 835/835/829 836/836/830 831/831/825
f 829/829/823 832/832/826 837/837/831
f 827/827/821 826/826/820 838/838/832
f 838/838/832 839/839/833 827/827/821
f 839/839/833 840/840/834 827/827/821
f 827/827/821 840/840/834 828/828/822
f 835/835/829 830/830/824 840/840/834
f 828/828/822 840/840/834 830/830/824
f 840/840/834 839/839/833 841/841/835
f 835/835/829 840/840/834 841/841/835
f 835/835/829 841/841/835 842/842/836
f 842/842/836 836/836/830 835/835/829
f 836/836/830 843/843/837 831/831/825
f 843/843/837 832/832/826 831/831/825
f 843/843/837 844/844/838 832/832/826
f 832/832/826 844/844/838 837/837/831
f 844/844/838 845/845/839 837/837/831
f 846/846/840 837/837/831 845/845/839
f 842/842/836 847/847/841 836/836/830
f 848/848/842 836/836/830 847/847/841
f 848/848/842 843/843/837 836/836/830
f 849/849/843 847/847/841 842/842/836
f 850/850/844 843/843/837 848/848/842
f 850/850/844 844/844/838 843/843/837
f 847/847/841 849/849/843 851/851/845
f 851/851/845 852/852/846 847/847/841
f 852/852/846 848/848/842 847/847/841
f 851/851/845 853/853/847 852/852/846
f 848/848/842 853/853/847 850/850/844
f 852/852/846 853/853/847 848/848/842
f 853/853/847 854/854/848 850/850/844
f 854/854/848 855/855/849 850/850/844
f 856/856/850 846/846/840 845/845/839
f 846/846/840 856/856/850 857/857/851
f 858/858/852 857/857/851 856/856/850
f 857/857/851 859/859/853 846/846/840
f 860/860/854 846/846/840 859/859/853
f 861/861/855 856/856/850 845/845/839
f 862/862/856 856/856/850 861/861/855
f 861/861/855 863/863/857 862/862/856
f 858/858/852 856/856/850 864/864/858
f 860/860/854 859/859/853 865/865/859
f 845/845/839 866/866/860 861/861/855
f 855/855/849 867/867/861 866/866/860
f 867/867/861 868/868/862 866/866/860
f 866/866/860 868/868/862 861/861/855
f 866/866/860 850/850/844 855/855/849
f 844/844/838 850/850/844 866/866/860
f 844/844/838 866/866/860 845/845/839
f 861/861/855 868/868/862 869/869/863
f 863/863/857 861/861/855 870/870/864
f 861/861/855 869/869/863 870/870/864
f 871/871/865 860/860/854 865/865/859
f 872/872/866 860/860/854 871/871/865
f 818/818/812 872/872/866 871/871/865
f 818/818/812 871/871/865 816/816/810
f 816/816/810 871/871/865 873/873/867
f 871/871/865 865/865/859 873/873/867
f 873/873/867 814/814/808 816/816/810
f 872/872/866 818/818/812 824/824/818
f 872/872/866 824/824/818 829/829/823
f 837/837/831 872/872/866 829/829/823
f 872/872/866 837/837/831 860/860/854
f 860/860/854 837/837/831 846/846/840
f 874/874/868 876/875/869 875/876/870
f 876/875/869 877/877/871 875/876/870
f 875/876/870 877/877/871 878/878/872
f 878/878/872 879/879/873 875/876/870
f 877/877/871 880/880/874 878/878/872
f 877/877/871 876/875/869 880/880/874
f 881/881/875 878/878/872 880/880/874
f 880/880/874 882/882/876 881/881/875
f 874/874/868 875/876/870 883/883/877
f 883/883/877 875/876/870 879/879/873
f 883/883/877 884/884/878 874/874/868
f 874/874/868 885/885/879 876/875/869
f 876/875/869 886/886/880 880/880/874
f 880/880/874 886/886/880 887/887/881
f 880/880/874 887/887/881 882/882/876
f 888/888/882 886/886/880 876/875/869
f 876/875/869 885/885/879 888/888/882
f 885/885/879 889/889/883 888/888/882
f 888/888/882 889/889/883 890/890/884
f 888/888/882 890/890/884 891/891/885
f 888/888/882 891/891/885 886/886/880
f 892/892/886 891/891/885 890/890/884
f 890/890/884 893/893/887 892/892/886
f 894/894/888 892/892/886 893/893/887
f 895/895/889 893/893/887 890/890/884
f 895/895/889 890/890/884 889/889/883
f 889/889/883 896/896/890 895/895/889
f 895/895/889 896/896/890 897/897/891
f 897/897/891 893/893/887 895/895/889
f 897/897/891 896/896/890 898/898/892
f 897/897/891 898/898/892 899/899/893
f 900/900/894 898/898/892 896/896/890
f 900/900/894 901/901/895 898/898/892
f 898/898/892 901/901/895 902/902/896
f 899/899/893 898/898/892 902/902/896
f 900/900/894 896/896/890 903/903/897
f 897/897/891 899/899/893 904/904/898
f 904/904/898 894/894/888 893/893/887
f 897/897/891 904/904/898 893/893/887
f 904/904/898 905/905/899 894/894/888
f 899/899/893 905/905/899 904/904/898
f 906/906/900 899/899/893 902/902/896
f 906/906/900 902/902/896 907/907/901
f 902/902/896 901/901/895 907/907/901
f 903/903/897 896/896/890 908/908/902
f 909/909/903 903/903/897 908/908/902
f 903/903/897 909/909/903 910/910/904
f 910/910/904 909/909/903 911/911/905
f 899/899/893 912/912/906 905/905/899
f 899/899/893 913/913/907 912/912/906
f 906/906/900 913/913/907 899/899/893
f 905/905/899 912/912/906 914/914/908
f 912/912/906 915/915/909 914/914/908
f 916/916/910 913/913/907 906/906/900
f 917/917/911 916/916/910 906/906/900
f 917/917/911 906/906/900 918/918/912
f 906/906/900 907/907/901 918/918/912
f 916/916/910 919/919/913 913/913/907
f 919/919/913 920/920/914 913/913/907
f 920/920/914 912/912/906 913/913/907
f 909/909/903 908/908/902 889/889/883
f 909/909/903 889/889/883 885/885/879
f 909/909/903 885/885/879 874/874/868
f 874/874/868 884/884/878 909/909/903
f 909/909/903 884/884/878 911/911/905
f 884/884/878 921/921/915 911/911/905
f 922/922/916 916/916/910 917/917/911
f 923/923/917 916/916/910 922/922/916
f 924/924/918 919/919/913 916/916/910
f 924/924/918 925/925/919 919/919/913
f 925/925/919 920/920/914 919/919/913
f 924/924/918 916/916/910 926/926/920
f 884/884/878 883/883/877 921/921/915
f 927/927/921 921/921/915 883/883/877
f 927/927/921 883/883/877 879/879/873
f 928/928/922 927/927/921 879/879/873
f 879/879/873 929/929/923 928/928/922
f 879/879/873 878/878/872 929/929/923
f 878/878/872 930/930/924 929/929/923
f 931/931/925 930/930/924 878/878/872
f 878/878/872 881/881/875 931/931/925
f 881/881/875 932/932/926 931/931/925
f 881/881/875 933/933/927 932/932/926
f 932/932/926 933/933/927 934/934/928
f 934/934/928 935/935/929 932/932/926
f 881/881/875 882/882/876 933/933/927
f 936/936/930 933/933/927 882/882/876
f 934/934/928 933/933/927 936/936/930
f 937/937/931 934/934/928 936/936/930
f 882/882/876 938/938/932 936/936/930
f 939/939/933 936/936/930 938/938/932
f 937/937/931 936/936/930 939/939/933
f 940/940/934 937/937/931 939/939/933
f 939/939/933 938/938/932 941/941/935
f 942/942/936 941/941/935 938/938/932
f 882/882/876 943/943/937 938/938/932
f 887/887/881 943/943/937 882/882/876
f 944/944/938 938/938/932 943/943/937
f 945/945/939 944/944/938 943/943/937
f 946/946/940 944/944/938 945/945/939
f 947/947/941 946/946/940 945/945/939
f 948/948/942 947/947/941 945/945/939
f 949/949/943 947/947/941 948/948/942
f 948/948/942 950/950/944 949/949/943
f 950/950/944 951/951/945 949/949/943
f 947/947/941 949/949/943 952/952/946
f 951/951/945 952/952/946 949/949/943
f 947/947/941 952/952/946 953/953/947
f 953/953/947 946/946/940 947/947/941
f 951/951/945 954/954/948 952/952/946
f 954/954/948 953/953/947 952/952/946
f 894/894/888 950/950/944 948/948/942
f 892/892/886 894/894/888 948/948/942
f 955/955/949 892/892/886 948/948/942
f 948/948/942 945/945/939 955/955/949
f 955/955/949 956/956/950 892/892/886
f 955/955/949 945/945/939 956/956/950
f 956/956/950 887/887/881 886/886/880
f 891/891/885 956/956/950 886/886/880
f 956/956/950 891/891/885 892/892/886
f 956/956/950 943/943/937 887/887/881
f 956/956/950 945/945/939 943/943/937
f 905/905/899 950/950/944 894/894/888
f 950/950/944 905/905/899 914/914/908
f 950/950/944 914/914/908 957/957/951
f 957/957/951 914/914/908 958/958/952
f 914/914/908 915/915/909 958/958/952
f 915/915/909 959/959/953 958/958/952
f 959/959/953 915/915/909 960/960/954
f 960/960/954 961/961/955 959/959/953
f 960/960/954 962/962/956 961/961/955
f 957/957/951 958/958/952 963/963/957
f 951/951/945 957/957/951 963/963/957
f 958/958/952 964/964/958 963/963/957
f 958/958/952 959/959/953 964/964/958
f 959/959/953 965/965/959 964/964/958
f 964/964/958 965/965/959 966/966/960
f 964/964/958 967/967/961 963/963/957
f 968/968/962 951/951/945 963/963/957
f 967/967/961 968/968/962 963/963/957
f 969/969/963 964/964/958 966/966/960
f 969/969/963 967/967/961 964/964/958
f 970/970/964 969/969/963 966/966/960
f 965/965/959 970/970/964 966/966/960
f 965/965/959 971/971/965 970/970/964
f 972/972/966 971/971/965 965/965/959
f 959/959/953 972/972/966 965/965/959
f 968/968/962 954/954/948 951/951/945
f 950/950/944 957/957/951 951/951/945
f 973/973/967 975/974/968 974/975/969
f 812/811/805 974/975/969 975/974/968
f 976/976/970 973/973/967 974/975/969
f 974/975/969 977/977/971 976/976/970
f 977/977/971 978/978/972 976/976/970
f 973/973/967 976/976/970 979/979/973
f 979/979/973 980/980/974 973/973/967
f 981/981/975 980/980/974 979/979/973
f 980/980/974 981/981/975 982/982/976
f 979/979/973 983/983/977 981/981/975
f 976/976/970 984/984/978 979/979/973
f 983/983/977 979/979/973 985/985/979
f 980/980/974 982/982/976 986/986/980
f 986/986/980 987/987/981 980/980/974
f 973/973/967 980/980/974 987/987/981
f 988/988/982 987/987/981 986/986/980
f 988/988/982 986/986/980 989/989/983
f 990/990/984 988/988/982 989/989/983
f 991/991/985 988/988/982 990/990/984
f 991/991/985 834/834/828 988/988/982
f 833/833/827 834/834/828 991/991/985
f 992/992/986 833/833/827 991/991/985
f 992/992/986 991/991/985 993/993/987
f 991/991/985 990/990/984 993/993/987
f 992/992/986 993/993/987 994/994/988
f 995/995/989 992/992/986 994/994/988
f 833/833/827 992/992/986 995/995/989
f 833/833/827 995/995/989 996/996/990
f 994/994/988 997/997/991 995/995/989
f 994/994/988 998/998/992 997/997/991
f 997/997/991 999/999/993 995/995/989
f 999/999/993 996/996/990 995/995/989
f 1000/1000/994 996/996/990 999/999/993
f 1000/1000/994 826/826/820 996/996/990
f 833/833/827 996/996/990 826/826/820
f 1001/1001/995 826/826/820 1000/1000/994
f 838/838/832 826/826/820 1001/1001/995
f 819/819/813 1002/1002/996 834/834/828
f 834/834/828 1002/1002/996 988/988/982
f 1002/1002/996 819/819/813 975/974/968
f 1003/1003/997 1002/1002/996 975/974/968
f 1003/1003/997 987/987/981 1002/1002/996
f 987/987/981 988/988/982 1002/1002/996
f 973/973/967 987/987/981 1003/1003/997
f 973/973/967 1003/1003/997 975/974/968
f 812/811/805 975/974/968 819/819/813
f 812/811/805 1004/1004/998 974/975/969
f 1004/1004/998 1005/1005/999 974/975/969
f 908/908/902 896/896/890 889/889/883
f 920/920/914 1007/1006/1000 1006/1007/1001
f 1006/1007/1001 1007/1006/1000 915/915/909
f 915/915/909 912/912/906 1006/1007/1001
f 1006/1007/1001 912/912/906 920/920/914
f 1008/1008/1002 1010/1009/1003 1009/1010/1004
f 1008/1008/1002 1011/1011/1005 1010/1009/1003
f 1012/1012/1006 1008/1008/1002 1009/1010/1004
f 1012/1012/1006 1009/1010/1004 1013/1013/1007
f 1013/1013/1007 1009/1010/1004 1014/1014/1008
f 1009/1010/1004 1015/1015/1009 1014/1014/1008
f 1009/1010/1004 1016/1016/1010 1015/1015/1009
f 1009/1010/1004 1010/1009/1003 1016/1016/1010
f 1017/1017/1011 1015/1015/1009 1016/1016/1010
f 1018/1018/1012 1017/1017/1011 1016/1016/1010
f 1019/1019/1013 1017/1017/1011 1018/1018/1012
f 1016/1016/1010 1010/1009/1003 1020/1020/1014
f 1016/1016/1010 1020/1020/1014 1018/1018/1012
f 1010/1009/1003 1011/1011/1005 1020/1020/1014
f 1011/1011/1005 1021/1021/1015 1020/1020/1014
f 1011/1011/1005 1022/1022/1016 1021/1021/1015
f 1022/1022/1016 1023/1023/1017 1021/1021/1015
f 1024/1024/1018 1023/1023/1017 1022/1022/1016
f 1022/1022/1016 1025/1025/1019 1024/1024/1018
f 1026/1026/1020 1021/1021/1015 1023/1023/1017
f 1021/1021/1015 1026/1026/1020 1020/1020/1014
f 1020/1020/1014 1026/1026/1020 1018/1018/1012
f 1026/1026/1020 1023/1023/1017 1027/1027/1021
f 1028/1028/1022 1026/1026/1020 1027/1027/1021
f 1028/1028/1022 1018/1018/1012 1026/1026/1020
f 1028/1028/1022 1019/1019/1013 1018/1018/1012
f 1019/1019/1013 1028/1028/1022 1029/1029/1023
f 1028/1028/1022 1027/1027/1021 1030/1030/1024
f 1031/1031/1025 1028/1028/1022 1030/1030/1024
f 1028/1028/1022 1031/1031/1025 1029/1029/1023
f 1032/1032/1026 1025/1025/1019 1022/1022/1016
f 1033/1033/1027 1032/1032/1026 1022/1022/1016
f 1033/1033/1027 1022/1022/1016 1011/1011/1005
f 1024/1024/1018 1025/1025/1019 1034/1034/1028
f 1032/1032/1026 1033/1033/1027 1035/1035/1029
f 1029/1029/1023 1031/1031/1025 1036/1036/1030
f 1029/1029/1023 1036/1036/1030 1037/1037/1031
f 1019/1019/1013 1029/1029/1023 1037/1037/1031
f 1038/1038/1032 1019/1019/1013 1037/1037/1031
f 1039/1039/1033 1019/1019/1013 1038/1038/1032
f 1040/1040/1034 1039/1039/1033 1038/1038/1032
f 1017/1017/1011 1019/1019/1013 1039/1039/1033
f 1017/1017/1011 1039/1039/1033 1040/1040/1034
f 1017/1017/1011 1040/1040/1034 1041/1041/1035
f 1042/1042/1036 1017/1017/1011 1041/1041/1035
f 1015/1015/1009 1017/1017/1011 1042/1042/1036
f 1043/1043/1037 1015/1015/1009 1042/1042/1036
f 1014/1014/1008 1015/1015/1009 1043/1043/1037
f 1035/1035/1029 1033/1033/1027 1008/1008/1002
f 1035/1035/1029 1008/1008/1002 1012/1012/1006
f 1008/1008/1002 1033/1033/1027 1011/1011/1005
f 1044/1044/1038 1045/1045/1039 1014/1014/1040
f 1045/1045/1039 1044/1044/1038 1046/1046/1041
f 1046/1046/1041 1047/1047/1042 1045/1045/1039
f 1014/1014/1040 1048/1048/1043 1044/1044/1038
f 1048/1048/1043 1014/1014/1040 1049/1049/1044
f 1049/1049/1044 1050/1050/1045 1048/1048/1043
f 1051/1051/1046 1053/1052/1047 1052/1053/1048
f 1052/1053/1048 1054/1054/1049 1051/1051/1046
f 1054/1054/1049 1052/1053/1048 1055/1055/1050
f 1055/1055/1050 1056/1056/1051 1054/1054/1049
f 1053/1052/1047 1051/1051/1046 1057/1057/1052
f 1057/1057/1052 1058/1058/1053 1053/1052/1047
f 1058/1058/1053 1057/1057/1052 1059/1059/1054
f 1059/1059/1054 1060/1060/1055 1058/1058/1053
f 1061/1061/1056 1063/1062/1057 1062/1063/1058
f 1062/1063/1058 1064/1064/1059 1061/1061/1056
f 1064/1064/1059 1062/1063/1058 1065/1065/1060
f 1065/1065/1060 1066/1066/1061 1064/1064/1059
f 1066/1066/1061 1065/1065/1060 1067/1067/1062
f 1067/1067/1062 1068/1068/1063 1066/1066/1061
f 1063/1062/1057 1061/1061/1056 1069/1069/1064
f 1069/1069/1064 1070/1070/1065 1063/1062/1057
f 1071/1071/1066 1068/1068/1063 1067/1067/1062
f 1067/1067/1062 1072/1072/1067 1071/1071/1066
f 1073/1073/1068 1071/1071/1066 1072/1072/1067
f 1072/1072/1067 1074/1074/1069 1073/1073/1068
f 1075/1075/1070 1073/1073/1068 1074/1074/1069
f 1074/1074/1069 1076/1076/1071 1075/1075/1070
f 1077/1077/1072 1075/1075/1070 1076/1076/1071
f 1076/1076/1071 1078/1078/1073 1077/1077/1072
f 1079/1079/1074 1081/1080/1075 1080/1081/1076
f 1080/1081/1076 1082/1082/1077 1079/1079/1074
f 1082/1082/1077 1080/1081/1076 1083/1083/1078
f 1083/1083/1078 1084/1084/1079 1082/1082/1077
f 1085/1085/1080 1084/1084/1079 1083/1083/1078
f 1083/1083/1078 1086/1086/1081 1085/1085/1080
f 1087/1087/1082 1085/1085/1080 1086/1086/1081
f 1086/1086/1081 1088/1088/1083 1087/1087/1082
f 1089/1089/1084 1091/1090/1085 1090/1091/1086
f 1091/1090/1085 1092/1092/1087 1090/1091/1086
f 1092/1092/1087 1093/1093/1088 1090/1091/1086
f 1092/1092/1087 1094/1094/1089 1093/1093/1088
f 1094/1094/1089 1092/1092/1087 1095/1095/1090
f 1095/1095/1090 1092/1092/1087 1096/1096/1091
f 1091/1090/1085 1096/1096/1091 1092/1092/1087
f 1097/1097/1092 1094/1094/1089 1095/1095/1090
f 1093/1093/1088 1094/1094/1089 1098/1098/1093
f 1099/1099/1094 1093/1093/1088 1098/1098/1093
f 1100/1100/1095 1093/1093/1088 1099/1099/1094
f 1089/1089/1084 1090/1091/1086 1100/1100/1095
f 1093/1093/1088 1100/1100/1095 1090/1091/1086
f 1089/1089/1084 1100/1100/1095 1101/1101/1096
f 1100/1100/1095 1099/1099/1094 1102/1102/1097
f 1101/1101/1096 1100/1100/1095 1102/1102/1097
f 1101/1101/1096 1102/1102/1097 1103/1103/1098
f 1102/1102/1097 1099/1099/1094 1023/1023/1017
f 1098/1098/1093 1023/1023/1017 1099/1099/1094
f 1098/1098/1093 1027/1027/1021 1023/1023/1017
f 1024/1024/1018 1102/1102/1097 1023/1023/1017
f 1102/1102/1097 1024/1024/1018 1104/1104/1099
f 1103/1103/1098 1102/1102/1097 1104/1104/1099
f 1105/1105/1100 1027/1027/1021 1098/1098/1093
f 1105/1105/1100 1098/1098/1093 1094/1094/1089
f 1105/1105/1100 1094/1094/1089 1097/1097/1092
f 1097/1097/1092 1106/1106/1101 1105/1105/1100
f 1105/1105/1100 1030/1030/1024 1027/1027/1021
f 1031/1031/1025 1030/1030/1024 1105/1105/1100
f 1105/1105/1100 1106/1106/1101 1031/1031/1025
f 1024/1024/1018 1034/1034/1028 1104/1104/1099
f 1097/1097/1092 1107/1107/1102 1106/1106/1101
f 1106/1106/1101 1107/1107/1102 1036/1036/1030
f 1106/1106/1101 1036/1036/1030 1031/1031/1025
f 1103/1103/1098 1108/1108/1103 1101/1101/1096
f 1108/1108/1103 1089/1089/1084 1101/1101/1096
f 1108/1108/1103 1109/1109/1104 1089/1089/1084
f 1109/1109/1104 1091/1090/1085 1089/1089/1084
f 1109/1109/1104 1110/1110/1105 1091/1090/1085
f 1110/1110/1105 1111/1111/1106 1091/1090/1085
f 1091/1090/1085 1111/1111/1106 1096/1096/1091
f 1111/1111/1106 1112/1112/1107 1096/1096/1091
f 1112/1112/1107 1113/1113/1108 1096/1096/1091
f 1096/1096/1091 1113/1113/1108 1095/1095/1090
f 1113/1113/1108 1114/1114/1109 1095/1095/1090
f 1095/1095/1090 1114/1114/1109 1115/1115/1110
f 1095/1095/1090 1115/1115/1110 1116/1116/1111
f 1115/1115/1110 1117/1117/1112 1116/1116/1111
f 1117/1117/1112 1107/1107/1102 1097/1097/1092
f 1095/1095/1090 1116/1116/1111 1097/1097/1092
f 1116/1116/1111 1117/1117/1112 1097/1097/1092
f 1118/1118/1113 1120/1119/1114 1119/1120/1115
f 1119/1120/1115 1121/1121/1116 1118/1118/1113
f 1122/1122/1117 1119/1120/1115 1120/1119/1114
f 1120/1119/1114 1123/1123/1118 1122/1122/1117
f 1124/1124/1119 1118/1118/1113 1121/1121/1116
f 1121/1121/1116 1125/1125/1120 1124/1124/1119
f 1126/1126/1121 1124/1124/1119 1125/1125/1120
f 1125/1125/1120 1127/1127/1122 1126/1126/1121
f 1128/1128/1123 1130/1129/1124 1129/1130/1125
f 1129/1130/1125 1131/1131/1126 1128/1128/1123
f 1132/1132/1127 1129/1130/1125 1130/1129/1124
f 1130/1129/1124 1133/1133/1128 1132/1132/1127
f 1134/1134/1129 1132/1132/1127 1133/1133/1128
f 1133/1133/1128 1135/1135/1130 1134/1134/1129
f 1136/1136/1131 1138/1137/1132 1137/1138/1133
f 1138/1137/1132 1139/1139/1134 1137/1138/1133
f 1139/1139/1134 1138/1137/1132 1140/1140/1135
f 1140/1140/1135 1141/1141/1136 1139/1139/1134
f 1141/1141/1136 1140/1140/1135 1142/1142/1137
f 1142/1142/1137 1143/1143/1138 1141/1141/1136
f 1140/1140/1135 1138/1137/1132 1144/1144/1139
f 1136/1136/1131 1144/1144/1139 1138/1137/1132
f 1145/1145/1140 1140/1140/1135 1144/1144/1139
f 1145/1145/1140 1142/1142/1137 1140/1140/1135
f 1145/1145/1140 1144/1144/1139 1146/1146/1141
f 1146/1146/1141 1144/1144/1139 1147/1147/1142
f 1147/1147/1142 1144/1144/1139 1136/1136/1131
f 1148/1148/1143 1146/1146/1141 1147/1147/1142
f 1148/1148/1143 1147/1147/1142 1149/1149/1144
f 1149/1149/1144 1150/1150/1145 1148/1148/1143
f 1149/1149/1144 1147/1147/1142 1151/1151/1146
f 1147/1147/1142 1152/1152/1147 1151/1151/1146
f 1136/1136/1131 1152/1152/1147 1147/1147/1142
f 1153/1153/1148 1149/1149/1144 1151/1151/1146
f 1149/1149/1144 1153/1153/1148 1150/1150/1145
f 1153/1153/1148 1154/1154/1149 1150/1150/1145
f 1151/1151/1146 1155/1155/1150 1153/1153/1148
f 1152/1152/1147 1136/1136/1131 1156/1156/1151
f 1136/1136/1131 1137/1138/1133 1156/1156/1151
f 1148/1148/1143 1150/1150/1145 1157/1157/1152
f 1157/1157/1152 1158/1158/1153 1148/1148/1143
f 1148/1148/1143 1158/1158/1153 1146/1146/1141
f 1145/1145/1140 1146/1146/1141 1159/1159/1154
f 1146/1146/1141 1158/1158/1153 1159/1159/1154
f 1160/1160/1155 1150/1150/1145 1154/1154/1149
f 1150/1150/1145 1160/1160/1155 1157/1157/1152
f 1158/1158/1153 1161/1161/1156 1159/1159/1154
f 1157/1157/1152 1162/1162/1157 1158/1158/1153
f 1162/1162/1157 1157/1157/1152 1160/1160/1155
f 1158/1158/1153 1162/1162/1157 1163/1163/1158
f 1161/1161/1156 1158/1158/1153 1163/1163/1158
f 1160/1160/1155 1164/1164/1159 1162/1162/1157
f 1163/1163/1158 1165/1165/1160 1161/1161/1156
f 1161/1161/1156 1165/1165/1160 1166/1166/1161
f 1161/1161/1156 1166/1166/1161 1167/1167/1162
f 1161/1161/1156 1167/1167/1162 1159/1159/1154
f 1167/1167/1162 1166/1166/1161 1168/1168/1163
f 1169/1169/1164 1167/1167/1162 1168/1168/1163
f 1169/1169/1164 1159/1159/1154 1167/1167/1162
f 1145/1145/1140 1159/1159/1154 1169/1169/1164
f 1168/1168/1163 1170/1170/1165 1169/1169/1164
f 1142/1142/1137 1169/1169/1164 1170/1170/1165
f 1145/1145/1140 1169/1169/1164 1142/1142/1137
f 1170/1170/1165 1143/1143/1138 1142/1142/1137
f 1171/1171/1166 1173/1172/1167 1172/1173/1168
f 1172/1173/1168 1174/1174/1169 1171/1171/1166
f 1175/1175/1170 1172/1173/1168 1173/1172/1167
f 1173/1172/1167 1176/1176/1171 1175/1175/1170
f 1177/1177/1172 1175/1175/1170 1176/1176/1171
f 1176/1176/1171 1178/1178/1173 1177/1177/1172
f 1179/1179/1174 1177/1177/1172 1178/1178/1173
f 1178/1178/1173 1180/1180/1175 1179/1179/1174
f 1181/1181/1176 1171/1171/1166 1174/1174/1169
f 1174/1174/1169 1182/1182/1177 1181/1181/1176
f 1183/1183/1178 1181/1181/1176 1182/1182/1177
f 1182/1182/1177 1184/1184/1179 1183/1183/1178
f 1185/1185/1180 1183/1183/1178 1184/1184/1179
f 1184/1184/1179 1186/1186/1181 1185/1185/1180
f 1179/1179/1174 1180/1180/1175 1187/1187/1182
f 1187/1187/1182 1188/1188/1183 1179/1179/1174
f 1188/1188/1183 1187/1187/1182 1189/1189/1184
f 1189/1189/1184 1190/1190/1185 1188/1188/1183
f 1190/1190/1185 1189/1189/1184 1191/1191/1186
f 1191/1191/1186 1192/1192/1187 1190/1190/1185
f 1192/1192/1187 1191/1191/1186 1193/1193/1188
f 1193/1193/1188 1194/1194/1189 1192/1192/1187
f 1194/1194/1189 1193/1193/1188 1195/1195/1190
f 1195/1195/1190 1196/1196/1191 1194/1194/1189
f 1196/1196/1191 1195/1195/1190 1197/1197/1192
f 1197/1197/1192 1198/1198/1193 1196/1196/1191
f 1198/1198/1193 1197/1197/1192 1199/1199/1194
f 1199/1199/1194 1200/1200/1195 1198/1198/1193
f 1201/1201/1196 1203/1202/1197 1202/1203/1198
f 1202/1203/1198 1204/1204/1199 1201/1201/1196
f 1205/1205/1200 1202/1203/1198 1203/1202/1197
f 1203/1202/1197 1206/1206/1201 1205/1205/1200
f 1201/1201/1196 1204/1204/1199 1207/1207/1202
f 1207/1207/1202 1208/1208/1203 1201/1201/1196
f 1208/1208/1203 1207/1207/1202 1209/1209/1204
f 1209/1209/1204 1210/1210/1205 1208/1208/1203
f 1211/1211/1206 1213/1212/1207 1212/1213/1208
f 1212/1213/1208 1213/1212/1207 1214/1214/1209
f 1215/1215/1210 1211/1211/1206 1212/1213/1208
f 1214/1214/1209 1216/1216/1211 1212/1213/1208
f 1211/1211/1206 1215/1215/1210 1217/1217/1212
f 1215/1215/1210 1218/1218/1213 1217/1217/1212
f 1218/1218/1213 1215/1215/1210 1219/1219/1214
f 1219/1219/1214 1220/1220/1215 1218/1218/1213
f 1217/1217/1212 1221/1221/1216 1211/1211/1206
f 1211/1211/1206 1221/1221/1216 1213/1212/1207
f 1222/1222/1217 1219/1219/1214 1215/1215/1210
f 1219/1219/1214 1222/1222/1217 1223/1223/1218
f 1222/1222/1217 1215/1215/1210 1224/1224/1219
f 1224/1224/1219 1215/1215/1210 1212/1213/1208
f 1224/1224/1219 1212/1213/1208 1216/1216/1211
f 1216/1216/1211 1225/1225/1220 1224/1224/1219
f 1226/1226/1221 1223/1223/1218 1222/1222/1217
f 1222/1222/1217 1227/1227/1222 1226/1226/1221
f 1222/1222/1217 1224/1224/1219 1227/1227/1222
f 1226/1226/1221 1227/1227/1222 1228/1228/1223
f 1227/1227/1222 1229/1229/1224 1228/1228/1223
f 1230/1230/1225 1229/1229/1224 1227/1227/1222
f 1227/1227/1222 1231/1231/1226 1230/1230/1225
f 1224/1224/1219 1231/1231/1226 1227/1227/1222
f 1230/1230/1225 1231/1231/1226 1232/1232/1227
f 1231/1231/1226 1233/1233/1228 1232/1232/1227
f 1233/1233/1228 1231/1231/1226 1234/1234/1229
f 1224/1224/1219 1225/1225/1220 1234/1234/1229
f 1234/1234/1229 1231/1231/1226 1224/1224/1219
f 1228/1228/1223 1235/1235/1230 1226/1226/1221
f 1229/1229/1224 1230/1230/1225 1236/1236/1231
f 1230/1230/1225 1232/1232/1227 1236/1236/1231
f 1237/1237/1232 1239/1238/1233 1238/1239/1234
f 1238/1239/1234 1239/1238/1233 1240/1240/1235
f 1241/1241/1236 1238/1239/1234 1240/1240/1235
f 1240/1240/1235 1242/1242/1237 1241/1241/1236
f 1243/1243/1238 1241/1241/1236 1242/1242/1237
f 1242/1242/1237 1244/1244/1239 1243/1243/1238
f 1241/1241/1236 1245/1245/1240 1238/1239/1234
f 1237/1237/1232 1238/1239/1234 1245/1245/1240
f 1246/1246/1241 1245/1245/1240 1241/1241/1236
f 1246/1246/1241 1241/1241/1236 1243/1243/1238
f 1246/1246/1241 1247/1247/1242 1245/1245/1240
f 1247/1247/1242 1248/1248/1243 1245/1245/1240
f 1248/1248/1243 1237/1237/1232 1245/1245/1240
f 1249/1249/1244 1248/1248/1243 1247/1247/1242
f 1250/1250/1245 1248/1248/1243 1249/1249/1244
f 1249/1249/1244 1251/1251/1246 1250/1250/1245
f 1250/1250/1245 1252/1252/1247 1248/1248/1243
f 1248/1248/1243 1252/1252/1247 1253/1253/1248
f 1237/1237/1232 1248/1248/1243 1253/1253/1248
f 1252/1252/1247 1250/1250/1245 1254/1254/1249
f 1251/1251/1246 1254/1254/1249 1250/1250/1245
f 1254/1254/1249 1251/1251/1246 1255/1255/1250
f 1254/1254/1249 1256/1256/1251 1252/1252/1247
f 1253/1253/1248 1257/1257/1252 1237/1237/1232
f 1237/1237/1232 1257/1257/1252 1239/1238/1233
f 1258/1258/1253 1251/1251/1246 1249/1249/1244
f 1249/1249/1244 1259/1259/1254 1258/1258/1253
f 1249/1249/1244 1247/1247/1242 1259/1259/1254
f 1246/1246/1241 1260/1260/1255 1247/1247/1242
f 1247/1247/1242 1260/1260/1255 1259/1259/1254
f 1261/1261/1256 1255/1255/1250 1251/1251/1246
f 1251/1251/1246 1258/1258/1253 1261/1261/1256
f 1259/1259/1254 1260/1260/1255 1262/1262/1257
f 1258/1258/1253 1259/1259/1254 1263/1263/1258
f 1261/1261/1256 1258/1258/1253 1263/1263/1258
f 1259/1259/1254 1264/1264/1259 1263/1263/1258
f 1262/1262/1257 1264/1264/1259 1259/1259/1254
f 1263/1263/1258 1265/1265/1260 1261/1261/1256
f 1264/1264/1259 1262/1262/1257 1266/1266/1261
f 1262/1262/1257 1267/1267/1262 1266/1266/1261
f 1262/1262/1257 1268/1268/1263 1267/1267/1262
f 1262/1262/1257 1260/1260/1255 1268/1268/1263
f 1268/1268/1263 1269/1269/1264 1267/1267/1262
f 1269/1269/1264 1268/1268/1263 1270/1270/1265
f 1270/1270/1265 1268/1268/1263 1260/1260/1255
f 1246/1246/1241 1270/1270/1265 1260/1260/1255
f 1270/1270/1265 1271/1271/1266 1269/1269/1264
f 1271/1271/1266 1270/1270/1265 1243/1243/1238
f 1246/1246/1241 1243/1243/1238 1270/1270/1265
f 1243/1243/1238 1244/1244/1239 1271/1271/1266
f 1272/1272/1267 1274/1273/1268 1273/1274/1269
f 1273/1274/1269 1275/1275/1270 1272/1272/1267
f 1275/1275/1270 1273/1274/1269 1276/1276/1271
f 1276/1276/1271 1277/1277/1272 1275/1275/1270
f 1277/1277/1272 1276/1276/1271 1278/1278/1273
f 1278/1278/1273 1279/1279/1274 1277/1277/1272
f 1279/1279/1274 1278/1278/1273 1280/1280/1275
f 1280/1280/1275 1281/1281/1276 1279/1279/1274
f 1274/1273/1268 1272/1272/1267 1282/1282/1277
f 1282/1282/1277 1283/1283/1278 1274/1273/1268
f 1283/1283/1278 1282/1282/1277 1284/1284/1279
f 1284/1284/1279 1285/1285/1280 1283/1283/1278
f 1285/1285/1280 1284/1284/1279 1286/1286/1281
f 1286/1286/1281 1287/1287/1282 1285/1285/1280
f 1288/1288/1283 1281/1281/1276 1280/1280/1275
f 1280/1280/1275 1289/1289/1284 1288/1288/1283
f 1290/1290/1285 1288/1288/1283 1289/1289/1284
f 1289/1289/1284 1291/1291/1286 1290/1290/1285
f 1292/1292/1287 1290/1290/1285 1291/1291/1286
f 1291/1291/1286 1293/1293/1288 1292/1292/1287
f 1294/1294/1289 1292/1292/1287 1293/1293/1288
f 1293/1293/1288 1295/1295/1290 1294/1294/1289
f 1296/1296/1291 1294/1294/1289 1295/1295/1290
f 1295/1295/1290 1297/1297/1292 1296/1296/1291
f 1298/1298/1293 1296/1296/1291 1297/1297/1292
f 1297/1297/1292 1299/1299/1294 1298/1298/1293
f 1300/1300/1295 1298/1298/1293 1299/1299/1294
f 1299/1299/1294 1301/1301/1296 1300/1300/1295
f 1302/1302/1297 1304/1303/1298 1303/1304/1299
f 1303/1304/1299 1305/1305/1300 1302/1302/1297
f 1305/1305/1300 1303/1304/1299 1306/1306/1301
f 1306/1306/1301 1307/1307/1302 1305/1305/1300
f 1308/1308/1303 1304/1303/1298 1302/1302/1297
f 1302/1302/1297 1309/1309/1304 1308/1308/1303
f 1310/1310/1305 1308/1308/1303 1309/1309/1304
f 1309/1309/1304 1311/1311/1306 1310/1310/1305
f 1312/1312/1307 1314/1313/1308 1313/1314/1309
f 1314/1313/1308 1315/1315/1310 1313/1314/1309
f 1316/1316/1311 1314/1313/1308 1312/1312/1307
f 1315/1315/1310 1314/1313/1308 1317/1317/1312
f 1312/1312/1307 1318/1318/1313 1316/1316/1311
f 1316/1316/1311 1318/1318/1313 1319/1319/1314
f 1320/1320/1315 1316/1316/1311 1319/1319/1314
f 1319/1319/1314 1321/1321/1316 1320/1320/1315
f 1318/1318/1313 1312/1312/1307 1322/1322/1317
f 1312/1312/1307 1313/1314/1309 1322/1322/1317
f 1323/1323/1318 1316/1316/1311 1320/1320/1315
f 1320/1320/1315 1324/1324/1319 1323/1323/1318
f 1323/1323/1318 1325/1325/1320 1316/1316/1311
f 1325/1325/1320 1314/1313/1308 1316/1316/1311
f 1317/1317/1312 1314/1313/1308 1325/1325/1320
f 1325/1325/1320 1326/1326/1321 1317/1317/1312
f 1327/1327/1322 1323/1323/1318 1324/1324/1319
f 1327/1327/1322 1328/1328/1323 1323/1323/1318
f 1323/1323/1318 1328/1328/1323 1325/1325/1320
f 1329/1329/1324 1328/1328/1323 1327/1327/1322
f 1328/1328/1323 1329/1329/1324 1330/1330/1325
f 1331/1331/1326 1328/1328/1323 1330/1330/1325
f 1328/1328/1323 1331/1331/1326 1332/1332/1327
f 1328/1328/1323 1332/1332/1327 1325/1325/1320
f 1331/1331/1326 1333/1333/1328 1332/1332/1327
f 1332/1332/1327 1333/1333/1328 1334/1334/1329
f 1334/1334/1329 1335/1335/1330 1332/1332/1327
f 1325/1325/1320 1332/1332/1327 1335/1335/1330
f 1335/1335/1330 1326/1326/1321 1325/1325/1320
f 1327/1327/1322 1336/1336/1331 1329/1329/1324
f 1330/1330/1325 1337/1337/1332 1331/1331/1326
f 1331/1331/1326 1337/1337/1332 1333/1333/1328
f 1338/1338/1333 1340/1339/1334 1339/1340/1335
f 1339/1340/1335 1340/1339/1334 1341/1341/1336
f 1342/1342/1337 1340/1339/1334 1338/1338/1333
f 1338/1338/1333 1343/1343/1338 1342/1342/1337
f 1343/1343/1338 1344/1344/1339 1342/1342/1337
f 1344/1344/1339 1345/1345/1340 1342/1342/1337
f 1344/1344/1339 1346/1346/1341 1345/1345/1340
f 1345/1345/1340 1346/1346/1341 1347/1347/1342
f 1348/1348/1343 1343/1343/1338 1338/1338/1333
f 1338/1338/1333 1339/1340/1335 1349/1349/1344
f 1349/1349/1344 1348/1348/1343 1338/1338/1333
f 1348/1348/1343 1349/1349/1344 1350/1350/1345
f 1350/1350/1345 1351/1351/1346 1348/1348/1343
f 1348/1348/1343 1352/1352/1347 1343/1343/1338
f 1351/1351/1346 1352/1352/1347 1348/1348/1343
f 1353/1353/1348 1346/1346/1341 1344/1344/1339
f 1354/1354/1349 1353/1353/1348 1344/1344/1339
f 1351/1351/1346 1354/1354/1349 1352/1352/1347
f 1343/1343/1338 1352/1352/1347 1354/1354/1349
f 1354/1354/1349 1344/1344/1339 1343/1343/1338
f 1354/1354/1349 1355/1355/1350 1353/1353/1348
f 1351/1351/1346 1355/1355/1350 1354/1354/1349
f 1355/1355/1350 1356/1356/1351 1353/1353/1348
f 1349/1349/1344 1357/1357/1352 1350/1350/1345
f 1358/1358/1353 1360/1359/1354 1359/1360/1355
f 1359/1360/1355 1361/1361/1356 1358/1358/1353
f 1358/1358/1353 1361/1361/1356 1362/1362/1357
f 1362/1362/1357 1363/1363/1358 1358/1358/1353
f 1363/1363/1358 1362/1362/1357 1364/1364/1359
f 1363/1363/1358 1364/1364/1359 1365/1365/1360
f 1366/1366/1361 1368/1367/1362 1367/1368/1363
f 1367/1368/1363 1369/1369/1364 1366/1366/1361
f 1369/1369/1364 1367/1368/1363 1370/1370/1365
f 1370/1370/1365 1371/1371/1366 1369/1369/1364
f 1372/1372/1367 1371/1371/1366 1370/1370/1365
f 1370/1370/1365 1373/1373/1368 1372/1372/1367
f 1374/1374/1369 1376/1375/1370 1375/1376/1371
f 1375/1376/1371 1377/1377/1372 1374/1374/1369
f 1376/1375/1370 1374/1374/1369 1378/1378/1373
f 1378/1378/1373 1379/1379/1374 1376/1375/1370
f 1379/1379/1374 1378/1378/1373 1380/1380/1375
f 1380/1380/1375 1381/1381/1376 1379/1379/1374
f 1381/1381/1376 1380/1380/1375 1382/1382/1377
f 1382/1382/1377 1383/1383/1378 1381/1381/1376
f 1384/1384/1379 1386/1385/1380 1385/1386/1381
f 1385/1386/1381 1387/1387/1382 1384/1384/1379
f 1388/1388/1383 1385/1386/1381 1386/1385/1380
f 1386/1385/1380 1389/1389/1384 1388/1388/1383
f 1390/1390/1385 1388/1388/1383 1389/1389/1384
f 1389/1389/1384 1391/1391/1386 1390/1390/1385
f 1392/1392/1387 1390/1390/1385 1391/1391/1386
f 1391/1391/1386 1393/1393/1388 1392/1392/1387
f 1394/1394/1389 1396/1395/1390 1395/1396/1391
f 1396/1395/1390 1397/1397/1392 1395/1396/1391
f 1398/1398/1393 1394/1394/1389 1395/1396/1391
f 1394/1394/1389 1398/1398/1393 1399/1399/1394
f 1399/1399/1394 1398/1398/1393 1400/1400/1395
f 1400/1400/1395 1398/1398/1393 1401/1401/1396
f 1400/1400/1395 1401/1401/1396 1402/1402/1397
f 1401/1401/1396 1403/1403/1398 1402/1402/1397
f 1394/1394/1389 1404/1404/1399 1396/1395/1390
f 1394/1394/1389 1405/1405/1400 1404/1404/1399
f 1405/1405/1400 1394/1394/1389 1406/1406/1401
f 1406/1406/1401 1394/1394/1389 1407/1407/1402
f 1407/1407/1402 1399/1399/1394 1400/1400/1395
f 1407/1407/1402 1394/1394/1389 1399/1399/1394
f 1408/1408/1403 1400/1400/1395 1402/1402/1397
f 1400/1400/1395 1408/1408/1403 1409/1409/1404
f 1409/1409/1404 1410/1410/1405 1400/1400/1395
f 1407/1407/1402 1400/1400/1395 1410/1410/1405
f 1411/1411/1406 1413/1412/1407 1412/1413/1408
f 1413/1412/1407 1414/1414/1409 1412/1413/1408
f 1415/1415/1410 1411/1411/1406 1412/1413/1408
f 1411/1411/1406 1415/1415/1410 1416/1416/1411
f 1416/1416/1411 1415/1415/1410 1417/1417/1412
f 1417/1417/1412 1415/1415/1410 1418/1418/1413
f 1417/1417/1412 1418/1418/1413 1419/1419/1414
f 1418/1418/1413 1420/1420/1415 1419/1419/1414
f 1421/1421/1416 1411/1411/1406 1416/1416/1411
f 1411/1411/1406 1422/1422/1417 1413/1412/1407
f 1422/1422/1417 1411/1411/1406 1421/1421/1416
f 1421/1421/1416 1423/1423/1418 1422/1422/1417
f 1423/1423/1418 1421/1421/1416 1424/1424/1419
f 1421/1421/1416 1416/1416/1411 1425/1425/1420
f 1424/1424/1419 1421/1421/1416 1425/1425/1420
f 1426/1426/1421 1417/1417/1412 1419/1419/1414
f 1427/1427/1422 1417/1417/1412 1426/1426/1421
f 1424/1424/1419 1425/1425/1420 1427/1427/1422
f 1416/1416/1411 1417/1417/1412 1427/1427/1422
f 1427/1427/1422 1425/1425/1420 1416/1416/1411
f 1427/1427/1422 1426/1426/1421 1428/1428/1423
f 1424/1424/1419 1427/1427/1422 1428/1428/1423
f 1426/1426/1421 1429/1429/1424 1428/1428/1423
f 1423/1423/1418 1430/1430/1425 1422/1422/1417
f 1431/1431/1426 1433/1432/1427 1432/1433/1428
f 1432/1433/1428 1434/1434/1429 1431/1431/1426
f 1435/1435/1430 1433/1432/1427 1431/1431/1426
f 1431/1431/1426 1436/1436/1431 1435/1435/1430
f 1436/1436/1431 1437/1437/1432 1435/1435/1430
f 1436/1436/1431 1438/1438/1433 1437/1437/1432
f 1439/1439/1434 1441/1440/1435 1440/1441/1436
f 1440/1441/1436 1442/1442/1437 1439/1439/1434
f 1443/1443/1438 1440/1441/1436 1441/1440/1435
f 1441/1440/1435 1444/1444/1439 1443/1443/1438
f 1443/1443/1438 1444/1444/1439 1445/1445/1440
f 1445/1445/1440 1446/1446/1441 1443/1443/1438
f 1447/1447/1442 1449/1448/1443 1448/1449/1444
f 1448/1449/1444 1450/1450/1445 1447/1447/1442
f 1451/1451/1446 1447/1447/1442 1450/1450/1445
f 1450/1450/1445 1452/1452/1447 1451/1451/1446
f 1453/1453/1448 1451/1451/1446 1452/1452/1447
f 1452/1452/1447 1454/1454/1449 1453/1453/1448
f 1455/1455/1450 1453/1453/1448 1454/1454/1449
f 1454/1454/1449 1456/1456/1451 1455/1455/1450
f 1457/1457/1452 1459/1458/1453 1458/1459/1454
f 1458/1459/1454 1460/1460/1455 1457/1457/1452
f 1460/1460/1455 1458/1459/1454 1461/1461/1456
f 1461/1461/1456 1462/1462/1457 1460/1460/1455
f 1462/1462/1457 1461/1461/1456 1463/1463/1458
f 1463/1463/1458 1464/1464/1459 1462/1462/1457
f 1464/1464/1459 1463/1463/1458 1465/1465/1460
f 1465/1465/1460 1466/1466/1461 1464/1464/1459
f 1467/1467/1462 1469/1468/1463 1468/1469/1464
f 1468/1469/1464 1469/1468/1463 1470/1470/1465
f 1471/1471/1466 1469/1468/1463 1467/1467/1462
f 1467/1467/1462 1472/1472/1467 1471/1471/1466
f 1472/1472/1467 1473/1473/1468 1471/1471/1466
f 1473/1473/1468 1474/1474/1469 1471/1471/1466
f 1473/1473/1468 1475/1475/1470 1474/1474/1469
f 1474/1474/1469 1475/1475/1470 1476/1476/1471
f 1467/1467/1462 1468/1469/1464 1477/1477/1472
f 1477/1477/1472 1478/1478/1473 1467/1467/1462
f 1478/1478/1473 1479/1479/1474 1467/1467/1462
f 1479/1479/1474 1480/1480/1475 1467/1467/1462
f 1480/1480/1475 1473/1473/1468 1472/1472/1467
f 1480/1480/1475 1472/1472/1467 1467/1467/1462
f 1481/1481/1476 1475/1475/1470 1473/1473/1468
f 1473/1473/1468 1482/1482/1477 1481/1481/1476
f 1482/1482/1477 1473/1473/1468 1483/1483/1478
f 1480/1480/1475 1483/1483/1478 1473/1473/1468
f 1484/1484/1479 1486/1485/1480 1485/1486/1481
f 1487/1487/1482 1485/1486/1481 1486/1485/1480
f 1486/1485/1480 1488/1488/1483 1487/1487/1482
f 1485/1486/1481 1487/1487/1482 1489/1489/1484
f 1490/1490/1485 1485/1486/1481 1489/1489/1484
f 1491/1491/1486 1485/1486/1481 1490/1490/1485
f 1491/1491/1486 1484/1484/1479 1485/1486/1481
f 1490/1490/1485 1492/1492/1487 1491/1491/1486
f 1484/1484/1479 1491/1491/1486 1493/1493/1488
f 1494/1494/1489 1484/1484/1479 1493/1493/1488
f 1484/1484/1479 1494/1494/1489 1486/1485/1480
f 1493/1493/1488 1495/1495/1490 1494/1494/1489
f 1496/1496/1491 1494/1494/1489 1495/1495/1490
f 1497/1497/1492 1494/1494/1489 1496/1496/1491
f 1498/1498/1493 1497/1497/1492 1496/1496/1491
f 1499/1499/1494 1497/1497/1492 1498/1498/1493
f 1500/1500/1495 1497/1497/1492 1499/1499/1494
f 1495/1495/1490 1501/1501/1496 1496/1496/1491
f 1498/1498/1493 1496/1496/1491 1501/1501/1496
f 1502/1502/1497 1487/1487/1482 1488/1488/1483
f 1489/1489/1484 1487/1487/1482 1502/1502/1497
f 1488/1488/1483 1503/1503/1498 1502/1502/1497
f 1503/1503/1498 1488/1488/1483 1500/1500/1495
f 1500/1500/1495 1499/1499/1494 1504/1504/1499
f 1504/1504/1499 1505/1505/1500 1500/1500/1495
f 1500/1500/1495 1505/1505/1500 1503/1503/1498
f 1499/1499/1494 1498/1498/1493 1506/1506/1501
f 1506/1506/1501 1504/1504/1499 1499/1499/1494
f 1501/1501/1496 1506/1506/1501 1498/1498/1493
f 1491/1491/1486 1492/1492/1487 1507/1507/1502
f 1492/1492/1487 1508/1508/1503 1507/1507/1502
f 1491/1491/1486 1507/1507/1502 1493/1493/1488
f 1500/1500/1495 1509/1509/1504 1497/1497/1492
f 1509/1509/1504 1500/1500/1495 1488/1488/1483
f 1488/1488/1483 1486/1485/1480 1509/1509/1504
f 1494/1494/1489 1509/1509/1504 1486/1485/1480
f 1497/1497/1492 1509/1509/1504 1494/1494/1489
f 1502/1502/1497 1510/1510/1505 1489/1489/1484
f 1490/1490/1485 1489/1489/1484 1510/1510/1505
f 1490/1490/1485 1510/1510/1505 1508/1508/1503
f 1492/1492/1487 1490/1490/1485 1508/1508/1503
f 1511/1511/1506 1513/1512/1507 1512/1513/1508
f 1512/1513/1508 1513/1512/1507 1514/1514/1509
f 1514/1514/1509 1515/1515/1510 1512/1513/1508
f 1513/1512/1507 1516/1516/1511 1514/1514/1509
f 1517/1517/1512 1516/1516/1511 1513/1512/1507
f 1517/1517/1512 1513/1512/1507 1518/1518/1513
f 1518/1518/1513 1513/1512/1507 1511/1511/1506
f 1518/1518/1513 1519/1519/1514 1517/1517/1512
f 1511/1511/1506 1520/1520/1515 1518/1518/1513
f 1520/1520/1515 1511/1511/1506 1521/1521/1516
f 1511/1511/1506 1512/1513/1508 1521/1521/1516
f 1521/1521/1516 1522/1522/1517 1520/1520/1515
f 1522/1522/1517 1521/1521/1516 1523/1523/1518
f 1524/1524/1519 1523/1523/1518 1521/1521/1516
f 1525/1525/1520 1523/1523/1518 1524/1524/1519
f 1526/1526/1521 1525/1525/1520 1524/1524/1519
f 1527/1527/1522 1526/1526/1521 1524/1524/1519
f 1523/1523/1518 1528/1528/1523 1522/1522/1517
f 1528/1528/1523 1523/1523/1518 1525/1525/1520
f 1515/1515/1510 1514/1514/1509 1529/1529/1524
f 1529/1529/1524 1514/1514/1509 1516/1516/1511
f 1529/1529/1524 1530/1530/1525 1515/1515/1510
f 1527/1527/1522 1515/1515/1510 1530/1530/1525
f 1531/1531/1526 1526/1526/1521 1527/1527/1522
f 1527/1527/1522 1532/1532/1527 1531/1531/1526
f 1530/1530/1525 1532/1532/1527 1527/1527/1522
f 1526/1526/1521 1531/1531/1526 1533/1533/1528
f 1533/1533/1528 1525/1525/1520 1526/1526/1521
f 1525/1525/1520 1533/1533/1528 1528/1528/1523
f 1518/1518/1513 1534/1534/1529 1519/1519/1514
f 1519/1519/1514 1534/1534/1529 1535/1535/1530
f 1518/1518/1513 1520/1520/1515 1534/1534/1529
f 1527/1527/1522 1524/1524/1519 1536/1536/1531
f 1515/1515/1510 1527/1527/1522 1536/1536/1531
f 1536/1536/1531 1512/1513/1508 1515/1515/1510
f 1521/1521/1516 1512/1513/1508 1536/1536/1531
f 1524/1524/1519 1521/1521/1516 1536/1536/1531
f 1516/1516/1511 1537/1537/1532 1529/1529/1524
f 1517/1517/1512 1537/1537/1532 1516/1516/1511
f 1517/1517/1512 1535/1535/1530 1537/1537/1532
f 1519/1519/1514 1535/1535/1530 1517/1517/1512
f 1538/1538/1533 1540/1539/1534 1539/1540/1535
f 1539/1540/1535 1541/1541/1536 1538/1538/1533
f 1542/1542/1537 1539/1540/1535 1540/1539/1534
f 1540/1539/1534 1543/1543/1538 1542/1542/1537
f 1542/1542/1537 1543/1543/1538 1544/1544/1539
f 1544/1544/1539 1545/1545/1540 1542/1542/1537
f 1545/1545/1540 1544/1544/1539 1546/1546/1541
f 1546/1546/1541 1547/1547/1542 1545/1545/1540
f 1548/1548/1543 1547/1547/1542 1546/1546/1541
f 1546/1546/1541 1549/1549/1544 1548/1548/1543
f 1541/1541/1536 1539/1540/1535 1550/1550/1545
f 1550/1550/1545 1551/1551/1546 1541/1541/1536
f 1539/1540/1535 1542/1542/1537 1552/1552/1547
f 1552/1552/1547 1550/1550/1545 1539/1540/1535
f 1552/1552/1547 1542/1542/1537 1545/1545/1540
f 1545/1545/1540 1553/1553/1548 1552/1552/1547
f 1548/1548/1543 1549/1549/1544 1554/1554/1549
f 1554/1554/1549 1555/1555/1550 1548/1548/1543
f 1555/1555/1550 1554/1554/1549 1556/1556/1551
f 1556/1556/1551 1557/1557/1552 1555/1555/1550
f 1555/1555/1550 1557/1557/1552 1558/1558/1553
f 1558/1558/1553 1559/1559/1554 1555/1555/1550
f 1548/1548/1543 1555/1555/1550 1559/1559/1554
f 1552/1552/1547 1560/1560/1555 1550/1550/1545
f 1552/1552/1547 1553/1553/1548 1560/1560/1555
f 1545/1545/1540 1547/1547/1542 1561/1561/1556
f 1561/1561/1556 1553/1553/1548 1545/1545/1540
f 1562/1562/1557 1561/1561/1556 1547/1547/1542
f 1562/1562/1557 1559/1559/1554 1563/1563/1558
f 1563/1563/1558 1564/1564/1559 1562/1562/1557
f 1561/1561/1556 1562/1562/1557 1564/1564/1559
f 1563/1563/1558 1565/1565/1560 1564/1564/1559
f 1547/1547/1542 1548/1548/1543 1562/1562/1557
f 1559/1559/1554 1562/1562/1557 1548/1548/1543
f 1564/1564/1559 1566/1566/1561 1561/1561/1556
f 1566/1566/1561 1560/1560/1555 1553/1553/1548
f 1553/1553/1548 1561/1561/1556 1566/1566/1561
f 1559/1559/1554 1558/1558/1553 1567/1567/1562
f 1567/1567/1562 1563/1563/1558 1559/1559/1554
f 1568/1568/1563 1565/1565/1560 1563/1563/1558
f 1563/1563/1558 1567/1567/1562 1568/1568/1563
f 1569/1569/1564 1565/1565/1560 1568/1568/1563
f 1568/1568/1563 1570/1570/1565 1569/1569/1564
f 1571/1571/1566 1565/1565/1560 1569/1569/1564
f 1569/1569/1564 1572/1572/1567 1571/1571/1566
f 1573/1573/1568 1569/1569/1564 1570/1570/1565
f 1572/1572/1567 1569/1569/1564 1573/1573/1568
f 1570/1570/1565 1574/1574/1569 1573/1573/1568
f 1573/1573/1568 1575/1575/1570 1572/1572/1567
f 1575/1575/1570 1573/1573/1568 1576/1576/1571
f 1576/1576/1571 1573/1573/1568 1574/1574/1569
f 1576/1576/1571 1577/1577/1572 1575/1575/1570
f 1577/1577/1572 1576/1576/1571 1578/1578/1573
f 1578/1578/1573 1579/1579/1574 1577/1577/1572
f 1580/1580/1575 1579/1579/1574 1578/1578/1573
f 1578/1578/1573 1581/1581/1576 1580/1580/1575
f 1582/1582/1577 1579/1579/1574 1580/1580/1575
f 1579/1579/1574 1582/1582/1577 1577/1577/1572
f 1580/1580/1575 1583/1583/1578 1582/1582/1577
f 1582/1582/1577 1583/1583/1578 1584/1584/1579
f 1585/1585/1580 1584/1584/1579 1583/1583/1578
f 1583/1583/1578 1586/1586/1581 1585/1585/1580
f 1583/1583/1578 1580/1580/1575 1586/1586/1581
f 1587/1587/1582 1584/1584/1579 1585/1585/1580
f 1585/1585/1580 1588/1588/1583 1587/1587/1582
f 1584/1584/1579 1587/1587/1582 1589/1589/1584
f 1590/1590/1585 1589/1589/1584 1587/1587/1582
f 1587/1587/1582 1591/1591/1586 1590/1590/1585
f 1588/1588/1583 1591/1591/1586 1587/1587/1582
f 1592/1592/1587 1590/1590/1585 1591/1591/1586
f 1590/1590/1585 1592/1592/1587 1593/1593/1588
f 1593/1593/1588 1594/1594/1589 1590/1590/1585
f 1589/1589/1584 1590/1590/1585 1594/1594/1589
f 1591/1591/1586 1595/1595/1590 1592/1592/1587
f 1596/1596/1591 1592/1592/1587 1595/1595/1590
f 1595/1595/1590 1597/1597/1592 1596/1596/1591
f 1597/1597/1592 1595/1595/1590 1598/1598/1593
f 1598/1598/1593 1599/1599/1594 1597/1597/1592
f 1600/1600/1595 1599/1599/1594 1598/1598/1593
f 1598/1598/1593 1601/1601/1596 1600/1600/1595
f 1594/1594/1589 1602/1602/1597 1589/1589/1584
f 1589/1589/1584 1602/1602/1597 1603/1603/1598
f 1603/1603/1598 1604/1604/1599 1589/1589/1584
f 1604/1604/1599 1603/1603/1598 1605/1605/1600
f 1605/1605/1600 1606/1606/1601 1604/1604/1599
f 1582/1582/1577 1604/1604/1599 1606/1606/1601
f 1584/1584/1579 1604/1604/1599 1582/1582/1577
f 1589/1589/1584 1604/1604/1599 1584/1584/1579
f 1606/1606/1601 1607/1607/1602 1582/1582/1577
f 1595/1595/1590 1608/1608/1603 1598/1598/1593
f 1601/1601/1596 1598/1598/1593 1609/1609/1604
f 1608/1608/1603 1609/1609/1604 1598/1598/1593
f 1609/1609/1604 1608/1608/1603 1610/1610/1605
f 1591/1591/1586 1610/1610/1605 1608/1608/1603
f 1610/1610/1605 1591/1591/1586 1611/1611/1606
f 1609/1609/1604 1610/1610/1605 1611/1611/1606
f 1608/1608/1603 1595/1595/1590 1591/1591/1586
f 1611/1611/1606 1612/1612/1607 1609/1609/1604
f 1609/1609/1604 1612/1612/1607 1613/1613/1608
f 1613/1613/1608 1612/1612/1607 1611/1611/1606
f 1613/1613/1608 1614/1614/1609 1609/1609/1604
f 1614/1614/1609 1613/1613/1608 1615/1615/1610
f 1615/1615/1610 1616/1616/1611 1614/1614/1609
f 1617/1617/1612 1614/1614/1609 1616/1616/1611
f 1616/1616/1611 1618/1618/1613 1617/1617/1612
f 1618/1618/1613 1616/1616/1611 1619/1619/1614
f 1616/1616/1611 1615/1615/1610 1619/1619/1614
f 1619/1619/1614 1620/1620/1615 1618/1618/1613
f 1621/1621/1616 1617/1617/1612 1618/1618/1613
f 1618/1618/1613 1622/1622/1617 1621/1621/1616
f 1622/1622/1617 1618/1618/1613 1620/1620/1615
f 1585/1585/1580 1615/1615/1610 1613/1613/1608
f 1613/1613/1608 1588/1588/1583 1585/1585/1580
f 1611/1611/1606 1588/1588/1583 1613/1613/1608
f 1591/1591/1586 1588/1588/1583 1611/1611/1606
f 1619/1619/1614 1615/1615/1610 1586/1586/1581
f 1615/1615/1610 1585/1585/1580 1586/1586/1581
f 1586/1586/1581 1580/1580/1575 1619/1619/1614
f 1581/1581/1576 1620/1620/1615 1619/1619/1614
f 1619/1619/1614 1580/1580/1575 1581/1581/1576
f 1623/1623/1618 1620/1620/1615 1581/1581/1576
f 1620/1620/1615 1623/1623/1618 1622/1622/1617
f 1581/1581/1576 1624/1624/1619 1623/1623/1618
f 1617/1617/1612 1601/1601/1596 1614/1614/1609
f 1600/1600/1595 1601/1601/1596 1617/1617/1612
f 1617/1617/1612 1621/1621/1616 1600/1600/1595
f 1624/1624/1619 1581/1581/1576 1578/1578/1573
f 1578/1578/1573 1625/1625/1620 1624/1624/1619
f 1626/1626/1621 1625/1625/1620 1578/1578/1573
f 1578/1578/1573 1576/1576/1571 1626/1626/1621
f 1574/1574/1569 1626/1626/1621 1576/1576/1571
f 1621/1621/1616 1622/1622/1617 1627/1627/1622
f 1623/1623/1618 1624/1624/1619 1628/1628/1623
f 1628/1628/1623 1629/1629/1624 1623/1623/1618
f 1627/1627/1622 1629/1629/1624 1630/1630/1625
f 1630/1630/1625 1629/1629/1624 1628/1628/1623
f 1630/1630/1625 1631/1631/1626 1627/1627/1622
f 1632/1632/1627 1627/1627/1622 1631/1631/1626
f 1631/1631/1626 1633/1633/1628 1632/1632/1627
f 1633/1633/1628 1631/1631/1626 1634/1634/1629
f 1634/1634/1629 1631/1631/1626 1630/1630/1625
f 1634/1634/1629 1635/1635/1630 1633/1633/1628
f 1627/1627/1622 1632/1632/1627 1621/1621/1616
f 1600/1600/1595 1621/1621/1616 1632/1632/1627
f 1636/1636/1631 1633/1633/1628 1635/1635/1630
f 1635/1635/1630 1637/1637/1632 1636/1636/1631
f 1636/1636/1631 1637/1637/1632 1638/1638/1633
f 1638/1638/1633 1637/1637/1632 1635/1635/1630
f 1638/1638/1633 1639/1639/1634 1636/1636/1631
f 1640/1640/1635 1636/1636/1631 1639/1639/1634
f 1641/1641/1636 1639/1639/1634 1638/1638/1633
f 1640/1640/1635 1639/1639/1634 1641/1641/1636
f 1641/1641/1636 1642/1642/1637 1640/1640/1635
f 1643/1643/1638 1642/1642/1637 1641/1641/1636
f 1641/1641/1636 1644/1644/1639 1643/1643/1638
f 1645/1645/1640 1643/1643/1638 1644/1644/1639
f 1644/1644/1639 1646/1646/1641 1645/1645/1640
f 1642/1642/1637 1643/1643/1638 1596/1596/1591
f 1596/1596/1591 1597/1597/1592 1642/1642/1637
f 1647/1647/1642 1642/1642/1637 1597/1597/1592
f 1640/1640/1635 1642/1642/1637 1647/1647/1642
f 1636/1636/1631 1640/1640/1635 1647/1647/1642
f 1597/1597/1592 1599/1599/1594 1647/1647/1642
f 1647/1647/1642 1599/1599/1594 1600/1600/1595
f 1600/1600/1595 1648/1648/1643 1647/1647/1642
f 1644/1644/1639 1641/1641/1636 1649/1649/1644
f 1649/1649/1644 1650/1650/1645 1644/1644/1639
f 1646/1646/1641 1644/1644/1639 1650/1650/1645
f 1650/1650/1645 1651/1651/1646 1646/1646/1641
f 1652/1652/1647 1651/1651/1646 1650/1650/1645
f 1650/1650/1645 1653/1653/1648 1652/1652/1647
f 1654/1654/1649 1652/1652/1647 1653/1653/1648
f 1653/1653/1648 1655/1655/1650 1654/1654/1649
f 1650/1650/1645 1649/1649/1644 1656/1656/1651
f 1656/1656/1651 1653/1653/1648 1650/1650/1645
f 1657/1657/1652 1656/1656/1651 1649/1649/1644
f 1658/1658/1653 1656/1656/1651 1657/1657/1652
f 1657/1657/1652 1659/1659/1654 1658/1658/1653
f 1649/1649/1644 1660/1660/1655 1657/1657/1652
f 1661/1661/1656 1653/1653/1648 1656/1656/1651
f 1656/1656/1651 1658/1658/1653 1661/1661/1656
f 1655/1655/1650 1653/1653/1648 1661/1661/1656
f 1661/1661/1656 1658/1658/1653 1662/1662/1657
f 1662/1662/1657 1658/1658/1653 1659/1659/1654
f 1662/1662/1657 1663/1663/1658 1661/1661/1656
f 1664/1664/1659 1663/1663/1658 1662/1662/1657
f 1662/1662/1657 1628/1628/1623 1664/1664/1659
f 1665/1665/1660 1663/1663/1658 1664/1664/1659
f 1661/1661/1656 1663/1663/1658 1665/1665/1660
f 1664/1664/1659 1666/1666/1661 1665/1665/1660
f 1661/1661/1656 1667/1667/1662 1655/1655/1650
f 1667/1667/1662 1661/1661/1656 1665/1665/1660
f 1657/1657/1652 1660/1660/1655 1635/1635/1630
f 1635/1635/1630 1634/1634/1629 1657/1657/1652
f 1657/1657/1652 1634/1634/1629 1659/1659/1654
f 1635/1635/1630 1660/1660/1655 1638/1638/1633
f 1634/1634/1629 1630/1630/1625 1659/1659/1654
f 1662/1662/1657 1659/1659/1654 1630/1630/1625
f 1628/1628/1623 1662/1662/1657 1630/1630/1625
f 1664/1664/1659 1628/1628/1623 1624/1624/1619
f 1624/1624/1619 1625/1625/1620 1664/1664/1659
f 1660/1660/1655 1641/1641/1636 1638/1638/1633
f 1641/1641/1636 1660/1660/1655 1649/1649/1644
f 1626/1626/1621 1666/1666/1661 1664/1664/1659
f 1664/1664/1659 1625/1625/1620 1626/1626/1621
f 1668/1668/1663 1665/1665/1660 1666/1666/1661
f 1665/1665/1660 1668/1668/1663 1667/1667/1662
f 1666/1666/1661 1669/1669/1664 1668/1668/1663
f 1670/1670/1665 1668/1668/1663 1669/1669/1664
f 1669/1669/1664 1671/1671/1666 1670/1670/1665
f 1672/1672/1667 1670/1670/1665 1671/1671/1666
f 1671/1671/1666 1673/1673/1668 1672/1672/1667
f 1570/1570/1565 1671/1671/1666 1669/1669/1664
f 1669/1669/1664 1574/1574/1569 1570/1570/1565
f 1666/1666/1661 1626/1626/1621 1574/1574/1569
f 1574/1574/1569 1669/1669/1664 1666/1666/1661
f 1670/1670/1665 1672/1672/1667 1674/1674/1669
f 1674/1674/1669 1675/1675/1670 1670/1670/1665
f 1670/1670/1665 1675/1675/1670 1668/1668/1663
f 1675/1675/1670 1676/1676/1671 1668/1668/1663
f 1677/1677/1672 1675/1675/1670 1674/1674/1669
f 1674/1674/1669 1678/1678/1673 1677/1677/1672
f 1679/1679/1674 1675/1675/1670 1677/1677/1672
f 1676/1676/1671 1675/1675/1670 1679/1679/1674
f 1677/1677/1672 1680/1680/1675 1679/1679/1674
f 1679/1679/1674 1680/1680/1675 1681/1681/1676
f 1679/1679/1674 1681/1681/1676 1676/1676/1671
f 1682/1682/1677 1681/1681/1676 1680/1680/1675
f 1681/1681/1676 1682/1682/1677 1683/1683/1678
f 1676/1676/1671 1681/1681/1676 1683/1683/1678
f 1683/1683/1678 1682/1682/1677 1684/1684/1679
f 1676/1676/1671 1683/1683/1678 1684/1684/1679
f 1684/1684/1679 1682/1682/1677 1685/1685/1680
f 1685/1685/1680 1682/1682/1677 1686/1686/1681
f 1680/1680/1675 1686/1686/1681 1682/1682/1677
f 1686/1686/1681 1687/1687/1682 1685/1685/1680
f 1685/1685/1680 1687/1687/1682 1688/1688/1683
f 1688/1688/1683 1689/1689/1684 1685/1685/1680
f 1690/1690/1685 1689/1689/1684 1688/1688/1683
f 1688/1688/1683 1691/1691/1686 1690/1690/1685
f 1685/1685/1680 1692/1692/1687 1684/1684/1679
f 1692/1692/1687 1685/1685/1680 1689/1689/1684
f 1684/1684/1679 1692/1692/1687 1655/1655/1650
f 1667/1667/1662 1684/1684/1679 1655/1655/1650
f 1655/1655/1650 1692/1692/1687 1693/1693/1688
f 1693/1693/1688 1689/1689/1684 1690/1690/1685
f 1689/1689/1684 1693/1693/1688 1692/1692/1687
f 1693/1693/1688 1654/1654/1649 1655/1655/1650
f 1690/1690/1685 1694/1694/1689 1693/1693/1688
f 1654/1654/1649 1693/1693/1688 1694/1694/1689
f 1694/1694/1689 1690/1690/1685 1695/1695/1690
f 1695/1695/1690 1690/1690/1685 1691/1691/1686
f 1695/1695/1690 1696/1696/1691 1694/1694/1689
f 1696/1696/1691 1695/1695/1690 1697/1697/1692
f 1694/1694/1689 1698/1698/1693 1654/1654/1649
f 1694/1694/1689 1696/1696/1691 1699/1699/1694
f 1699/1699/1694 1698/1698/1693 1694/1694/1689
f 1700/1700/1695 1698/1698/1693 1699/1699/1694
f 1699/1699/1694 1701/1701/1696 1700/1700/1695
f 1702/1702/1697 1700/1700/1695 1701/1701/1696
f 1701/1701/1696 1703/1703/1698 1702/1702/1697
f 1701/1701/1696 1699/1699/1694 1704/1704/1699
f 1704/1704/1699 1705/1705/1700 1701/1701/1696
f 1706/1706/1701 1705/1705/1700 1704/1704/1699
f 1704/1704/1699 1707/1707/1702 1706/1706/1701
f 1708/1708/1703 1706/1706/1701 1707/1707/1702
f 1707/1707/1702 1709/1709/1704 1708/1708/1703
f 1710/1710/1705 1706/1706/1701 1708/1708/1703
f 1710/1710/1705 1711/1711/1706 1706/1706/1701
f 1706/1706/1701 1711/1711/1706 1712/1712/1707
f 1705/1705/1700 1706/1706/1701 1712/1712/1707
f 1712/1712/1707 1711/1711/1706 1713/1713/1708
f 1714/1714/1709 1713/1713/1708 1711/1711/1706
f 1714/1714/1709 1711/1711/1706 1715/1715/1710
f 1713/1713/1708 1716/1716/1711 1712/1712/1707
f 1717/1717/1712 1716/1716/1711 1713/1713/1708
f 1713/1713/1708 1718/1718/1713 1717/1717/1712
f 1714/1714/1709 1718/1718/1713 1713/1713/1708
f 1719/1719/1714 1715/1715/1710 1711/1711/1706
f 1710/1710/1705 1719/1719/1714 1711/1711/1706
f 1720/1720/1715 1714/1714/1709 1715/1715/1710
f 1721/1721/1716 1715/1715/1710 1719/1719/1714
f 1722/1722/1717 1721/1721/1716 1719/1719/1714
f 1723/1723/1718 1722/1722/1717 1719/1719/1714
f 1710/1710/1705 1723/1723/1718 1719/1719/1714
f 1724/1724/1719 1722/1722/1717 1723/1723/1718
f 1721/1721/1716 1722/1722/1717 1724/1724/1719
f 1725/1725/1720 1721/1721/1716 1724/1724/1719
f 1724/1724/1719 1726/1726/1721 1725/1725/1720
f 1727/1727/1722 1724/1724/1719 1723/1723/1718
f 1728/1728/1723 1727/1727/1722 1723/1723/1718
f 1729/1729/1724 1728/1728/1723 1723/1723/1718
f 1729/1729/1724 1730/1730/1725 1728/1728/1723
f 1730/1730/1725 1729/1729/1724 1731/1731/1726
f 1731/1731/1726 1732/1732/1727 1730/1730/1725
f 1733/1733/1728 1725/1725/1720 1726/1726/1721
f 1725/1725/1720 1733/1733/1728 1734/1734/1729
f 1733/1733/1728 1735/1735/1730 1734/1734/1729
f 1736/1736/1731 1735/1735/1730 1733/1733/1728
f 1735/1735/1730 1736/1736/1731 1737/1737/1732
f 1737/1737/1732 1738/1738/1733 1735/1735/1730
f 1739/1739/1734 1738/1738/1733 1737/1737/1732
f 1738/1738/1733 1739/1739/1734 1740/1740/1735
f 1739/1739/1734 1741/1741/1736 1740/1740/1735
f 1739/1739/1734 1737/1737/1732 1741/1741/1736
f 1737/1737/1732 1742/1742/1737 1741/1741/1736
f 1742/1742/1737 1743/1743/1738 1741/1741/1736
f 1743/1743/1738 1744/1744/1739 1741/1741/1736
f 1745/1745/1740 1744/1744/1739 1743/1743/1738
f 1540/1539/1534 1744/1744/1739 1745/1745/1740
f 1745/1745/1740 1543/1543/1538 1540/1539/1534
f 1733/1733/1728 1746/1746/1741 1736/1736/1731
f 1747/1747/1742 1738/1738/1733 1740/1740/1735
f 1747/1747/1742 1740/1740/1735 1748/1748/1743
f 1748/1748/1743 1749/1749/1744 1747/1747/1742
f 1750/1750/1745 1749/1749/1744 1748/1748/1743
f 1750/1750/1745 1748/1748/1743 1751/1751/1746
f 1748/1748/1743 1752/1752/1747 1751/1751/1746
f 1751/1751/1746 1753/1753/1748 1750/1750/1745
f 1750/1750/1745 1753/1753/1748 1754/1754/1749
f 1754/1754/1749 1755/1755/1750 1750/1750/1745
f 1755/1755/1750 1749/1749/1744 1750/1750/1745
f 1748/1748/1743 1756/1756/1751 1752/1752/1747
f 1749/1749/1744 1757/1757/1752 1747/1747/1742
f 1757/1757/1752 1749/1749/1744 1758/1758/1753
f 1759/1759/1754 1747/1747/1742 1757/1757/1752
f 1760/1760/1755 1759/1759/1754 1757/1757/1752
f 1760/1760/1755 1757/1757/1752 1758/1758/1753
f 1760/1760/1755 1758/1758/1753 1761/1761/1756
f 1760/1760/1755 1762/1762/1757 1759/1759/1754
f 1763/1763/1758 1759/1759/1754 1762/1762/1757
f 1763/1763/1758 1764/1764/1759 1759/1759/1754
f 1764/1764/1759 1738/1738/1733 1759/1759/1754
f 1764/1764/1759 1763/1763/1758 1765/1765/1760
f 1764/1764/1759 1765/1765/1760 1734/1734/1729
f 1735/1735/1730 1764/1764/1759 1734/1734/1729
f 1764/1764/1759 1735/1735/1730 1738/1738/1733
f 1759/1759/1754 1738/1738/1733 1747/1747/1742
f 1761/1761/1756 1758/1758/1753 1766/1766/1761
f 1767/1767/1762 1766/1766/1761 1755/1755/1750
f 1755/1755/1750 1768/1768/1763 1767/1767/1762
f 1761/1761/1756 1766/1766/1761 1769/1769/1764
f 1766/1766/1761 1767/1767/1762 1769/1769/1764
f 1769/1769/1764 1767/1767/1762 1770/1770/1765
f 1770/1770/1765 1767/1767/1762 1768/1768/1763
f 1770/1770/1765 1771/1771/1766 1769/1769/1764
f 1772/1772/1767 1769/1769/1764 1771/1771/1766
f 1772/1772/1767 1771/1771/1766 1773/1773/1768
f 1773/1773/1768 1774/1774/1769 1772/1772/1767
f 1766/1766/1761 1749/1749/1744 1755/1755/1750
f 1758/1758/1753 1749/1749/1744 1766/1766/1761
f 1768/1768/1763 1775/1775/1770 1770/1770/1765
f 1775/1775/1770 1768/1768/1763 1776/1776/1771
f 1776/1776/1771 1777/1777/1772 1775/1775/1770
f 1777/1777/1772 1776/1776/1771 1778/1778/1773
f 1778/1778/1773 1779/1779/1774 1777/1777/1772
f 1780/1780/1775 1778/1778/1773 1776/1776/1771
f 1776/1776/1771 1781/1781/1776 1780/1780/1775
f 1781/1781/1776 1776/1776/1771 1768/1768/1763
f 1782/1782/1777 1780/1780/1775 1781/1781/1776
f 1781/1781/1776 1754/1754/1749 1782/1782/1777
f 1778/1778/1773 1780/1780/1775 1783/1783/1778
f 1783/1783/1778 1780/1780/1775 1782/1782/1777
f 1783/1783/1778 1784/1784/1779 1778/1778/1773
f 1779/1779/1774 1778/1778/1773 1784/1784/1779
f 1784/1784/1779 1783/1783/1778 1785/1785/1780
f 1785/1785/1780 1786/1786/1781 1784/1784/1779
f 1787/1787/1782 1786/1786/1781 1785/1785/1780
f 1785/1785/1780 1788/1788/1783 1787/1787/1782
f 1789/1789/1784 1787/1787/1782 1788/1788/1783
f 1788/1788/1783 1790/1790/1785 1789/1789/1784
f 1789/1789/1784 1790/1790/1785 1791/1791/1786
f 1791/1791/1786 1792/1792/1787 1789/1789/1784
f 1793/1793/1788 1785/1785/1780 1783/1783/1778
f 1783/1783/1778 1794/1794/1789 1793/1793/1788
f 1782/1782/1777 1794/1794/1789 1783/1783/1778
f 1795/1795/1790 1789/1789/1784 1792/1792/1787
f 1792/1792/1787 1796/1796/1791 1795/1795/1790
f 1797/1797/1792 1796/1796/1791 1792/1792/1787
f 1792/1792/1787 1798/1798/1793 1797/1797/1792
f 1798/1798/1793 1792/1792/1787 1791/1791/1786
f 1799/1799/1794 1798/1798/1793 1791/1791/1786
f 1800/1800/1795 1786/1786/1781 1787/1787/1782
f 1787/1787/1782 1801/1801/1796 1800/1800/1795
f 1801/1801/1796 1787/1787/1782 1789/1789/1784
f 1789/1789/1784 1795/1795/1790 1801/1801/1796
f 1802/1802/1797 1790/1790/1785 1788/1788/1783
f 1788/1788/1783 1803/1803/1798 1802/1802/1797
f 1804/1804/1799 1802/1802/1797 1803/1803/1798
f 1805/1805/1800 1802/1802/1797 1804/1804/1799
f 1805/1805/1800 1791/1791/1786 1790/1790/1785
f 1790/1790/1785 1802/1802/1797 1805/1805/1800
f 1799/1799/1794 1791/1791/1786 1805/1805/1800
f 1806/1806/1801 1799/1799/1794 1805/1805/1800
f 1803/1803/1798 1807/1807/1802 1804/1804/1799
f 1807/1807/1802 1803/1803/1798 1793/1793/1788
f 1804/1804/1799 1807/1807/1802 1808/1808/1803
f 1808/1808/1803 1809/1809/1804 1804/1804/1799
f 1810/1810/1805 1808/1808/1803 1807/1807/1802
f 1807/1807/1802 1811/1811/1806 1810/1810/1805
f 1793/1793/1788 1811/1811/1806 1807/1807/1802
f 1804/1804/1799 1809/1809/1804 1812/1812/1807
f 1809/1809/1804 1813/1813/1808 1812/1812/1807
f 1814/1814/1809 1806/1806/1810 1812/1812/1807
f 1812/1812/1807 1815/1815/1811 1814/1814/1809
f 1813/1813/1808 1815/1815/1811 1812/1812/1807
f 1816/1816/1812 1815/1815/1811 1813/1813/1808
f 1814/1814/1809 1815/1815/1811 1816/1816/1812
f 1813/1813/1808 1817/1817/1813 1816/1816/1812
f 1816/1816/1812 1818/1818/1814 1814/1814/1809
f 1819/1819/1815 1816/1816/1812 1817/1817/1813
f 1817/1817/1813 1820/1820/1816 1819/1819/1815
f 1821/1821/1817 1818/1818/1814 1816/1816/1812
f 1816/1816/1812 1819/1819/1815 1821/1821/1817
f 1820/1820/1816 1817/1817/1813 1593/1593/1588
f 1593/1593/1588 1822/1822/1818 1820/1820/1816
f 1822/1822/1818 1593/1593/1588 1592/1592/1587
f 1592/1592/1587 1596/1596/1591 1822/1822/1818
f 1817/1817/1813 1813/1813/1808 1594/1594/1589
f 1594/1594/1589 1593/1593/1588 1817/1817/1813
f 1602/1602/1597 1594/1594/1589 1813/1813/1808
f 1813/1813/1808 1809/1809/1804 1602/1602/1597
f 1603/1603/1598 1602/1602/1597 1809/1809/1804
f 1809/1809/1804 1808/1808/1803 1603/1603/1598
f 1823/1823/1819 1603/1603/1598 1808/1808/1803
f 1603/1603/1598 1823/1823/1819 1824/1824/1820
f 1825/1825/1821 1824/1824/1820 1823/1823/1819
f 1823/1823/1819 1826/1826/1822 1825/1825/1821
f 1826/1826/1822 1823/1823/1819 1810/1810/1805
f 1808/1808/1803 1810/1810/1805 1823/1823/1819
f 1810/1810/1805 1827/1827/1823 1826/1826/1822
f 1551/1551/1546 1825/1825/1821 1826/1826/1822
f 1825/1825/1821 1551/1551/1546 1550/1550/1545
f 1550/1550/1545 1828/1828/1824 1825/1825/1821
f 1828/1828/1824 1550/1550/1545 1560/1560/1555
f 1828/1828/1824 1560/1560/1555 1829/1829/1825
f 1830/1830/1826 1829/1829/1825 1560/1560/1555
f 1560/1560/1555 1566/1566/1561 1830/1830/1826
f 1826/1826/1822 1831/1831/1827 1551/1551/1546
f 1551/1551/1546 1831/1831/1827 1752/1752/1747
f 1752/1752/1747 1541/1541/1536 1551/1551/1546
f 1541/1541/1536 1752/1752/1747 1832/1832/1828
f 1832/1832/1828 1538/1538/1533 1541/1541/1536
f 1830/1830/1826 1566/1566/1561 1564/1564/1559
f 1564/1564/1559 1833/1833/1829 1830/1830/1826
f 1834/1834/1830 1833/1833/1829 1564/1564/1559
f 1835/1835/1831 1833/1833/1829 1834/1834/1830
f 1834/1834/1830 1836/1836/1832 1835/1835/1831
f 1837/1837/1833 1835/1835/1831 1836/1836/1832
f 1838/1838/1834 1835/1835/1831 1837/1837/1833
f 1833/1833/1829 1835/1835/1831 1838/1838/1834
f 1838/1838/1834 1830/1830/1826 1833/1833/1829
f 1837/1837/1833 1839/1839/1835 1838/1838/1834
f 1839/1839/1835 1840/1840/1836 1838/1838/1834
f 1836/1836/1832 1841/1841/1837 1837/1837/1833
f 1752/1752/1747 1756/1756/1751 1832/1832/1828
f 1751/1751/1746 1752/1752/1747 1831/1831/1827
f 1831/1831/1827 1842/1842/1838 1751/1751/1746
f 1842/1842/1838 1831/1831/1827 1826/1826/1822
f 1826/1826/1822 1827/1827/1823 1842/1842/1838
f 1843/1843/1839 1842/1842/1838 1827/1827/1823
f 1827/1827/1823 1844/1844/1840 1843/1843/1839
f 1843/1843/1839 1844/1844/1840 1794/1794/1789
f 1794/1794/1789 1782/1782/1777 1843/1843/1839
f 1811/1811/1806 1844/1844/1840 1827/1827/1823
f 1794/1794/1789 1844/1844/1840 1811/1811/1806
f 1827/1827/1823 1810/1810/1805 1811/1811/1806
f 1811/1811/1806 1793/1793/1788 1794/1794/1789
f 1753/1753/1748 1843/1843/1839 1782/1782/1777
f 1842/1842/1838 1843/1843/1839 1753/1753/1748
f 1753/1753/1748 1751/1751/1746 1842/1842/1838
f 1782/1782/1777 1754/1754/1749 1753/1753/1748
f 1785/1785/1780 1793/1793/1788 1803/1803/1798
f 1803/1803/1798 1788/1788/1783 1785/1785/1780
f 1781/1781/1776 1755/1755/1750 1754/1754/1749
f 1768/1768/1763 1755/1755/1750 1781/1781/1776
f 1845/1845/1841 1847/1846/1842 1846/1847/1843
f 1846/1847/1843 1848/1848/1844 1845/1845/1841
f 1848/1848/1844 1846/1847/1843 1849/1849/1845
f 1849/1849/1845 1850/1850/1846 1848/1848/1844
f 1851/1851/1847 1850/1850/1846 1849/1849/1845
f 1849/1849/1845 1852/1852/1848 1851/1851/1847
f 1853/1853/1849 1851/1851/1847 1852/1852/1848
f 1852/1852/1848 1854/1854/1850 1853/1853/1849
f 1853/1853/1849 1854/1854/1850 1855/1855/1851
f 1855/1855/1851 1856/1856/1852 1853/1853/1849
f 1857/1857/1853 1846/1847/1843 1847/1846/1842
f 1847/1846/1842 1858/1858/1854 1857/1857/1853
f 1846/1847/1843 1857/1857/1853 1859/1859/1855
f 1859/1859/1855 1849/1849/1845 1846/1847/1843
f 1852/1852/1848 1849/1849/1845 1859/1859/1855
f 1859/1859/1855 1860/1860/1856 1852/1852/1848
f 1861/1861/1857 1856/1856/1852 1855/1855/1851
f 1855/1855/1851 1862/1862/1858 1861/1861/1857
f 1863/1863/1859 1861/1861/1857 1862/1862/1858
f 1862/1862/1858 1864/1864/1860 1863/1863/1859
f 1865/1865/1861 1864/1864/1860 1862/1862/1858
f 1862/1862/1858 1866/1866/1862 1865/1865/1861
f 1866/1866/1862 1862/1862/1858 1855/1855/1851
f 1859/1859/1855 1857/1857/1853 1867/1867/1863
f 1859/1859/1855 1867/1867/1863 1860/1860/1856
f 1852/1852/1848 1860/1860/1856 1868/1868/1864
f 1868/1868/1864 1854/1854/1850 1852/1852/1848
f 1869/1869/1865 1855/1855/1851 1854/1854/1850
f 1854/1854/1850 1868/1868/1864 1869/1869/1865
f 1855/1855/1851 1869/1869/1865 1866/1866/1862
f 1870/1870/1866 1866/1866/1862 1869/1869/1865
f 1869/1869/1865 1871/1871/1867 1870/1870/1866
f 1871/1871/1867 1869/1869/1865 1868/1868/1864
f 1870/1870/1866 1871/1871/1867 1872/1872/1868
f 1868/1868/1864 1873/1873/1869 1871/1871/1867
f 1873/1873/1869 1868/1868/1864 1860/1860/1856
f 1860/1860/1856 1867/1867/1863 1873/1873/1869
f 1866/1866/1862 1870/1870/1866 1874/1874/1870
f 1874/1874/1870 1865/1865/1861 1866/1866/1862
f 1875/1875/1871 1874/1874/1870 1870/1870/1866
f 1870/1870/1866 1872/1872/1868 1875/1875/1871
f 1875/1875/1871 1872/1872/1868 1876/1876/1872
f 1876/1876/1872 1877/1877/1873 1875/1875/1871
f 1878/1878/1874 1867/1867/1863 1857/1857/1853
f 1879/1879/1875 1878/1878/1874 1857/1857/1853
f 1857/1857/1853 1858/1858/1854 1879/1879/1875
f 1878/1878/1874 1880/1880/1876 1867/1867/1863
f 1881/1881/1877 1883/1882/1878 1882/1883/1879
f 1883/1882/1878 1881/1881/1877 1884/1884/1880
f 1885/1885/1881 1881/1881/1877 1882/1883/1879
f 1883/1882/1878 1884/1884/1880 1886/1886/1882
f 1886/1886/1882 1887/1887/1883 1883/1882/1878
f 1888/1888/1884 1887/1887/1883 1886/1886/1882
f 1886/1886/1882 1889/1889/1885 1888/1888/1884
f 1890/1890/1886 1888/1888/1884 1889/1889/1885
f 1888/1888/1884 1890/1890/1886 1891/1891/1887
f 1890/1890/1886 1892/1892/1888 1891/1891/1887
f 1893/1893/1889 1895/1894/1890 1894/1895/1891
f 1895/1894/1890 1893/1893/1889 1896/1896/1892
f 1897/1897/1893 1893/1893/1889 1894/1895/1891
f 1895/1894/1890 1896/1896/1892 1898/1898/1894
f 1898/1898/1894 1899/1899/1895 1895/1894/1890
f 1900/1900/1896 1899/1899/1895 1898/1898/1894
f 1898/1898/1894 1901/1901/1897 1900/1900/1896
f 1902/1902/1898 1900/1900/1896 1901/1901/1897
f 1900/1900/1896 1902/1902/1898 1903/1903/1899
f 1902/1902/1898 1904/1904/1900 1903/1903/1899
f 1905/1905/1901 1907/1906/1902 1906/1907/1903
f 1906/1907/1903 1908/1908/1904 1905/1905/1901
f 1909/1909/1905 1911/1910/1906 1910/1911/1907
f 1910/1911/1907 1912/1912/1908 1909/1909/1905
f 1913/1913/1909 1915/1914/1910 1914/1915/1911
f 1914/1915/1911 1915/1914/1910 1916/1916/1912
f 1917/1917/1913 1915/1914/1910 1913/1913/1909
f 1913/1913/1909 1918/1918/1914 1917/1917/1913
f 1916/1916/1912 1915/1914/1910 1919/1919/1915
f 1915/1914/1910 1917/1917/1913 1920/1920/1916
f 1920/1920/1916 1921/1921/1917 1915/1914/1910
f 1919/1919/1915 1915/1914/1910 1921/1921/1917
f 1922/1922/1918 1921/1921/1917 1920/1920/1916
f 1919/1919/1915 1921/1921/1917 1922/1922/1918
f 1920/1920/1916 1923/1923/1919 1922/1922/1918
f 1924/1924/1920 1922/1922/1918 1923/1923/1919
f 1925/1925/1921 1922/1922/1918 1924/1924/1920
f 1923/1923/1919 1926/1926/1922 1924/1924/1920
f 1925/1925/1921 1927/1927/1923 1922/1922/1918
f 1928/1928/1924 1927/1927/1923 1925/1925/1921
f 1925/1925/1921 1929/1929/1925 1928/1928/1924
f 1925/1925/1921 1924/1924/1920 1929/1929/1925
f 1930/1930/1926 1928/1928/1924 1929/1929/1925
f 1929/1929/1925 1931/1931/1927 1930/1930/1926
f 1929/1929/1925 1924/1924/1920 1931/1931/1927
f 1932/1932/1928 1930/1930/1926 1931/1931/1927
f 1931/1931/1927 1933/1933/1929 1932/1932/1928
f 1931/1931/1927 1924/1924/1920 1933/1933/1929
f 1933/1933/1929 1924/1924/1920 1926/1926/1922
f 1934/1934/1930 1932/1932/1928 1933/1933/1929
f 1933/1933/1929 1935/1935/1931 1934/1934/1930
f 1926/1926/1922 1935/1935/1931 1933/1933/1929
f 1934/1934/1930 1935/1935/1931 1936/1936/1932
f 1936/1936/1932 1935/1935/1931 1926/1926/1922
f 1936/1936/1932 1937/1937/1933 1934/1934/1930
f 1937/1937/1933 1936/1936/1932 1938/1938/1934
f 1938/1938/1934 1939/1939/1935 1937/1937/1933
f 1939/1939/1935 1938/1938/1934 1940/1940/1936
f 1940/1940/1936 1941/1941/1937 1939/1939/1935
f 1941/1941/1937 1940/1940/1936 1942/1942/1938
f 1942/1942/1938 1943/1943/1939 1941/1941/1937
f 1943/1943/1939 1942/1942/1938 1944/1944/1940
f 1944/1944/1940 1942/1942/1938 1945/1945/1941
f 1945/1945/1941 1942/1942/1938 1940/1940/1936
f 1945/1945/1941 1940/1940/1936 1938/1938/1934
f 1945/1945/1941 1938/1938/1934 1936/1936/1932
f 1923/1923/1919 1944/1944/1940 1945/1945/1941
f 1945/1945/1941 1926/1926/1922 1923/1923/1919
f 1926/1926/1922 1945/1945/1941 1936/1936/1932
f 1944/1944/1940 1923/1923/1919 1920/1920/1916
f 1920/1920/1916 1946/1946/1942 1944/1944/1940
f 1947/1947/1943 1946/1946/1942 1920/1920/1916
f 1920/1920/1916 1917/1917/1913 1947/1947/1943
f 1948/1948/1944 1947/1947/1943 1917/1917/1913
f 1947/1947/1943 1948/1948/1944 1949/1949/1945
f 1947/1947/1943 1949/1949/1945 1950/1950/1946
f 1917/1917/1913 1918/1918/1914 1948/1948/1944
f 1947/1947/1943 1950/1950/1946 1951/1951/1947
f 1947/1947/1943 1951/1951/1947 1946/1946/1942
f 1946/1946/1942 1951/1951/1947 1944/1944/1940
f 1614/1614/1609 1601/1601/1596 1609/1609/1604
f 1582/1582/1577 1607/1607/1602 1577/1577/1572
f 1575/1575/1570 1577/1577/1572 1607/1607/1602
f 1952/1952/1948 1575/1575/1570 1607/1607/1602
f 1952/1952/1948 1607/1607/1602 1606/1606/1601
f 1953/1953/1949 1952/1952/1948 1606/1606/1601
f 1954/1954/1950 1953/1953/1949 1606/1606/1601
f 1606/1606/1601 1605/1605/1600 1954/1954/1950
f 1952/1952/1948 1953/1953/1949 1955/1955/1951
f 1955/1955/1951 1956/1956/1952 1952/1952/1948
f 1957/1957/1953 1956/1956/1952 1955/1955/1951
f 1955/1955/1951 1958/1958/1954 1957/1957/1953
f 1959/1959/1955 1958/1958/1954 1955/1955/1951
f 1955/1955/1951 1960/1960/1956 1959/1959/1955
f 1960/1960/1956 1955/1955/1951 1953/1953/1949
f 1953/1953/1949 1954/1954/1950 1960/1960/1956
f 1959/1959/1955 1960/1960/1956 1961/1961/1957
f 1961/1961/1957 1960/1960/1956 1954/1954/1950
f 1961/1961/1957 1962/1962/1958 1959/1959/1955
f 1954/1954/1950 1963/1963/1959 1961/1961/1957
f 1963/1963/1959 1954/1954/1950 1605/1605/1600
f 1964/1964/1960 1961/1961/1957 1963/1963/1959
f 1962/1962/1958 1961/1961/1957 1964/1964/1960
f 1963/1963/1959 1828/1828/1824 1964/1964/1960
f 1964/1964/1960 1828/1828/1824 1829/1829/1825
f 1605/1605/1600 1824/1824/1820 1963/1963/1959
f 1825/1825/1821 1828/1828/1824 1963/1963/1959
f 1963/1963/1959 1824/1824/1820 1825/1825/1821
f 1824/1824/1820 1605/1605/1600 1603/1603/1598
f 1964/1964/1960 1829/1829/1825 1830/1830/1826
f 1830/1830/1826 1838/1838/1834 1964/1964/1960
f 1956/1956/1952 1957/1957/1953 1965/1965/1961
f 1840/1840/1836 1964/1964/1960 1838/1838/1834
f 1964/1964/1960 1840/1840/1836 1962/1962/1958
f 1965/1965/1961 1966/1966/1962 1956/1956/1952
f 1956/1956/1952 1966/1966/1962 1967/1967/1963
f 1956/1956/1952 1967/1967/1963 1952/1952/1948
f 1965/1965/1961 1968/1968/1964 1966/1966/1962
f 1968/1968/1964 1965/1965/1961 1969/1969/1965
f 1969/1969/1965 1970/1970/1966 1968/1968/1964
f 1971/1971/1967 1970/1970/1966 1969/1969/1965
f 1572/1572/1567 1970/1970/1966 1971/1971/1967
f 1971/1971/1967 1571/1571/1566 1572/1572/1567
f 1969/1969/1965 1972/1972/1968 1971/1971/1967
f 1966/1966/1962 1973/1973/1969 1967/1967/1963
f 1952/1952/1948 1967/1967/1963 1973/1973/1969
f 1970/1970/1966 1973/1973/1969 1968/1968/1964
f 1966/1966/1962 1968/1968/1964 1973/1973/1969
f 1973/1973/1969 1970/1970/1966 1575/1575/1570
f 1973/1973/1969 1575/1575/1570 1952/1952/1948
f 1970/1970/1966 1572/1572/1567 1575/1575/1570
f 1836/1836/1832 1971/1971/1967 1972/1972/1968
f 1972/1972/1968 1841/1841/1837 1836/1836/1832
f 1971/1971/1967 1836/1836/1832 1834/1834/1830
f 1834/1834/1830 1571/1571/1566 1971/1971/1967
f 1565/1565/1560 1571/1571/1566 1834/1834/1830
f 1834/1834/1830 1564/1564/1559 1565/1565/1560
f 1784/1784/1779 1974/1974/1970 1779/1779/1774
f 1974/1974/1970 1784/1784/1779 1786/1786/1781
f 1786/1786/1781 1800/1800/1795 1974/1974/1970
f 1779/1779/1774 1974/1974/1970 1975/1975/1971
f 1975/1975/1971 1976/1976/1972 1779/1779/1774
f 1777/1777/1772 1779/1779/1774 1976/1976/1972
f 1976/1976/1972 1977/1977/1973 1777/1777/1772
f 1775/1775/1770 1777/1777/1772 1977/1977/1973
f 1977/1977/1973 1978/1978/1974 1775/1775/1770
f 1977/1977/1973 1976/1976/1972 1979/1979/1975
f 1979/1979/1975 1980/1980/1976 1977/1977/1973
f 1978/1978/1974 1977/1977/1973 1980/1980/1976
f 1980/1980/1976 1979/1979/1975 1981/1981/1977
f 1981/1981/1977 1717/1717/1712 1980/1980/1976
f 1982/1982/1978 1979/1979/1975 1976/1976/1972
f 1976/1976/1972 1975/1975/1971 1982/1982/1978
f 1981/1981/1977 1979/1979/1975 1982/1982/1978
f 1983/1983/1979 1982/1982/1978 1975/1975/1971
f 1975/1975/1971 1984/1984/1980 1983/1983/1979
f 1984/1984/1980 1975/1975/1971 1974/1974/1970
f 1974/1974/1970 1800/1800/1795 1984/1984/1980
f 1983/1983/1979 1984/1984/1980 1985/1985/1981
f 1985/1985/1981 1984/1984/1980 1800/1800/1795
f 1985/1985/1981 1986/1986/1982 1983/1983/1979
f 1986/1986/1982 1985/1985/1981 1987/1987/1983
f 1987/1987/1983 1988/1988/1984 1986/1986/1982
f 1989/1989/1985 1988/1988/1984 1987/1987/1983
f 1987/1987/1983 1990/1990/1986 1989/1989/1985
f 1991/1991/1987 1989/1989/1985 1990/1990/1986
f 1982/1982/1978 1983/1983/1979 1992/1992/1988
f 1992/1992/1988 1993/1993/1989 1982/1982/1978
f 1982/1982/1978 1993/1993/1989 1981/1981/1977
f 1990/1990/1986 1987/1987/1983 1795/1795/1790
f 1795/1795/1790 1796/1796/1791 1990/1990/1986
f 1991/1991/1987 1990/1990/1986 1797/1797/1792
f 1796/1796/1791 1797/1797/1792 1990/1990/1986
f 1987/1987/1983 1985/1985/1981 1801/1801/1796
f 1801/1801/1796 1795/1795/1790 1987/1987/1983
f 1800/1800/1795 1801/1801/1796 1985/1985/1981
f 1986/1986/1982 1988/1988/1984 1994/1994/1990
f 1994/1994/1990 1995/1995/1991 1986/1986/1982
f 1995/1995/1991 1994/1994/1990 1996/1996/1992
f 1994/1994/1990 1997/1997/1993 1996/1996/1992
f 1988/1988/1984 1989/1989/1985 1997/1997/1993
f 1997/1997/1993 1994/1994/1990 1988/1988/1984
f 1998/1998/1994 1997/1997/1993 1989/1989/1985
f 1991/1991/1987 1998/1998/1994 1989/1989/1985
f 1996/1996/1992 1999/1999/1995 1995/1995/1991
f 1992/1992/1988 1995/1995/1991 1999/1999/1995
f 2000/2000/1996 1999/1999/1995 1996/1996/1992
f 1996/1996/1992 2001/2001/1997 2000/2000/1996
f 1999/1999/1995 2002/2002/1998 1992/1992/1988
f 1993/1993/1989 1992/1992/1988 2002/2002/1998
f 1999/1999/1995 2000/2000/1996 1702/1702/1697
f 1702/1702/1697 2002/2002/1998 1999/1999/1995
f 2001/2001/1997 1996/1996/1992 2003/2003/1999
f 2004/2004/2000 2001/2001/1997 2003/2003/1999
f 1652/1652/1647 2000/2000/1996 2001/2001/1997
f 2001/2001/1997 1651/1651/1646 1652/1652/1647
f 1651/1651/1646 2001/2001/1997 2004/2004/2000
f 2004/2004/2000 1646/1646/1641 1651/1651/1646
f 1646/1646/1641 2004/2004/2000 2005/2005/2001
f 2006/2006/2002 2005/2005/2001 2004/2004/2000
f 2004/2004/2000 2007/2007/2003 2006/2006/2002
f 2007/2007/2003 2004/2004/2000 2003/2003/1999
f 2007/2007/2003 2008/2008/2004 2006/2006/2002
f 2007/2007/2003 2003/2003/1999 2008/2008/2004
f 2009/2009/2005 2006/2006/2002 2008/2008/2004
f 2010/2010/2006 2008/2008/2004 2003/2003/1999
f 2005/2005/2001 2006/2006/2002 1819/1819/1815
f 1819/1819/1815 1820/1820/1816 2005/2005/2001
f 2009/2009/2005 1821/1821/1817 2006/2006/2002
f 1819/1819/1815 2006/2006/2002 1821/1821/1817
f 1645/1645/1640 2005/2005/2001 1820/1820/1816
f 2005/2005/2001 1645/1645/1640 1646/1646/1641
f 1820/1820/1816 1822/1822/1818 1645/1645/1640
f 1643/1643/1638 1645/1645/1640 1822/1822/1818
f 1822/1822/1818 1596/1596/1591 1643/1643/1638
f 1652/1652/1647 1654/1654/1649 1698/1698/1693
f 1698/1698/1693 1700/1700/1695 1652/1652/1647
f 2000/2000/1996 1652/1652/1647 1700/1700/1695
f 1700/1700/1695 1702/1702/1697 2000/2000/1996
f 2002/2002/1998 1702/1702/1697 1703/1703/1698
f 1703/1703/1698 2011/2011/2007 2002/2002/1998
f 2012/2012/2008 2011/2011/2007 1703/1703/1698
f 1703/1703/1698 2013/2013/2009 2012/2012/2008
f 1993/1993/1989 2011/2011/2007 2012/2012/2008
f 2002/2002/1998 2011/2011/2007 1993/1993/1989
f 2012/2012/2008 1981/1981/1977 1993/1993/1989
f 2013/2013/2009 1703/1703/1698 1701/1701/1696
f 1701/1701/1696 1705/1705/1700 2013/2013/2009
f 1981/1981/1977 2012/2012/2008 1716/1716/1711
f 1716/1716/1711 2012/2012/2008 2013/2013/2009
f 1716/1716/1711 1717/1717/1712 1981/1981/1977
f 2013/2013/2009 1712/1712/1707 1716/1716/1711
f 1712/1712/1707 2013/2013/2009 1705/1705/1700
f 1718/1718/1713 1980/1980/1976 1717/1717/1712
f 1980/1980/1976 1718/1718/1713 1978/1978/1974
f 2014/2014/2010 1978/1978/1974 1718/1718/1713
f 1718/1718/1713 2015/2015/2011 2014/2014/2010
f 1714/1714/1709 2015/2015/2011 1718/1718/1713
f 1714/1714/1709 2016/2016/2012 2015/2015/2011
f 1714/1714/1709 1720/1720/1715 2016/2016/2012
f 1720/1720/1715 2017/2017/2013 2016/2016/2012
f 2016/2016/2012 2017/2017/2013 2018/2018/2014
f 2016/2016/2012 2018/2018/2014 2015/2015/2011
f 2019/2019/2015 2017/2017/2013 1720/1720/1715
f 2015/2015/2011 2018/2018/2014 2020/2020/2016
f 2014/2014/2010 2015/2015/2011 2020/2020/2016
f 1715/1715/1710 2019/2019/2015 1720/1720/1715
f 2021/2021/2017 2017/2017/2013 2019/2019/2015
f 2019/2019/2015 2022/2022/2018 2021/2021/2017
f 2023/2023/2019 2022/2022/2018 2019/2019/2015
f 1721/1721/1716 2023/2023/2019 2019/2019/2015
f 1721/1721/1716 2019/2019/2015 1715/1715/1710
f 2022/2022/2018 2023/2023/2019 1765/1765/1760
f 1765/1765/1760 2023/2023/2019 1734/1734/1729
f 2023/2023/2019 1725/1725/1720 1734/1734/1729
f 1725/1725/1720 2023/2023/2019 1721/1721/1716
f 2020/2020/2016 2024/2024/2020 1771/1771/1766
f 1773/1773/1768 1771/1771/1766 2024/2024/2020
f 2024/2024/2020 2025/2025/2021 1773/1773/1768
f 2020/2020/2016 1771/1771/1766 1770/1770/1765
f 1770/1770/1765 2014/2014/2010 2020/2020/2016
f 1978/1978/1974 2014/2014/2010 1770/1770/1765
f 1770/1770/1765 1775/1775/1770 1978/1978/1974
f 1740/1740/1735 1756/1756/1751 1748/1748/1743
f 1741/1741/1736 1756/1756/1751 1740/1740/1735
f 2026/2026/2022 2028/2027/2023 2027/2028/2024
f 2027/2028/2024 2029/2029/2025 2026/2026/2022
f 2027/2028/2024 2030/2030/2026 2029/2029/2025
f 2027/2028/2024 2028/2027/2023 2031/2031/2027
f 2031/2031/2027 2032/2032/2028 2027/2028/2024
f 2027/2028/2024 2032/2032/2028 2030/2030/2026
f 2028/2027/2023 2026/2026/2022 2033/2033/2029
f 2033/2033/2029 2026/2026/2022 2029/2029/2025
f 2028/2027/2023 2033/2033/2029 2034/2034/2030
f 2034/2034/2030 2035/2035/2031 2028/2027/2023
f 2033/2033/2029 2036/2036/2032 2034/2034/2030
f 2029/2029/2025 2036/2036/2032 2033/2033/2029
f 2037/2037/2033 2029/2029/2025 2030/2030/2026
f 2038/2038/2034 2031/2031/2027 2028/2027/2023
f 2028/2027/2023 2035/2035/2031 2038/2038/2034
f 2031/2031/2027 2038/2038/2034 2039/2039/2035
f 2039/2039/2035 2040/2040/2036 2031/2031/2027
f 2031/2031/2027 2040/2040/2036 2032/2032/2028
f 2032/2032/2028 2040/2040/2036 2030/2030/2026
f 2030/2030/2026 2040/2040/2036 2041/2041/2037
f 2042/2042/2038 2044/2043/2039 2043/2044/2040
f 2043/2044/2040 2045/2045/2041 2042/2042/2038
f 2046/2046/2042 2048/2047/2042 2047/2048/2042
f 2047/2048/2042 2049/2049/2042 2046/2046/2042
f 1648/1648/1643 1633/1633/1628 1636/1636/1631
f 1648/1648/1643 1632/1632/1627 1633/1633/1628
f 1647/1647/1642 1648/1648/1643 1636/1636/1631
f 1632/1632/1627 1648/1648/1643 1600/1600/1595
f 1629/1629/1624 1627/1627/1622 1622/1622/1617
f 1622/1622/1617 1623/1623/1618 1629/1629/1624
f 2050/2050/2043 2052/2051/2044 2051/2052/2045
f 2051/2052/2045 1697/1697/1692 2050/2050/2043
f 2053/2053/2046 2052/2051/2044 2050/2050/2043
f 2050/2050/2043 2054/2054/2047 2053/2053/2046
f 2054/2054/2047 2055/2055/2048 2053/2053/2046
f 2055/2055/2048 2054/2054/2047 2056/2056/2049
f 2056/2056/2049 2057/2057/2050 2055/2055/2048
f 2057/2057/2050 2056/2056/2049 2058/2058/2051
f 2058/2058/2051 2056/2056/2049 2059/2059/2052
f 2059/2059/2052 2056/2056/2049 2054/2054/2047
f 2054/2054/2047 2050/2050/2043 2059/2059/2052
f 2059/2059/2052 2060/2060/2053 2058/2058/2051
f 2061/2061/2054 2060/2060/2053 2059/2059/2052
f 2058/2058/2051 2062/2062/2055 2057/2057/2050
f 2050/2050/2043 1697/1697/1692 1695/1695/1690
f 1695/1695/1690 2059/2059/2052 2050/2050/2043
f 1695/1695/1690 2061/2061/2054 2059/2059/2052
f 1691/1691/1686 2061/2061/2054 1695/1695/1690
f 2057/2057/2050 2062/2062/2055 1678/1678/1673
f 1678/1678/1673 1674/1674/1669 2057/2057/2050
f 2055/2055/2048 2057/2057/2050 1674/1674/1669
f 2053/2053/2046 2055/2055/2048 1673/1673/1668
f 1672/1672/1667 1673/1673/1668 2055/2055/2048
f 1674/1674/1669 1672/1672/1667 2055/2055/2048
f 1726/1726/1721 1746/1746/1741 1733/1733/1728
f 1668/1668/1663 1684/1684/1679 1667/1667/1662
f 1684/1684/1679 1668/1668/1663 1676/1676/1671
f 1983/1983/1979 1986/1986/1982 1995/1995/1991
f 1995/1995/1991 1992/1992/1988 1983/1983/1979
f 2063/2063/2056 2065/2064/2057 2064/2065/2058
f 2066/2066/2059 2064/2065/2058 2065/2064/2057
f 2067/2067/2060 2064/2065/2058 2066/2066/2059
f 2068/2068/2061 2063/2063/2056 2064/2065/2058
f 2064/2065/2058 2069/2069/2062 2068/2068/2061
f 2069/2069/2062 2064/2065/2058 2067/2067/2060
f 2065/2064/2057 2063/2063/2056 2070/2070/2063
f 2066/2066/2059 2065/2064/2057 2070/2070/2063
f 2071/2071/2064 2070/2070/2063 2063/2063/2056
f 2063/2063/2056 2072/2072/2065 2071/2071/2064
f 2073/2073/2066 2070/2070/2063 2071/2071/2064
f 2070/2070/2063 2073/2073/2066 2066/2066/2059
f 2066/2066/2059 2074/2074/2067 2067/2067/2060
f 2063/2063/2056 2068/2068/2061 2075/2075/2068
f 2075/2075/2068 2072/2072/2065 2063/2063/2056
f 2076/2076/2069 2075/2075/2068 2068/2068/2061
f 2068/2068/2061 2077/2077/2070 2076/2076/2069
f 2077/2077/2070 2068/2068/2061 2069/2069/2062
f 2077/2077/2070 2069/2069/2062 2067/2067/2060
f 2077/2077/2070 2067/2067/2060 2078/2078/2071
f 1998/1998/1994 2010/2010/2072 1997/1997/1993
f 2079/2079/2073 2081/2080/2074 2080/2081/2075
f 2080/2081/2075 2082/2082/2076 2079/2079/2073
f 2083/2083/2077 2079/2079/2073 2082/2082/2076
f 2082/2082/2076 2084/2084/2078 2083/2083/2077
f 2085/2085/2079 2080/2081/2075 2081/2080/2074
f 2081/2080/2074 2086/2086/2080 2085/2085/2079
f 2079/2079/2073 2087/2087/2081 2081/2080/2074
f 2084/2084/2078 2088/2088/2082 2083/2083/2077
f 2089/2089/2083 2083/2083/2077 2088/2088/2082
f 2089/2089/2083 2087/2087/2081 2079/2079/2073
f 2083/2083/2077 2089/2089/2083 2079/2079/2073
f 2088/2088/2082 2090/2090/2084 2089/2089/2083
f 2087/2087/2081 2089/2089/2083 2091/2091/2085
f 2090/2090/2084 2091/2091/2085 2089/2089/2083
f 2091/2091/2085 2092/2092/2086 2087/2087/2081
f 2087/2087/2081 2092/2092/2086 2081/2080/2074
f 2093/2093/2087 2092/2092/2086 2091/2091/2085
f 2091/2091/2085 2094/2094/2088 2093/2093/2087
f 2095/2095/2089 2093/2093/2087 2094/2094/2088
f 2094/2094/2088 2096/2096/2090 2095/2095/2089
f 2090/2090/2084 2088/2088/2082 2097/2097/2091
f 2097/2097/2091 2088/2088/2082 2098/2098/2092
f 2084/2084/2078 2098/2098/2092 2088/2088/2082
f 2098/2098/2092 2099/2099/2093 2097/2097/2091
f 2097/2097/2091 2100/2100/2094 2090/2090/2084
f 2093/2093/2087 2095/2095/2089 2101/2101/2095
f 2095/2095/2089 2102/2102/2096 2101/2101/2095
f 2095/2095/2089 2103/2103/2097 2102/2102/2096
f 2095/2095/2089 2096/2096/2090 2103/2103/2097
f 2102/2102/2096 2104/2104/2098 2101/2101/2095
f 2093/2093/2087 2101/2101/2095 2105/2105/2099
f 2105/2105/2099 2106/2106/2100 2093/2093/2087
f 2107/2107/2101 2093/2093/2087 2106/2106/2100
f 2093/2093/2087 2107/2107/2101 2092/2092/2086
f 2108/2108/2102 2092/2092/2086 2107/2107/2101
f 2107/2107/2101 2109/2109/2103 2108/2108/2102
f 2106/2106/2100 2110/2110/2104 2107/2107/2101
f 2107/2107/2101 2110/2110/2104 2109/2109/2103
f 2111/2111/2105 2110/2110/2104 2106/2106/2100
f 2106/2106/2100 2112/2112/2106 2111/2111/2105
f 2112/2112/2106 2106/2106/2100 2105/2105/2099
f 2112/2112/2106 2105/2105/2099 2113/2113/2107
f 2113/2113/2107 2114/2114/2108 2112/2112/2106
f 2110/2110/2104 2115/2115/2109 2109/2109/2103
f 2110/2110/2104 2111/2111/2105 2115/2115/2109
f 2092/2092/2086 2108/2108/2102 2081/2080/2074
f 2108/2108/2102 2086/2086/2080 2081/2080/2074
f 2116/2116/2110 2113/2113/2107 2105/2105/2099
f 2116/2116/2110 2104/2104/2098 2117/2117/2111
f 2104/2104/2098 2116/2116/2110 2101/2101/2095
f 2105/2105/2099 2101/2101/2095 2116/2116/2110
f 2113/2113/2107 2118/2118/2112 2114/2114/2108
f 2119/2119/2113 2121/2120/2114 2120/2121/2115
f 2120/2121/2115 2122/2122/2116 2119/2119/2113
f 2123/2123/2117 2122/2122/2116 2120/2121/2115
f 2121/2120/2114 2124/2124/2118 2120/2121/2115
f 2125/2125/2119 2123/2123/2117 2120/2121/2115
f 2120/2121/2115 2124/2124/2118 2125/2125/2119
f 2126/2126/2120 2124/2124/2118 2121/2120/2114
f 2121/2120/2114 2127/2127/2121 2126/2126/2120
f 2128/2128/2122 2126/2126/2120 2127/2127/2121
f 2127/2127/2121 2129/2129/2123 2128/2128/2122
f 2124/2124/2118 2130/2130/2124 2125/2125/2119
f 2124/2124/2118 2126/2126/2120 2130/2130/2124
f 2130/2130/2124 2126/2126/2120 2128/2128/2122
f 2131/2131/2125 2130/2130/2124 2128/2128/2122
f 2132/2132/2126 2130/2130/2124 2131/2131/2125
f 2133/2133/2127 2130/2130/2124 2132/2132/2126
f 2125/2125/2119 2130/2130/2124 2133/2133/2127
f 2133/2133/2127 2123/2123/2117 2125/2125/2119
f 2132/2132/2126 2134/2134/2128 2133/2133/2127
f 2133/2133/2127 2134/2134/2128 2135/2135/2129
f 2135/2135/2129 2136/2136/2130 2133/2133/2127
f 2136/2136/2130 2135/2135/2129 2137/2137/2131
f 2137/2137/2131 2138/2138/2132 2136/2136/2130
f 2137/2137/2131 2139/2139/2133 2138/2138/2132
f 2139/2139/2133 2137/2137/2131 2140/2140/2134
f 2140/2140/2134 2141/2141/2135 2139/2139/2133
f 2139/2139/2133 2141/2141/2135 2142/2142/2136
f 2142/2142/2136 2143/2143/2137 2139/2139/2133
f 2139/2139/2133 2143/2143/2137 2144/2144/2138
f 2138/2138/2132 2139/2139/2133 2144/2144/2138
f 2144/2144/2138 2143/2143/2137 2145/2145/2139
f 2146/2146/2140 2145/2145/2139 2143/2143/2137
f 2143/2143/2137 2147/2147/2141 2146/2146/2140
f 2144/2144/2138 2148/2148/2142 2138/2138/2132
f 2144/2144/2138 2145/2145/2139 2148/2148/2142
f 2145/2145/2139 2149/2149/2143 2148/2148/2142
f 2149/2149/2143 2145/2145/2139 2150/2150/2144
f 2149/2149/2143 2150/2150/2144 2151/2151/2145
f 2149/2149/2143 2151/2151/2145 2152/2152/2146
f 2152/2152/2146 2151/2151/2145 2153/2153/2147
f 2098/2098/2092 2152/2152/2146 2153/2153/2147
f 2099/2099/2093 2098/2098/2092 2153/2153/2147
f 2153/2153/2147 2154/2154/2148 2099/2099/2093
f 2155/2155/2149 2151/2151/2145 2150/2150/2144
f 2150/2150/2144 2156/2156/2150 2155/2155/2149
f 2157/2157/2151 2153/2153/2147 2151/2151/2145
f 2151/2151/2145 2155/2155/2149 2157/2157/2151
f 2158/2158/2152 2153/2153/2147 2157/2157/2151
f 2157/2157/2151 2159/2159/2153 2158/2158/2152
f 2147/2147/2141 2160/2160/2154 2146/2146/2140
f 2098/2098/2092 2084/2084/2078 2152/2152/2146
f 2156/2156/2150 2161/2161/2155 2155/2155/2149
f 2155/2155/2149 2161/2161/2155 2157/2157/2151
f 2162/2162/2156 2099/2099/2093 2154/2154/2148
f 2099/2099/2093 2162/2162/2156 2097/2097/2091
f 2163/2163/2157 2146/2146/2140 2160/2160/2154
f 2145/2145/2139 2146/2146/2140 2163/2163/2157
f 2163/2163/2157 2150/2150/2144 2145/2145/2139
f 2164/2164/2158 2150/2150/2144 2163/2163/2157
f 2163/2163/2157 2165/2165/2159 2164/2164/2158
f 2166/2166/2160 2168/2167/2161 2167/2168/2162
f 2169/2169/2163 2168/2167/2161 2166/2166/2160
f 2169/2169/2163 2170/2170/2164 2168/2167/2161
f 2170/2170/2164 2171/2171/2165 2168/2167/2161
f 2171/2171/2165 2172/2172/2166 2168/2167/2161
f 2168/2167/2161 2172/2172/2166 2173/2173/2167
f 2174/2174/2168 2173/2173/2167 2172/2172/2166
f 2173/2173/2167 2174/2174/2168 2175/2175/2169
f 2175/2175/2169 2176/2176/2170 2173/2173/2167
f 2173/2173/2167 2176/2176/2170 2177/2177/2171
f 2173/2173/2167 2177/2177/2171 2168/2167/2161
f 2168/2167/2161 2177/2177/2171 2167/2168/2162
f 2172/2172/2166 2178/2178/2172 2174/2174/2168
f 2178/2178/2172 2172/2172/2166 2179/2179/2173
f 2180/2180/2174 2178/2178/2172 2179/2179/2173
f 2172/2172/2166 2181/2181/2175 2179/2179/2173
f 2172/2172/2166 2171/2171/2165 2181/2181/2175
f 2167/2168/2162 2177/2177/2171 2182/2182/2176
f 2176/2176/2170 2182/2182/2176 2177/2177/2171
f 2183/2183/2177 2185/2184/2178 2184/2185/2179
f 2184/2185/2179 2186/2186/2180 2183/2183/2177
f 2184/2185/2179 2185/2184/2178 2187/2187/2181
f 2187/2187/2181 2188/2188/2182 2184/2185/2179
f 2189/2189/2183 2191/2190/2184 2190/2191/2185
f 2192/2192/2186 2189/2189/2183 2190/2191/2185
f 2190/2191/2185 2193/2193/2187 2192/2192/2186
f 2191/2190/2184 2194/2194/2188 2190/2191/2185
f 2195/2195/2189 2197/2196/2190 2196/2197/2191
f 2196/2197/2191 2198/2198/2192 2195/2195/2189
f 2195/2195/2189 2198/2198/2192 2199/2199/2193
f 2199/2199/2193 2200/2200/2194 2195/2195/2189
f 2200/2200/2194 2199/2199/2193 2201/2201/2195
f 2201/2201/2195 2202/2202/2196 2200/2200/2194
f 2203/2203/2197 2202/2202/2196 2201/2201/2195
f 2201/2201/2195 2204/2204/2198 2203/2203/2197
f 2205/2205/2199 2207/2206/2200 2206/2207/2201
f 2207/2206/2200 2205/2205/2199 2208/2208/2202
f 2208/2208/2202 2209/2209/2203 2207/2206/2200
f 2210/2210/2204 2208/2208/2202 2205/2205/2199
f 2205/2205/2199 2211/2211/2205 2210/2210/2204
f 2211/2211/2205 2205/2205/2199 2096/2096/2090
f 2205/2205/2199 2206/2207/2201 2096/2096/2090
f 2212/2212/2206 2210/2210/2204 2211/2211/2205
f 2211/2211/2205 2213/2213/2207 2212/2212/2206
f 2096/2096/2090 2206/2207/2201 2103/2103/2097
f 2211/2211/2205 2096/2096/2090 2094/2094/2088
f 2094/2094/2088 2214/2214/2208 2211/2211/2205
f 2214/2214/2208 2213/2213/2207 2211/2211/2205
f 2215/2215/2209 2213/2213/2207 2214/2214/2208
f 2214/2214/2208 2216/2216/2210 2215/2215/2209
f 2217/2217/2211 2216/2216/2210 2214/2214/2208
f 2214/2214/2208 2218/2218/2212 2217/2217/2211
f 2094/2094/2088 2218/2218/2212 2214/2214/2208
f 2094/2094/2088 2219/2219/2213 2218/2218/2212
f 2219/2219/2213 2094/2094/2088 2091/2091/2085
f 2091/2091/2085 2220/2220/2214 2219/2219/2213
f 2091/2091/2085 2221/2221/2215 2220/2220/2214
f 2091/2091/2085 2090/2090/2084 2221/2221/2215
f 2221/2221/2215 2090/2090/2084 2100/2100/2094
f 2100/2100/2094 2222/2222/2216 2221/2221/2215
f 2221/2221/2215 2222/2222/2216 2223/2223/2217
f 2223/2223/2217 2224/2224/2218 2221/2221/2215
f 2219/2219/2213 2220/2220/2214 2225/2225/2219
f 2225/2225/2219 2226/2226/2220 2219/2219/2213
f 2219/2219/2213 2226/2226/2220 2227/2227/2221
f 2227/2227/2221 2228/2228/2222 2219/2219/2213
f 2228/2228/2222 2218/2218/2212 2219/2219/2213
f 2229/2229/2223 2231/2230/2224 2230/2231/2225
f 2231/2230/2224 2232/2232/2226 2230/2231/2225
f 2232/2232/2226 2233/2233/2227 2230/2231/2225
f 2230/2231/2225 2234/2234/2228 2229/2229/2223
f 2234/2234/2228 2230/2231/2225 2233/2233/2227
f 2234/2234/2228 2233/2233/2227 2235/2235/2229
f 2235/2235/2229 2233/2233/2227 2236/2236/2230
f 2232/2232/2226 2236/2236/2230 2233/2233/2227
f 2237/2237/2231 2235/2235/2229 2236/2236/2230
f 2238/2238/2232 2235/2235/2229 2237/2237/2231
f 2235/2235/2229 2239/2239/2233 2234/2234/2228
f 2239/2239/2233 2235/2235/2229 2238/2238/2232
f 2239/2239/2233 2240/2240/2234 2234/2234/2228
f 2234/2234/2228 2240/2240/2234 2229/2229/2223
f 2239/2239/2233 2241/2241/2235 2240/2240/2234
f 2239/2239/2233 2242/2242/2236 2241/2241/2235
f 2238/2238/2232 2242/2242/2236 2239/2239/2233
f 2243/2243/2237 2245/2244/2238 2244/2245/2239
f 2244/2245/2239 2246/2246/2240 2243/2243/2237
f 2247/2247/2241 2244/2245/2239 2245/2244/2238
f 2245/2244/2238 2248/2248/2242 2247/2247/2241
f 2245/2244/2238 2243/2243/2237 2249/2249/2243
f 2250/2250/2244 2245/2244/2238 2249/2249/2243
f 2250/2250/2244 2251/2251/2245 2245/2244/2238
f 2251/2251/2245 2248/2248/2242 2245/2244/2238
f 2252/2252/2246 2254/2253/2247 2253/2254/2248
f 2253/2254/2248 2255/2255/2249 2252/2252/2246
f 2256/2256/2250 2255/2255/2249 2253/2254/2248
f 2255/2255/2249 2256/2256/2250 2257/2257/2251
f 2252/2252/2246 2255/2255/2249 2257/2257/2251
f 2253/2254/2248 2258/2258/2252 2256/2256/2250
f 2259/2259/2253 2256/2256/2250 2258/2258/2252
f 2257/2257/2251 2256/2256/2250 2259/2259/2253
f 2258/2258/2252 2260/2260/2254 2259/2259/2253
f 2261/2261/2255 2257/2257/2251 2259/2259/2253
f 2252/2252/2246 2257/2257/2251 2261/2261/2255
f 2262/2262/2256 2253/2254/2248 2254/2253/2247
f 2254/2253/2247 2263/2263/2257 2262/2262/2256
f 2264/2264/2258 2260/2260/2254 2258/2258/2252
f 2258/2258/2252 2265/2265/2259 2264/2264/2258
f 2265/2265/2259 2258/2258/2252 2253/2254/2248
f 2253/2254/2248 2262/2262/2256 2265/2265/2259
f 2266/2266/2260 2268/2267/2261 2267/2268/2262
f 2269/2269/2263 2266/2266/2260 2267/2268/2262
f 2267/2268/2262 2270/2270/2264 2269/2269/2263
f 2270/2270/2264 2267/2268/2262 2271/2271/2265
f 2268/2267/2261 2271/2271/2265 2267/2268/2262
f 2271/2271/2265 2272/2272/2266 2270/2270/2264
f 2269/2269/2263 2270/2270/2264 2273/2273/2267
f 2273/2273/2267 2270/2270/2264 2272/2272/2266
f 2273/2273/2267 2272/2272/2266 2274/2274/2268
f 2274/2274/2268 2275/2275/2269 2273/2273/2267
f 2273/2273/2267 2275/2275/2269 2276/2276/2270
f 2276/2276/2270 2269/2269/2263 2273/2273/2267
f 2277/2277/2271 2279/2278/2272 2278/2279/2273
f 2278/2279/2273 2280/2280/2274 2277/2277/2271
f 2281/2281/2275 2278/2279/2273 2279/2278/2272
f 2281/2281/2275 2282/2282/2276 2278/2279/2273
f 2280/2280/2274 2278/2279/2273 2282/2282/2276
f 2279/2278/2272 2283/2283/2277 2281/2281/2275
f 2281/2281/2275 2283/2283/2277 2284/2284/2278
f 2284/2284/2278 2285/2285/2279 2281/2281/2275
f 2281/2281/2275 2285/2285/2279 2282/2282/2276
f 2286/2286/2280 2280/2280/2274 2282/2282/2276
f 2285/2285/2279 2286/2286/2280 2282/2282/2276
f 2287/2287/2281 2279/2278/2272 2277/2277/2271
f 2277/2277/2271 2288/2288/2282 2287/2287/2281
f 2289/2289/2283 2284/2284/2278 2283/2283/2277
f 2283/2283/2277 2290/2290/2284 2289/2289/2283
f 2279/2278/2272 2287/2287/2281 2290/2290/2284
f 2290/2290/2284 2283/2283/2277 2279/2278/2272
f 2291/2291/2285 2293/2292/2286 2292/2293/2287
f 2294/2294/2288 2292/2293/2287 2293/2292/2286
f 2293/2292/2286 2295/2295/2289 2294/2294/2288
f 2295/2295/2289 2293/2292/2286 2296/2296/2290
f 2296/2296/2290 2293/2292/2286 2291/2291/2285
f 2296/2296/2290 2291/2291/2285 2297/2297/2291
f 2297/2297/2291 2291/2291/2285 2292/2293/2287
f 2297/2297/2291 2298/2298/2292 2296/2296/2290
f 2299/2299/2293 2298/2298/2292 2297/2297/2291
f 2299/2299/2293 2297/2297/2291 2300/2300/2294
f 2292/2293/2287 2300/2300/2294 2297/2297/2291
f 2296/2296/2290 2301/2301/2295 2295/2295/2289
f 2302/2302/2296 2304/2303/2297 2303/2304/2298
f 2303/2304/2298 2305/2305/2299 2302/2302/2296
f 2306/2306/2300 2302/2302/2296 2305/2305/2299
f 2305/2305/2299 2307/2307/2301 2306/2306/2300
f 2303/2304/2298 2308/2308/2302 2305/2305/2299
f 2307/2307/2301 2305/2305/2299 2308/2308/2302
f 2303/2304/2298 2304/2303/2297 2309/2309/2303
f 2309/2309/2303 2310/2310/2304 2303/2304/2298
f 2310/2310/2304 2309/2309/2303 2311/2311/2305
f 2311/2311/2305 2312/2312/2306 2310/2310/2304
f 2310/2310/2304 2313/2313/2307 2303/2304/2298
f 2310/2310/2304 2312/2312/2306 2313/2313/2307
f 2314/2314/2308 2306/2306/2300 2307/2307/2301
f 2307/2307/2301 2315/2315/2309 2314/2314/2308
f 2308/2308/2302 2316/2316/2310 2307/2307/2301
f 2315/2315/2309 2307/2307/2301 2316/2316/2310
f 2317/2317/2311 2316/2316/2310 2308/2308/2302
f 2317/2317/2311 2315/2315/2309 2316/2316/2310
f 2303/2304/2298 2317/2317/2311 2308/2308/2302
f 2318/2318/2312 2304/2303/2297 2302/2302/2296
f 2302/2302/2296 2319/2319/2313 2318/2318/2312
f 2319/2319/2313 2302/2302/2296 2306/2306/2300
f 2306/2306/2300 2320/2320/2314 2319/2319/2313
f 2320/2320/2314 2306/2306/2300 2314/2314/2308
f 2314/2314/2308 2321/2321/2315 2320/2320/2314
f 2311/2311/2305 2309/2309/2303 2322/2322/2316
f 2323/2323/2317 2311/2311/2305 2322/2322/2316
f 2322/2322/2316 2324/2324/2318 2323/2323/2317
f 2318/2318/2312 2324/2324/2318 2322/2322/2316
f 2322/2322/2316 2304/2303/2297 2318/2318/2312
f 2322/2322/2316 2309/2309/2303 2304/2303/2297
f 2325/2325/2319 2128/2128/2122 2129/2129/2123
f 2129/2129/2123 2326/2326/2320 2325/2325/2319
f 2128/2128/2122 2325/2325/2319 2327/2327/2321
f 2327/2327/2321 2131/2131/2125 2128/2128/2122
f 2328/2328/2322 2330/2329/2323 2329/2330/2324
f 2329/2330/2324 2331/2331/2325 2328/2328/2322
f 2332/2332/2326 2328/2328/2322 2331/2331/2325
f 2332/2332/2326 2331/2331/2325 2333/2333/2327
f 2333/2333/2327 2334/2334/2328 2332/2332/2326
f 2334/2334/2328 2333/2333/2327 2335/2335/2329
f 2331/2331/2325 2329/2330/2324 2336/2336/2330
f 2336/2336/2330 2337/2337/2331 2331/2331/2325
f 2337/2337/2331 2333/2333/2327 2331/2331/2325
f 2333/2333/2327 2337/2337/2331 2338/2338/2332
f 2338/2338/2332 2339/2339/2333 2333/2333/2327
f 2333/2333/2327 2339/2339/2333 2335/2335/2329
f 2335/2335/2329 2339/2339/2333 2340/2340/2334
f 2337/2337/2331 2341/2341/2335 2338/2338/2332
f 2337/2337/2331 2336/2336/2330 2341/2341/2335
f 2338/2338/2332 2342/2342/2336 2339/2339/2333
f 2339/2339/2333 2342/2342/2336 2340/2340/2334
f 2340/2340/2334 2342/2342/2336 2343/2343/2337
f 2344/2344/2338 2343/2343/2337 2342/2342/2336
f 2338/2338/2332 2345/2345/2339 2342/2342/2336
f 2345/2345/2339 2344/2344/2338 2342/2342/2336
f 2345/2345/2339 2346/2346/2340 2344/2344/2338
f 2344/2344/2338 2346/2346/2340 2347/2347/2341
f 2347/2347/2341 2348/2348/2342 2344/2344/2338
f 2349/2349/2343 2344/2344/2338 2348/2348/2342
f 2344/2344/2338 2349/2349/2343 2343/2343/2337
f 2348/2348/2342 2350/2350/2344 2349/2349/2343
f 2351/2351/2345 2350/2350/2344 2348/2348/2342
f 2348/2348/2342 2352/2352/2346 2351/2351/2345
f 2352/2352/2346 2348/2348/2342 2347/2347/2341
f 2347/2347/2341 2353/2353/2347 2352/2352/2346
f 2353/2353/2347 2347/2347/2341 2354/2354/2348
f 2354/2354/2348 2347/2347/2341 2346/2346/2340
f 2354/2354/2348 2346/2346/2340 2345/2345/2339
f 2354/2354/2348 2345/2345/2339 2338/2338/2332
f 2343/2343/2337 2355/2355/2349 2340/2340/2334
f 2340/2340/2334 2355/2355/2349 2356/2356/2350
f 2356/2356/2350 2335/2335/2329 2340/2340/2334
f 2335/2335/2329 2356/2356/2350 2357/2357/2351
f 2357/2357/2351 2334/2334/2328 2335/2335/2329
f 2334/2334/2328 2357/2357/2351 2332/2332/2326
f 2358/2358/2352 2122/2122/2116 2123/2123/2117
f 2359/2359/2353 2358/2358/2352 2123/2123/2117
f 2359/2359/2353 2123/2123/2117 2360/2360/2354
f 2360/2360/2354 2123/2123/2117 2133/2133/2127
f 2361/2361/2355 2363/2362/2356 2362/2363/2357
f 2362/2363/2357 2364/2364/2358 2361/2361/2355
f 2362/2363/2357 2363/2362/2356 2365/2365/2359
f 2365/2365/2359 2366/2366/2360 2362/2363/2357
f 2367/2367/2361 2369/2368/2362 2368/2369/2363
f 2368/2369/2363 2370/2370/2364 2367/2367/2361
f 2369/2368/2362 2367/2367/2361 2371/2371/2365
f 2371/2371/2365 2372/2372/2366 2369/2368/2362
f 2370/2370/2364 2368/2369/2363 2373/2373/2367
f 2373/2373/2367 2374/2374/2368 2370/2370/2364
f 2375/2375/2369 2377/2376/2370 2376/2377/2371
f 2376/2377/2371 2378/2378/2372 2375/2375/2369
f 2376/2377/2371 2377/2376/2370 2379/2379/2373
f 2379/2379/2373 2377/2376/2370 2380/2380/2374
f 2380/2380/2374 2377/2376/2370 2375/2375/2369
f 2381/2381/2375 2380/2380/2374 2375/2375/2369
f 2382/2382/2376 2380/2380/2374 2381/2381/2375
f 2382/2382/2376 2379/2379/2373 2380/2380/2374
f 2379/2379/2373 2382/2382/2376 2383/2383/2377
f 2383/2383/2377 2384/2384/2378 2379/2379/2373
f 2379/2379/2373 2384/2384/2378 2376/2377/2371
f 2385/2385/2379 2378/2378/2372 2376/2377/2371
f 2376/2377/2371 2386/2386/2380 2385/2385/2379
f 2386/2386/2380 2376/2377/2371 2384/2384/2378
f 2387/2387/2381 2384/2384/2378 2383/2383/2377
f 2384/2384/2378 2387/2387/2381 2386/2386/2380
f 2383/2383/2377 2388/2388/2382 2387/2387/2381
f 2389/2389/2383 2391/2390/2384 2390/2391/2385
f 2391/2390/2384 2392/2392/2386 2390/2391/2385
f 2393/2393/2387 2390/2391/2385 2392/2392/2386
f 2392/2392/2386 2394/2394/2388 2393/2393/2387
f 2390/2391/2385 2393/2393/2387 2395/2395/2389
f 2395/2395/2389 2389/2389/2383 2390/2391/2385
f 2393/2393/2387 2396/2396/2390 2395/2395/2389
f 2394/2394/2388 2396/2396/2390 2393/2393/2387
f 2397/2397/2391 2395/2395/2389 2396/2396/2390
f 2396/2396/2390 2398/2398/2392 2397/2397/2391
f 2398/2398/2392 2396/2396/2390 2394/2394/2388
f 2394/2394/2388 2399/2399/2393 2398/2398/2392
f 2400/2400/2394 2402/2401/2394 2401/2402/2394
f 2140/2140/2134 2403/2403/2395 2141/2141/2135
f 2141/2141/2135 2403/2403/2395 2142/2142/2136
f 2404/2404/2396 2406/2405/2397 2405/2406/2398
f 2405/2406/2398 2407/2407/2399 2404/2404/2396
f 2407/2407/2399 2405/2406/2398 2408/2408/2400
f 2408/2408/2400 2409/2409/2401 2407/2407/2399
f 2406/2405/2397 2404/2404/2396 2410/2410/2402
f 2410/2410/2402 2411/2411/2403 2406/2405/2397
f 2405/2406/2398 2406/2405/2397 2412/2412/2404
f 2409/2409/2401 2408/2408/2400 2413/2413/2405
f 2414/2414/2406 2413/2413/2405 2408/2408/2400
f 2414/2414/2406 2405/2406/2398 2412/2412/2404
f 2408/2408/2400 2405/2406/2398 2414/2414/2406
f 2413/2413/2405 2414/2414/2406 2415/2415/2407
f 2416/2416/2408 2414/2414/2406 2412/2412/2404
f 2415/2415/2407 2414/2414/2406 2416/2416/2408
f 2412/2412/2404 2417/2417/2409 2416/2416/2408
f 2412/2412/2404 2406/2405/2397 2417/2417/2409
f 2418/2418/2410 2416/2416/2408 2417/2417/2409
f 2416/2416/2408 2418/2418/2410 2419/2419/2411
f 2419/2419/2411 2418/2418/2410 2420/2420/2412
f 2420/2420/2412 2421/2421/2413 2419/2419/2411
f 2422/2422/2414 2413/2413/2405 2415/2415/2407
f 2423/2423/2415 2413/2413/2405 2422/2422/2414
f 2409/2409/2401 2413/2413/2405 2423/2423/2415
f 2422/2422/2414 2424/2424/2416 2423/2423/2415
f 2415/2415/2407 2425/2425/2417 2422/2422/2414
f 2418/2418/2410 2426/2426/2418 2420/2420/2412
f 2420/2420/2412 2426/2426/2418 2427/2427/2419
f 2420/2420/2412 2427/2427/2419 2428/2428/2420
f 2420/2420/2412 2428/2428/2420 2421/2421/2413
f 2427/2427/2419 2426/2426/2418 2429/2429/2421
f 2430/2430/2422 2426/2426/2418 2418/2418/2410
f 2418/2418/2410 2431/2431/2423 2430/2430/2422
f 2431/2431/2423 2418/2418/2410 2432/2432/2424
f 2418/2418/2410 2417/2417/2409 2432/2432/2424
f 2432/2432/2424 2417/2417/2409 2433/2433/2425
f 2433/2433/2425 2434/2434/2426 2432/2432/2424
f 2432/2432/2424 2435/2435/2427 2431/2431/2423
f 2432/2432/2424 2434/2434/2426 2435/2435/2427
f 2431/2431/2423 2435/2435/2427 2436/2436/2428
f 2436/2436/2428 2437/2437/2429 2431/2431/2423
f 2437/2437/2429 2430/2430/2422 2431/2431/2423
f 2438/2438/2430 2430/2430/2422 2437/2437/2429
f 2437/2437/2429 2439/2439/2431 2438/2438/2430
f 2435/2435/2427 2434/2434/2426 2440/2440/2432
f 2435/2435/2427 2440/2440/2432 2436/2436/2428
f 2417/2417/2409 2406/2405/2397 2433/2433/2425
f 2433/2433/2425 2406/2405/2397 2411/2411/2403
f 2430/2430/2422 2438/2438/2430 2441/2441/2433
f 2441/2441/2433 2442/2442/2434 2429/2429/2421
f 2441/2441/2433 2426/2426/2418 2430/2430/2422
f 2429/2429/2421 2426/2426/2418 2441/2441/2433
f 2438/2438/2430 2439/2439/2431 2443/2443/2435
f 2444/2444/2436 2446/2445/2437 2445/2446/2438
f 2445/2446/2438 2447/2447/2439 2444/2444/2436
f 2448/2448/2440 2444/2444/2436 2447/2447/2439
f 2446/2445/2437 2444/2444/2436 2449/2449/2441
f 2444/2444/2436 2448/2448/2440 2450/2450/2442
f 2450/2450/2442 2449/2449/2441 2444/2444/2436
f 2446/2445/2437 2449/2449/2441 2451/2451/2443
f 2451/2451/2443 2452/2452/2444 2446/2445/2437
f 2452/2452/2444 2451/2451/2443 2453/2453/2445
f 2453/2453/2445 2454/2454/2446 2452/2452/2444
f 2449/2449/2441 2450/2450/2442 2455/2455/2447
f 2449/2449/2441 2455/2455/2447 2451/2451/2443
f 2455/2455/2447 2453/2453/2445 2451/2451/2443
f 2456/2456/2448 2453/2453/2445 2455/2455/2447
f 2457/2457/2449 2456/2456/2448 2455/2455/2447
f 2457/2457/2449 2455/2455/2447 2458/2458/2450
f 2450/2450/2442 2458/2458/2450 2455/2455/2447
f 2458/2458/2450 2450/2450/2442 2448/2448/2440
f 2458/2458/2450 2459/2459/2451 2457/2457/2449
f 2460/2460/2452 2459/2459/2451 2458/2458/2450
f 2458/2458/2450 2461/2461/2453 2460/2460/2452
f 2462/2462/2454 2460/2460/2452 2461/2461/2453
f 2461/2461/2453 2463/2463/2455 2462/2462/2454
f 2462/2462/2454 2463/2463/2455 2464/2464/2456
f 2465/2465/2457 2462/2462/2454 2464/2464/2456
f 2464/2464/2456 2466/2466/2458 2465/2465/2457
f 2467/2467/2459 2466/2466/2458 2464/2464/2456
f 2464/2464/2456 2468/2468/2460 2467/2467/2459
f 2464/2464/2456 2469/2469/2461 2468/2468/2460
f 2469/2469/2461 2464/2464/2456 2463/2463/2455
f 2469/2469/2461 2470/2470/2462 2468/2468/2460
f 2468/2468/2460 2470/2470/2462 2471/2471/2463
f 2471/2471/2463 2472/2472/2464 2468/2468/2460
f 2463/2463/2455 2473/2473/2465 2469/2469/2461
f 2469/2469/2461 2473/2473/2465 2470/2470/2462
f 2470/2470/2462 2473/2473/2465 2474/2474/2466
f 2474/2474/2466 2475/2475/2467 2470/2470/2462
f 2474/2474/2466 2476/2476/2468 2475/2475/2467
f 2474/2474/2466 2477/2477/2469 2476/2476/2468
f 2477/2477/2469 2478/2478/2470 2476/2476/2468
f 2423/2423/2415 2478/2478/2470 2477/2477/2469
f 2478/2478/2470 2423/2423/2415 2424/2424/2416
f 2424/2424/2416 2479/2479/2471 2478/2478/2470
f 2475/2475/2467 2476/2476/2468 2480/2480/2472
f 2480/2480/2472 2481/2481/2473 2475/2475/2467
f 2476/2476/2468 2478/2478/2470 2482/2482/2474
f 2482/2482/2474 2480/2480/2472 2476/2476/2468
f 2482/2482/2474 2478/2478/2470 2483/2483/2475
f 2483/2483/2475 2484/2484/2476 2482/2482/2474
f 2472/2472/2464 2471/2471/2463 2485/2485/2477
f 2486/2486/2478 2485/2485/2477 2471/2471/2463
f 2486/2486/2478 2475/2475/2467 2487/2487/2479
f 2487/2487/2479 2488/2488/2480 2486/2486/2478
f 2486/2486/2478 2471/2471/2463 2470/2470/2462
f 2470/2470/2462 2475/2475/2467 2486/2486/2478
f 2481/2481/2473 2480/2480/2472 2489/2489/2481
f 2480/2480/2472 2482/2482/2474 2489/2489/2481
f 2490/2490/2482 2479/2479/2471 2424/2424/2416
f 2424/2424/2416 2422/2422/2414 2490/2490/2482
f 2491/2491/2483 2493/2492/2484 2492/2493/2485
f 2494/2494/2486 2491/2491/2483 2492/2493/2485
f 2494/2494/2486 2492/2493/2485 2495/2495/2487
f 2495/2495/2487 2492/2493/2485 2496/2496/2488
f 2496/2496/2488 2492/2493/2485 2497/2497/2489
f 2498/2498/2490 2497/2497/2489 2492/2493/2485
f 2497/2497/2489 2498/2498/2490 2499/2499/2491
f 2500/2500/2492 2499/2499/2491 2498/2498/2490
f 2498/2498/2490 2501/2501/2493 2500/2500/2492
f 2498/2498/2490 2502/2502/2494 2501/2501/2493
f 2492/2493/2485 2502/2502/2494 2498/2498/2490
f 2492/2493/2485 2493/2492/2484 2502/2502/2494
f 2499/2499/2491 2503/2503/2495 2497/2497/2489
f 2503/2503/2495 2504/2504/2496 2497/2497/2489
f 2505/2505/2497 2504/2504/2496 2503/2503/2495
f 2497/2497/2489 2504/2504/2496 2506/2506/2498
f 2497/2497/2489 2506/2506/2498 2496/2496/2488
f 2493/2492/2484 2507/2507/2499 2502/2502/2494
f 2501/2501/2493 2502/2502/2494 2507/2507/2499
f 2508/2508/2500 2510/2509/2501 2509/2510/2502
f 2509/2510/2502 2511/2511/2503 2508/2508/2500
f 2512/2512/2504 2510/2509/2501 2508/2508/2500
f 2508/2508/2500 2513/2513/2505 2512/2512/2504
f 2514/2514/2506 2516/2515/2507 2515/2516/2508
f 2516/2515/2507 2514/2514/2506 2517/2517/2509
f 2517/2517/2509 2518/2518/2510 2516/2515/2507
f 2515/2516/2508 2516/2515/2507 2519/2519/2511
f 2520/2520/2512 2522/2521/2513 2521/2522/2514
f 2521/2522/2514 2523/2523/2515 2520/2520/2512
f 2524/2524/2516 2523/2523/2515 2521/2522/2514
f 2521/2522/2514 2525/2525/2517 2524/2524/2516
f 2526/2526/2518 2524/2524/2516 2525/2525/2517
f 2525/2525/2517 2527/2527/2519 2526/2526/2518
f 2526/2526/2518 2527/2527/2519 2528/2528/2520
f 2528/2528/2520 2529/2529/2521 2526/2526/2518
f 2530/2530/2522 2532/2531/2523 2531/2532/2524
f 2533/2533/2525 2530/2530/2522 2531/2532/2524
f 2531/2532/2524 2534/2534/2526 2533/2533/2525
f 2530/2530/2522 2533/2533/2525 2535/2535/2527
f 2535/2535/2527 2536/2536/2528 2530/2530/2522
f 2536/2536/2528 2421/2421/2413 2530/2530/2522
f 2530/2530/2522 2421/2421/2413 2532/2531/2523
f 2536/2536/2528 2535/2535/2527 2537/2537/2529
f 2537/2537/2529 2538/2538/2530 2536/2536/2528
f 2421/2421/2413 2428/2428/2420 2532/2531/2523
f 2536/2536/2528 2419/2419/2411 2421/2421/2413
f 2419/2419/2411 2536/2536/2528 2539/2539/2531
f 2539/2539/2531 2536/2536/2528 2538/2538/2530
f 2539/2539/2531 2538/2538/2530 2540/2540/2532
f 2540/2540/2532 2541/2541/2533 2539/2539/2531
f 2539/2539/2531 2541/2541/2533 2542/2542/2534
f 2542/2542/2534 2543/2543/2535 2539/2539/2531
f 2419/2419/2411 2539/2539/2531 2543/2543/2535
f 2419/2419/2411 2543/2543/2535 2544/2544/2536
f 2416/2416/2408 2419/2419/2411 2544/2544/2536
f 2544/2544/2536 2545/2545/2537 2416/2416/2408
f 2416/2416/2408 2545/2545/2537 2546/2546/2538
f 2416/2416/2408 2546/2546/2538 2415/2415/2407
f 2425/2425/2417 2415/2415/2407 2546/2546/2538
f 2546/2546/2538 2547/2547/2539 2425/2425/2417
f 2548/2548/2540 2547/2547/2539 2546/2546/2538
f 2546/2546/2538 2549/2549/2541 2548/2548/2540
f 2550/2550/2542 2545/2545/2537 2544/2544/2536
f 2544/2544/2536 2551/2551/2543 2550/2550/2542
f 2552/2552/2544 2551/2551/2543 2544/2544/2536
f 2544/2544/2536 2553/2553/2545 2552/2552/2544
f 2553/2553/2545 2544/2544/2536 2543/2543/2535
f 2554/2554/2546 2556/2555/2547 2555/2556/2548
f 2555/2556/2548 2556/2555/2547 2557/2557/2549
f 2557/2557/2549 2556/2555/2547 2558/2558/2550
f 2556/2555/2547 2554/2554/2546 2559/2559/2551
f 2559/2559/2551 2558/2558/2550 2556/2555/2547
f 2560/2560/2552 2558/2558/2550 2559/2559/2551
f 2560/2560/2552 2561/2561/2553 2558/2558/2550
f 2557/2557/2549 2558/2558/2550 2561/2561/2553
f 2562/2562/2554 2561/2561/2553 2560/2560/2552
f 2563/2563/2555 2562/2562/2554 2560/2560/2552
f 2559/2559/2551 2564/2564/2556 2560/2560/2552
f 2563/2563/2555 2560/2560/2552 2564/2564/2556
f 2564/2564/2556 2559/2559/2551 2565/2565/2557
f 2559/2559/2551 2554/2554/2546 2565/2565/2557
f 2564/2564/2556 2565/2565/2557 2566/2566/2558
f 2564/2564/2556 2566/2566/2558 2567/2567/2559
f 2564/2564/2556 2567/2567/2559 2563/2563/2555
f 2568/2568/2560 2570/2569/2561 2569/2570/2562
f 2569/2570/2562 2571/2571/2563 2568/2568/2560
f 2570/2569/2561 2568/2568/2560 2572/2572/2564
f 2572/2572/2564 2573/2573/2565 2570/2569/2561
f 2570/2569/2561 2574/2574/2566 2569/2570/2562
f 2575/2575/2567 2574/2574/2566 2570/2569/2561
f 2575/2575/2567 2570/2569/2561 2576/2576/2568
f 2576/2576/2568 2570/2569/2561 2573/2573/2565
f 2577/2577/2569 2579/2578/2570 2578/2579/2571
f 2578/2579/2571 2580/2580/2572 2577/2577/2569
f 2577/2577/2569 2580/2580/2572 2581/2581/2573
f 2580/2580/2572 2582/2582/2574 2581/2581/2573
f 2578/2579/2571 2582/2582/2574 2580/2580/2572
f 2581/2581/2573 2583/2583/2575 2577/2577/2569
f 2583/2583/2575 2581/2581/2573 2584/2584/2576
f 2582/2582/2574 2584/2584/2576 2581/2581/2573
f 2584/2584/2576 2585/2585/2577 2583/2583/2575
f 2586/2586/2578 2584/2584/2576 2582/2582/2574
f 2578/2579/2571 2586/2586/2578 2582/2582/2574
f 2579/2578/2570 2577/2577/2569 2587/2587/2579
f 2587/2587/2579 2588/2588/2580 2579/2578/2570
f 2583/2583/2575 2585/2585/2577 2589/2589/2581
f 2589/2589/2581 2590/2590/2582 2583/2583/2575
f 2577/2577/2569 2583/2583/2575 2590/2590/2582
f 2590/2590/2582 2587/2587/2579 2577/2577/2569
f 2591/2591/2583 2593/2592/2584 2592/2593/2585
f 2593/2592/2584 2591/2591/2583 2594/2594/2586
f 2594/2594/2586 2595/2595/2587 2593/2592/2584
f 2596/2596/2588 2593/2592/2584 2595/2595/2587
f 2592/2593/2585 2593/2592/2584 2596/2596/2588
f 2595/2595/2587 2597/2597/2589 2596/2596/2588
f 2594/2594/2586 2598/2598/2590 2595/2595/2587
f 2598/2598/2590 2597/2597/2589 2595/2595/2587
f 2599/2599/2591 2597/2597/2589 2598/2598/2590
f 2598/2598/2590 2600/2600/2592 2599/2599/2591
f 2601/2601/2593 2600/2600/2592 2598/2598/2590
f 2598/2598/2590 2594/2594/2586 2601/2601/2593
f 2602/2602/2594 2604/2603/2595 2603/2604/2596
f 2603/2604/2596 2605/2605/2597 2602/2602/2594
f 2604/2603/2595 2602/2602/2594 2606/2606/2598
f 2606/2606/2598 2602/2602/2594 2607/2607/2599
f 2605/2605/2597 2607/2607/2599 2602/2602/2594
f 2606/2606/2598 2608/2608/2600 2604/2603/2595
f 2609/2609/2601 2608/2608/2600 2606/2606/2598
f 2606/2606/2598 2610/2610/2602 2609/2609/2601
f 2606/2606/2598 2607/2607/2599 2610/2610/2602
f 2611/2611/2603 2607/2607/2599 2605/2605/2597
f 2610/2610/2602 2607/2607/2599 2611/2611/2603
f 2603/2604/2596 2604/2603/2595 2612/2612/2604
f 2612/2612/2604 2613/2613/2605 2603/2604/2596
f 2608/2608/2600 2609/2609/2601 2614/2614/2606
f 2614/2614/2606 2615/2615/2607 2608/2608/2600
f 2615/2615/2607 2612/2612/2604 2604/2603/2595
f 2604/2603/2595 2608/2608/2600 2615/2615/2607
f 2616/2616/2608 2618/2617/2609 2617/2618/2610
f 2617/2618/2610 2618/2617/2609 2619/2619/2611
f 2619/2619/2611 2620/2620/2612 2617/2618/2610
f 2621/2621/2613 2617/2618/2610 2620/2620/2612
f 2621/2621/2613 2616/2616/2608 2617/2618/2610
f 2622/2622/2614 2616/2616/2608 2621/2621/2613
f 2618/2617/2609 2616/2616/2608 2622/2622/2614
f 2621/2621/2613 2623/2623/2615 2622/2622/2614
f 2624/2624/2616 2622/2622/2614 2623/2623/2615
f 2624/2624/2616 2625/2625/2617 2622/2622/2614
f 2622/2622/2614 2625/2625/2617 2618/2617/2609
f 2620/2620/2612 2626/2626/2618 2621/2621/2613
f 2627/2627/2619 2629/2628/2620 2628/2629/2621
f 2628/2629/2621 2630/2630/2622 2627/2627/2619
f 2630/2630/2622 2628/2629/2621 2631/2631/2623
f 2631/2631/2623 2632/2632/2624 2630/2630/2622
f 2627/2627/2619 2630/2630/2622 2633/2633/2625
f 2633/2633/2625 2630/2630/2622 2632/2632/2624
f 2634/2634/2626 2629/2628/2620 2627/2627/2619
f 2627/2627/2619 2635/2635/2627 2634/2634/2626
f 2636/2636/2628 2634/2634/2626 2635/2635/2627
f 2635/2635/2627 2637/2637/2629 2636/2636/2628
f 2635/2635/2627 2627/2627/2619 2638/2638/2630
f 2635/2635/2627 2638/2638/2630 2637/2637/2629
f 2632/2632/2624 2631/2631/2623 2639/2639/2631
f 2639/2639/2631 2640/2640/2632 2632/2632/2624
f 2632/2632/2624 2641/2641/2633 2633/2633/2625
f 2640/2640/2632 2641/2641/2633 2632/2632/2624
f 2642/2642/2634 2633/2633/2625 2641/2641/2633
f 2642/2642/2634 2641/2641/2633 2640/2640/2632
f 2627/2627/2619 2633/2633/2625 2642/2642/2634
f 2628/2629/2621 2629/2628/2620 2643/2643/2635
f 2643/2643/2635 2644/2644/2636 2628/2629/2621
f 2631/2631/2623 2628/2629/2621 2644/2644/2636
f 2644/2644/2636 2645/2645/2637 2631/2631/2623
f 2639/2639/2631 2631/2631/2623 2645/2645/2637
f 2645/2645/2637 2646/2646/2638 2639/2639/2631
f 2636/2636/2628 2647/2647/2639 2634/2634/2626
f 2647/2647/2639 2636/2636/2628 2648/2648/2640
f 2648/2648/2640 2649/2649/2641 2647/2647/2639
f 2647/2647/2639 2649/2649/2641 2643/2643/2635
f 2643/2643/2635 2629/2628/2620 2647/2647/2639
f 2647/2647/2639 2629/2628/2620 2634/2634/2626
f 2454/2454/2446 2453/2453/2445 2650/2650/2642
f 2650/2650/2642 2651/2651/2643 2454/2454/2446
f 2652/2652/2644 2650/2650/2642 2453/2453/2445
f 2453/2453/2445 2456/2456/2448 2652/2652/2644
f 2653/2653/2645 2655/2654/2646 2654/2655/2647
f 2654/2655/2647 2656/2656/2648 2653/2653/2645
f 2657/2657/2649 2656/2656/2648 2654/2655/2647
f 2658/2658/2650 2656/2656/2648 2657/2657/2649
f 2657/2657/2649 2659/2659/2651 2658/2658/2650
f 2659/2659/2651 2660/2660/2652 2658/2658/2650
f 2661/2661/2653 2653/2653/2645 2656/2656/2648
f 2656/2656/2648 2662/2662/2654 2661/2661/2653
f 2662/2662/2654 2656/2656/2648 2658/2658/2650
f 2663/2663/2655 2662/2662/2654 2658/2658/2650
f 2658/2658/2650 2664/2664/2656 2663/2663/2655
f 2658/2658/2650 2660/2660/2652 2664/2664/2656
f 2660/2660/2652 2665/2665/2657 2664/2664/2656
f 2662/2662/2654 2663/2663/2655 2666/2666/2658
f 2662/2662/2654 2666/2666/2658 2661/2661/2653
f 2663/2663/2655 2664/2664/2656 2667/2667/2659
f 2664/2664/2656 2665/2665/2657 2667/2667/2659
f 2665/2665/2657 2668/2668/2660 2667/2667/2659
f 2669/2669/2661 2667/2667/2659 2668/2668/2660
f 2663/2663/2655 2667/2667/2659 2670/2670/2662
f 2670/2670/2662 2667/2667/2659 2669/2669/2661
f 2670/2670/2662 2669/2669/2661 2671/2671/2663
f 2672/2672/2664 2671/2671/2663 2669/2669/2661
f 2669/2669/2661 2673/2673/2665 2672/2672/2664
f 2673/2673/2665 2669/2669/2661 2674/2674/2666
f 2669/2669/2661 2668/2668/2660 2674/2674/2666
f 2674/2674/2666 2675/2675/2667 2673/2673/2665
f 2673/2673/2665 2675/2675/2667 2676/2676/2668
f 2676/2676/2668 2677/2677/2669 2673/2673/2665
f 2672/2672/2664 2673/2673/2665 2677/2677/2669
f 2677/2677/2669 2678/2678/2670 2672/2672/2664
f 2678/2678/2670 2679/2679/2671 2672/2672/2664
f 2679/2679/2671 2671/2671/2663 2672/2672/2664
f 2679/2679/2671 2670/2670/2662 2671/2671/2663
f 2679/2679/2671 2663/2663/2655 2670/2670/2662
f 2668/2668/2660 2665/2665/2657 2680/2680/2672
f 2681/2681/2673 2680/2680/2672 2665/2665/2657
f 2665/2665/2657 2660/2660/2652 2681/2681/2673
f 2682/2682/2674 2681/2681/2673 2660/2660/2652
f 2660/2660/2652 2659/2659/2651 2682/2682/2674
f 2659/2659/2651 2657/2657/2649 2682/2682/2674
f 2683/2683/2675 2448/2448/2440 2447/2447/2439
f 2684/2684/2676 2448/2448/2440 2683/2683/2675
f 2684/2684/2676 2685/2685/2677 2448/2448/2440
f 2685/2685/2677 2458/2458/2450 2448/2448/2440
f 2686/2686/2678 2688/2687/2679 2687/2688/2680
f 2687/2688/2680 2689/2689/2681 2686/2686/2678
f 2690/2690/2682 2688/2687/2679 2686/2686/2678
f 2686/2686/2678 2691/2691/2683 2690/2690/2682
f 2692/2692/2684 2694/2693/2685 2693/2694/2686
f 2693/2694/2686 2695/2695/2687 2692/2692/2684
f 2696/2696/2688 2693/2694/2686 2694/2693/2685
f 2694/2693/2685 2697/2697/2689 2696/2696/2688
f 2698/2698/2690 2692/2692/2684 2695/2695/2687
f 2695/2695/2687 2699/2699/2691 2698/2698/2690
f 2700/2700/2692 2702/2701/2693 2701/2702/2694
f 2701/2702/2694 2703/2703/2695 2700/2700/2692
f 2704/2704/2696 2702/2701/2693 2700/2700/2692
f 2704/2704/2696 2705/2705/2697 2702/2701/2693
f 2705/2705/2697 2701/2702/2694 2702/2701/2693
f 2706/2706/2698 2701/2702/2694 2705/2705/2697
f 2707/2707/2699 2706/2706/2698 2705/2705/2697
f 2707/2707/2699 2705/2705/2697 2704/2704/2696
f 2708/2708/2700 2707/2707/2699 2704/2704/2696
f 2704/2704/2696 2709/2709/2701 2708/2708/2700
f 2700/2700/2692 2709/2709/2701 2704/2704/2696
f 2700/2700/2692 2703/2703/2695 2710/2710/2702
f 2710/2710/2702 2711/2711/2703 2700/2700/2692
f 2709/2709/2701 2700/2700/2692 2711/2711/2703
f 2708/2708/2700 2709/2709/2701 2712/2712/2704
f 2711/2711/2703 2712/2712/2704 2709/2709/2701
f 2712/2712/2704 2713/2713/2705 2708/2708/2700
f 2714/2714/2706 2716/2715/2707 2715/2716/2708
f 2715/2716/2708 2716/2715/2707 2717/2717/2709
f 2717/2717/2709 2716/2715/2707 2718/2718/2710
f 2718/2718/2710 2719/2719/2711 2717/2717/2709
f 2720/2720/2712 2718/2718/2710 2716/2715/2707
f 2716/2715/2707 2714/2714/2706 2720/2720/2712
f 2718/2718/2710 2720/2720/2712 2721/2721/2713
f 2719/2719/2711 2718/2718/2710 2721/2721/2713
f 2721/2721/2713 2720/2720/2712 2722/2722/2714
f 2722/2722/2714 2723/2723/2715 2721/2721/2713
f 2719/2719/2711 2721/2721/2713 2723/2723/2715
f 2723/2723/2715 2724/2724/2716 2719/2719/2711
f 2725/2725/2717 2727/2726/2717 2726/2727/2717
f 2465/2465/2457 2466/2466/2458 2728/2728/2718
f 2466/2466/2458 2467/2467/2459 2728/2728/2718
f 2423/2423/2415 2477/2477/2469 2409/2409/2401
v 0.033567 0.436263 -0.003205
v 0.031947 0.400987 -0.003392
v 0.033272 0.400966 -0.003392
v 0.032242 0.436285 -0.003205
v 0.031947 0.400951 -0.000642
v 0.032242 0.436256 -0.000454
v 0.033567 0.436234 -0.000454
v 0.033272 0.400930 -0.000642
v 0.033272 0.400966 -0.003392
v 0.033567 0.436263 -0.003205
v 0.036771 0.437170 -0.006769
v 0.025754 0.440461 -0.006546
v 0.025905 0.436508 -0.006020
v 0.028534 0.440461 -0.006575
v 0.036814 0.440468 -0.006553
v 0.046398 0.440461 -0.006481
v 0.043057 0.437185 -0.005401
v 0.035021 0.432454 -0.005999
v 0.031198 0.432468 -0.006042
v 0.035021 0.432454 0.002361
v 0.036771 0.437163 0.003160
v 0.029822 0.442815 -0.004717
v 0.036663 0.442959 -0.004883
v 0.025754 0.440461 0.002649
v 0.036771 0.437163 0.003160
v 0.025905 0.436508 0.002383
v 0.028534 0.440461 0.002699
v 0.036814 0.440468 0.002671
v 0.046398 0.440461 0.002519
v 0.043057 0.437185 0.001814
v 0.031198 0.432461 0.002368
v 0.035021 0.432454 0.002361
v 0.036663 0.442880 0.001411
v 0.029822 0.442744 0.001238
v 0.035021 0.432454 -0.005999
v 0.031198 0.432461 0.002368
v 0.035021 0.432454 0.002361
v 0.031198 0.432468 -0.006042
v 0.036814 0.440468 0.002671
v 0.046398 0.440461 -0.006481
v 0.046398 0.440461 0.002519
v 0.036814 0.440468 -0.006553
v 0.028534 0.440461 0.002699
v 0.025754 0.440461 -0.006546
v 0.028534 0.440461 -0.006575
v 0.025754 0.440461 0.002649
v 0.025905 0.436508 0.002383
v 0.025754 0.440461 -0.006546
v 0.025754 0.440461 0.002649
v 0.025905 0.436508 -0.006020
v 0.036771 0.437170 -0.006769
v 0.043057 0.437185 0.001814
v 0.043057 0.437185 -0.005401
v 0.036771 0.437163 0.003160
v 0.046398 0.440461 -0.006481
v 0.043057 0.437185 0.001814
v 0.046398 0.440461 0.002519
v 0.043057 0.437185 -0.005401
v 0.025905 0.436508 0.002383
v 0.031198 0.432468 -0.006042
v 0.025905 0.436508 -0.006020
v 0.031198 0.432461 0.002368
v 0.036663 0.442880 0.001411
v 0.029822 0.442815 -0.004717
v 0.036663 0.442959 -0.004883
v 0.029822 0.442744 0.001238
v 0.036814 0.440468 0.002671
v 0.036663 0.442959 -0.004883
v 0.036814 0.440468 -0.006553
v 0.036663 0.442880 0.001411
v 0.028534 0.440461 -0.006575
v 0.029822 0.442744 0.001238
v 0.028534 0.440461 0.002699
v 0.029822 0.442815 -0.004717
v 0.060612 0.425261 0.008345
v 0.060612 0.426866 -0.003342
v 0.070153 0.425261 0.003556
v 0.067417 0.421437 0.016467
v 0.060612 0.421437 0.018217
v 0.076979 0.420652 0.009518
v 0.072572 0.413552 0.020953
v 0.060612 0.413552 0.024172
v 0.080680 0.413452 0.012665
v 0.070153 0.424893 -0.010708
v 0.078232 0.421588 -0.003342
v 0.077642 0.420558 -0.014200
v 0.083380 0.414380 0.001331
v 0.083380 0.413754 -0.009304
v 0.081825 0.413387 -0.016872
v 0.060612 0.424893 -0.014964
v 0.067417 0.421343 -0.020400
v 0.060612 0.421343 -0.022150
v 0.072572 0.413711 -0.024893
v 0.060612 0.413387 -0.028090
v 0.077541 0.403551 0.020017
v 0.082473 0.403587 0.012355
v 0.069289 0.403551 0.025842
v 0.060612 0.403551 0.027311
v 0.084576 0.401016 -0.014668
v 0.078542 0.401203 -0.022906
v 0.085821 0.401290 -0.008469
v 0.069995 0.400987 -0.029480
v 0.060612 0.400915 -0.031424
v 0.086462 0.372127 -0.014431
v 0.079795 0.373294 -0.022877
v 0.069779 0.396508 0.025662
v 0.077555 0.398287 0.019866
v 0.064450 0.393844 0.026577
v 0.070895 0.373762 -0.029552
v 0.060612 0.374028 -0.031532
v 0.085915 0.387133 -0.008526
v 0.085857 0.385845 -0.003961
v 0.085850 0.385808 -0.000130
v 0.084612 0.370169 0.002361
v 0.085209 0.386867 0.003736
v 0.081170 0.383720 0.013227
v 0.081112 0.367368 0.013155
v 0.075093 0.376239 0.019369
v 0.075222 0.362839 0.019311
v 0.071528 0.366302 0.022868
v 0.068799 0.358381 0.025511
v 0.082596 0.398741 0.011844
v 0.085735 0.401290 0.003369
v 0.082574 0.396948 0.012226
v 0.085749 0.403471 -0.000346
v 0.085785 0.403392 -0.004811
v 0.085641 0.393974 0.003700
v 0.082344 0.391115 0.012874
v 0.077670 0.386622 0.018418
v 0.077642 0.393952 0.018980
v 0.072090 0.391072 0.024251
v 0.073120 0.380322 0.022285
v 0.068202 0.389034 0.027009
v 0.069786 0.371249 0.024935
v 0.068029 0.364639 0.026310
v 0.065437 0.357460 0.027664
v 0.067590 0.357539 0.026332
v 0.077642 0.393952 0.018980
v 0.071989 0.391324 0.022839
v 0.077649 0.398287 0.019081
v 0.082596 0.398741 0.011844
v 0.082574 0.396948 0.012226
v 0.069627 0.396508 0.024661
v 0.067438 0.389308 0.025720
v 0.064241 0.393844 0.026080
v 0.060612 0.391216 0.026814
v 0.060612 0.384167 0.026958
v 0.064688 0.357618 0.026548
v 0.060612 0.357474 0.027109
v 0.053786 0.389308 0.025720
v 0.056983 0.393844 0.026080
v 0.051597 0.396508 0.024661
v 0.056537 0.357618 0.026548
v 0.049235 0.391324 0.022839
v 0.043576 0.398287 0.019081
v 0.043583 0.393952 0.018980
v 0.038629 0.398741 0.011844
v 0.038650 0.396948 0.012226
v 0.077670 0.386622 0.018418
v 0.082344 0.391115 0.012874
v 0.081170 0.383720 0.013227
v 0.085641 0.393974 0.003700
v 0.085209 0.386867 0.003736
v 0.075093 0.376239 0.019369
v 0.073120 0.380322 0.022285
v 0.069786 0.371249 0.024935
v 0.071528 0.366302 0.022868
v 0.068799 0.358381 0.025511
v 0.068029 0.364639 0.026310
v 0.067590 0.357539 0.026332
v 0.060612 0.367123 0.013140
v 0.081112 0.367368 0.013155
v 0.060612 0.372869 -0.006683
v 0.084612 0.370169 0.002361
v 0.086462 0.372127 -0.014431
v 0.079795 0.373294 -0.022877
v 0.070895 0.373762 -0.029552
v 0.060612 0.374028 -0.031532
v 0.040119 0.367368 0.013155
v 0.050330 0.373762 -0.029552
v 0.036613 0.370169 0.002361
v 0.034762 0.372538 -0.014431
v 0.041430 0.373294 -0.022877
v 0.075222 0.362839 0.019311
v 0.046009 0.362839 0.019311
v 0.068799 0.358381 0.025511
v 0.067590 0.357539 0.026332
v 0.064688 0.357618 0.026548
v 0.060612 0.357474 0.027109
v 0.056537 0.357618 0.026548
v 0.053642 0.357539 0.026332
v 0.052425 0.358381 0.025511
v 0.067438 0.389308 0.025720
v 0.072090 0.391072 0.024251
v 0.068202 0.389034 0.027009
v 0.071989 0.391324 0.022839
v 0.065437 0.357460 0.027664
v 0.064688 0.357618 0.026548
v 0.077642 0.393952 0.018980
v 0.069779 0.396508 0.025662
v 0.077649 0.398287 0.019081
v 0.069627 0.396508 0.024661
v 0.077555 0.398287 0.019866
v 0.064450 0.393844 0.026577
v 0.064241 0.393844 0.026080
v 0.082596 0.398741 0.011844
v 0.060612 0.391216 0.027311
v 0.060612 0.391216 0.026814
v 0.056983 0.393844 0.026080
v 0.056774 0.393844 0.026577
v 0.051597 0.396508 0.024661
v 0.051453 0.396508 0.025662
v 0.043576 0.398287 0.019081
v 0.043669 0.398287 0.019866
v 0.038629 0.398741 0.011844
v 0.064688 0.357618 0.026548
v 0.065437 0.357460 0.027664
v 0.067590 0.357539 0.026332
v 0.085915 0.387133 -0.008526
v 0.087823 0.385967 -0.003932
v 0.087823 0.387205 -0.008497
v 0.085857 0.385845 -0.003961
v 0.087823 0.401311 -0.008469
v 0.085821 0.401290 -0.008469
v 0.085785 0.403392 -0.004811
v 0.087823 0.403407 -0.004768
v 0.087823 0.403529 -0.000274
v 0.085749 0.403471 -0.000346
v 0.085735 0.401290 0.003369
v 0.087823 0.401275 0.003347
v 0.085641 0.393974 0.003700
v 0.085850 0.385808 -0.000130
v 0.087823 0.385823 -0.000174
v 0.085209 0.386867 0.003736
v 0.087823 0.386968 0.003448
v 0.087823 0.401275 0.003347
v 0.087823 0.403407 -0.004768
v 0.087823 0.386968 0.003448
v 0.087823 0.403529 -0.000274
v 0.087823 0.385823 -0.000174
v 0.087823 0.401311 -0.008469
v 0.087823 0.385967 -0.003932
v 0.087823 0.387205 -0.008497
v 0.060612 0.391216 0.027311
v 0.056774 0.393844 0.026577
v 0.051935 0.403551 0.025842
v 0.048652 0.413552 0.020953
v 0.043684 0.403551 0.020017
v 0.040544 0.413452 0.012665
v 0.044245 0.420652 0.009518
v 0.053808 0.421437 0.016467
v 0.051071 0.425261 0.003556
v 0.051071 0.424893 -0.010708
v 0.042992 0.421588 -0.003342
v 0.043583 0.420558 -0.014200
v 0.037844 0.414380 0.001331
v 0.037844 0.413754 -0.009304
v 0.039399 0.413387 -0.016872
v 0.053808 0.421343 -0.020400
v 0.048652 0.413711 -0.024893
v 0.036433 0.401016 -0.014668
v 0.042683 0.401203 -0.022906
v 0.035288 0.401290 -0.008469
v 0.035360 0.403471 -0.000346
v 0.038751 0.403587 0.012355
v 0.051237 0.400987 -0.029480
v 0.034762 0.372538 -0.014431
v 0.041430 0.373294 -0.022877
v 0.050330 0.373762 -0.029552
v 0.043669 0.398287 0.019866
v 0.051453 0.396508 0.025662
v 0.038629 0.398741 0.011844
v 0.035381 0.401290 0.003369
v 0.038650 0.396948 0.012226
v 0.035475 0.393974 0.003700
v 0.038888 0.391115 0.012874
v 0.043554 0.386622 0.018418
v 0.043583 0.393952 0.018980
v 0.049134 0.391072 0.024251
v 0.048105 0.380322 0.022285
v 0.053023 0.389034 0.027009
v 0.051439 0.371249 0.024935
v 0.053196 0.364639 0.026310
v 0.055788 0.357460 0.027664
v 0.053642 0.357539 0.026332
v 0.043554 0.386622 0.018418
v 0.040047 0.383720 0.013227
v 0.038888 0.391115 0.012874
v 0.035475 0.393974 0.003700
v 0.035900 0.386867 0.003736
v 0.046125 0.376239 0.019369
v 0.048105 0.380322 0.022285
v 0.051439 0.371249 0.024935
v 0.049696 0.366302 0.022868
v 0.052425 0.358381 0.025511
v 0.053196 0.364639 0.026310
v 0.053642 0.357539 0.026332
v 0.053786 0.389308 0.025720
v 0.053023 0.389034 0.027009
v 0.049134 0.391072 0.024251
v 0.049235 0.391324 0.022839
v 0.055788 0.357460 0.027664
v 0.056537 0.357618 0.026548
v 0.043583 0.393952 0.018980
v 0.056537 0.357618 0.026548
v 0.053642 0.357539 0.026332
v 0.055788 0.357460 0.027664
v 0.049696 0.366302 0.022868
v 0.046009 0.362839 0.019311
v 0.046125 0.376239 0.019369
v 0.052425 0.358381 0.025511
v 0.040119 0.367368 0.013155
v 0.040047 0.383720 0.013227
v 0.036613 0.370169 0.002361
v 0.035900 0.386867 0.003736
v 0.035266 0.385808 -0.000130
v 0.035259 0.385845 -0.003961
v 0.035194 0.387133 -0.008526
v 0.035331 0.403392 -0.004811
v 0.035194 0.387133 -0.008526
v 0.033293 0.385967 -0.003932
v 0.035259 0.385845 -0.003961
v 0.033293 0.387205 -0.008497
v 0.033293 0.401311 -0.008469
v 0.035288 0.401290 -0.008469
v 0.035331 0.403392 -0.004811
v 0.033293 0.403407 -0.004768
v 0.033293 0.403529 -0.000274
v 0.035360 0.403471 -0.000346
v 0.035381 0.401290 0.003369
v 0.033293 0.401275 0.003347
v 0.035475 0.393974 0.003700
v 0.035266 0.385808 -0.000130
v 0.033293 0.385823 -0.000174
v 0.035900 0.386867 0.003736
v 0.033293 0.386968 0.003448
v 0.033293 0.401275 0.003347
v 0.033293 0.403407 -0.004768
v 0.033293 0.403529 -0.000274
v 0.033293 0.386968 0.003448
v 0.033293 0.385823 -0.000174
v 0.033293 0.401311 -0.008469
v 0.033293 0.385967 -0.003932
v 0.033293 0.387205 -0.008497
v 0.086858 0.397027 0.001295
v 0.089544 0.397027 -0.006071
v 0.086866 0.397027 -0.006129
v 0.089544 0.397027 0.001317
v 0.089544 0.401700 -0.006028
v 0.086866 0.401707 -0.006057
v 0.086866 0.397027 -0.006129
v 0.086858 0.402651 -0.002622
v 0.086866 0.401707 -0.006057
v 0.089544 0.402651 -0.002586
v 0.086858 0.401679 0.001303
v 0.089544 0.401671 0.001252
v 0.086858 0.401679 0.001303
v 0.086858 0.397027 0.001295
v 0.089544 0.401671 0.001252
v 0.089544 0.402651 -0.002586
v 0.089544 0.397027 0.001317
v 0.089544 0.397027 -0.006071
v 0.089544 0.401700 -0.006028
v 0.033149 0.397027 0.001295
v 0.030463 0.397027 -0.006071
v 0.030471 0.397027 0.001317
v 0.033149 0.397027 -0.006129
v 0.030471 0.401700 -0.006028
v 0.033149 0.401707 -0.006057
v 0.033149 0.397027 -0.006129
v 0.033149 0.402651 -0.002622
v 0.030471 0.402651 -0.002586
v 0.033149 0.401707 -0.006057
v 0.033149 0.401679 0.001303
v 0.030471 0.401671 0.001252
v 0.033149 0.401679 0.001303
v 0.033149 0.397027 0.001295
v 0.030471 0.401671 0.001252
v 0.030471 0.397027 0.001317
v 0.030471 0.402651 -0.002586
v 0.030463 0.397027 -0.006071
v 0.030471 0.401700 -0.006028
vt 0.431010 0.792748
vt 0.689488 0.794676
vt 0.689488 0.785032
vt 0.431010 0.783103
vt 0.689488 0.766707
vt 0.431010 0.765742
vt 0.431010 0.757062
vt 0.690452 0.756098
vt 0.689488 0.738737
vt 0.431010 0.739702
vt 0.803295 0.170664
vt 0.842839 0.073252
vt 0.819691 0.052034
vt 0.811011 0.077110
vt 0.774361 0.157161
vt 0.731924 0.241070
vt 0.774361 0.223710
vt 0.843803 0.156197
vt 0.853448 0.130156
vt 0.903600 0.185131
vt 0.869844 0.230461
vt 0.785935 0.083862
vt 0.761823 0.139801
vt 0.746392 0.021171
vt 0.709742 0.006704
vt 0.671163 0.107009
vt 0.734818 0.043354
vt 0.700097 0.122440
vt 0.661518 0.207314
vt 0.644158 0.163913
vt 0.651873 0.037567
vt 0.636442 0.072288
vt 0.718422 0.120512
vt 0.743498 0.064572
vt 0.843803 0.156197
vt 0.903600 0.185131
vt 0.919996 0.138836
vt 0.853448 0.130156
vt 0.700097 0.122440
vt 0.661518 0.207314
vt 0.731924 0.241070
vt 0.774361 0.157161
vt 0.734818 0.043354
vt 0.811011 0.077110
vt 0.819691 0.052034
vt 0.746392 0.021171
vt 0.912281 0.064572
vt 0.901671 0.025029
vt 0.819691 0.052034
vt 0.842839 0.073252
vt 0.803295 0.170664
vt 0.774361 0.223710
vt 0.814869 0.267111
vt 0.869844 0.230461
vt 0.731924 0.241070
vt 0.782077 0.301832
vt 0.814869 0.267111
vt 0.774361 0.223710
vt 0.912281 0.064572
vt 0.842839 0.073252
vt 0.853448 0.130156
vt 0.919996 0.138836
vt 0.718422 0.120512
vt 0.761823 0.139801
vt 0.785935 0.083862
vt 0.743498 0.064572
vt 0.700097 0.122440
vt 0.774361 0.157161
vt 0.761823 0.139801
vt 0.718422 0.120512
vt 0.811011 0.077110
vt 0.734818 0.043354
vt 0.743498 0.064572
vt 0.785935 0.083862
vt 0.365426 0.013455
vt 0.389537 0.079039
vt 0.459944 0.038531
vt 0.295019 0.052998
vt 0.280552 0.011526
vt 0.334563 0.114725
vt 0.236187 0.107973
vt 0.198572 0.031780
vt 0.293090 0.163913
vt 0.484055 0.118583
vt 0.414614 0.144623
vt 0.493700 0.177415
vt 0.362532 0.195740
vt 0.425223 0.221781
vt 0.480198 0.239141
vt 0.544817 0.088684
vt 0.562178 0.162948
vt 0.601721 0.145588
vt 0.556391 0.236248
vt 0.638371 0.218887
vt 0.205323 0.180309
vt 0.257405 0.226603
vt 0.161922 0.124369
vt 0.129130 0.073252
vt 0.433903 0.318228
vt 0.514919 0.324979
vt 0.394360 0.303761
vt 0.588218 0.323050
vt 0.653802 0.320157
vt 0.388573 0.517874
vt 0.485020 0.520767
vt 0.127201 0.161019
vt 0.180247 0.206349
vt 0.088622 0.138836
vt 0.566036 0.515944
vt 0.642229 0.514016
vt 0.368319 0.405030
vt 0.332634 0.408888
vt 0.302735 0.403101
vt 0.257405 0.516909
vt 0.274765 0.384777
vt 0.200501 0.386705
vt 0.170603 0.524625
vt 0.123343 0.426249
vt 0.101161 0.529447
vt 0.076084 0.489904
vt 0.064511 0.530412
vt 0.238115 0.263253
vt 0.304664 0.278685
vt 0.229435 0.287365
vt 0.339385 0.271933
vt 0.373141 0.278685
vt 0.286339 0.330766
vt 0.215933 0.331731
vt 0.155171 0.355842
vt 0.159029 0.300867
vt 0.103089 0.313406
vt 0.105983 0.393457
vt 0.066440 0.323050
vt 0.064511 0.451325
vt 0.040399 0.494726
vt 0.009536 0.529447
vt 0.032683 0.530412
vt 0.754107 0.458076
vt 0.750249 0.492797
vt 0.812940 0.445538
vt 0.670198 0.486046
vt 0.676950 0.473508
vt 0.829336 0.491833
vt 0.859235 0.436858
vt 0.878524 0.478330
vt 0.912281 0.462899
vt 0.922890 0.405995
vt 0.927712 0.196705
vt 0.961469 0.202492
vt 0.859235 0.436858
vt 0.878524 0.478330
vt 0.829336 0.491833
vt 0.927712 0.196705
vt 0.812940 0.445538
vt 0.750249 0.492797
vt 0.754107 0.458076
vt 0.670198 0.486046
vt 0.676950 0.473508
vt 0.155171 0.355842
vt 0.200501 0.386705
vt 0.215933 0.331731
vt 0.286339 0.330766
vt 0.274765 0.384777
vt 0.123343 0.426249
vt 0.105983 0.393457
vt 0.064511 0.451325
vt 0.076084 0.489904
vt 0.064511 0.530412
vt 0.040399 0.494726
vt 0.032683 0.530412
vt 0.530350 0.047212
vt 0.565071 0.079039
vt 0.554462 0.016349
vt 0.580503 0.024064
vt 0.614259 0.043354
vt 0.622939 0.068430
vt 0.621010 0.091577
vt 0.611366 0.112796
vt 0.554462 0.016349
vt 0.621010 0.091577
vt 0.580503 0.024064
vt 0.614259 0.043354
vt 0.622939 0.068430
vt 0.532279 0.018278
vt 0.532279 0.018278
vt 0.520705 0.019242
vt 0.511061 0.020206
vt 0.505274 0.025993
vt 0.499487 0.032745
vt 0.505274 0.025993
vt 0.511061 0.020206
vt 0.520705 0.019242
vt 0.064511 0.317264
vt 0.066440 0.323050
vt 0.103089 0.313406
vt 0.105983 0.304725
vt 0.009536 0.529447
vt 0.006642 0.530412
vt 0.159029 0.300867
vt 0.127201 0.161019
vt 0.125272 0.166806
vt 0.180247 0.214065
vt 0.180247 0.206349
vt 0.088622 0.138836
vt 0.087658 0.142694
vt 0.238115 0.263253
vt 0.057759 0.126298
vt 0.056795 0.130156
vt 0.087658 0.142694
vt 0.088622 0.138836
vt 0.125272 0.166806
vt 0.127201 0.161019
vt 0.180247 0.214065
vt 0.180247 0.206349
vt 0.238115 0.263253
vt 0.006642 0.530412
vt 0.032683 0.530412
vt 0.009536 0.529447
vt 0.146491 0.208278
vt 0.137810 0.213101
vt 0.131059 0.242999
vt 0.140704 0.244928
vt 0.053901 0.164877
vt 0.055830 0.157161
vt 0.025932 0.170664
vt 0.031719 0.176451
vt 0.020145 0.203456
vt 0.010500 0.201527
vt 0.007607 0.237212
vt 0.018216 0.230461
vt 0.052937 0.268075
vt 0.127201 0.270969
vt 0.119485 0.265182
vt 0.102125 0.292187
vt 0.103089 0.280614
vt 0.018216 0.230461
vt 0.103089 0.280614
vt 0.031719 0.176451
vt 0.020145 0.203456
vt 0.119485 0.265182
vt 0.053901 0.164877
vt 0.131059 0.242999
vt 0.137810 0.213101
vt 0.057759 0.126298
vt 0.088622 0.138836
vt 0.161922 0.124369
vt 0.236187 0.107973
vt 0.205323 0.180309
vt 0.293090 0.163913
vt 0.334563 0.114725
vt 0.295019 0.052998
vt 0.389537 0.079039
vt 0.484055 0.118583
vt 0.414614 0.144623
vt 0.493700 0.177415
vt 0.362532 0.195740
vt 0.425223 0.221781
vt 0.480198 0.239141
vt 0.562178 0.162948
vt 0.556391 0.236248
vt 0.433903 0.318228
vt 0.514919 0.324979
vt 0.394360 0.303761
vt 0.339385 0.271933
vt 0.257405 0.226603
vt 0.588218 0.323050
vt 0.388573 0.517874
vt 0.485020 0.520767
vt 0.566036 0.515944
vt 0.180247 0.206349
vt 0.127201 0.161019
vt 0.238115 0.263253
vt 0.304664 0.278685
vt 0.229435 0.287365
vt 0.286339 0.330766
vt 0.215933 0.331731
vt 0.155171 0.355842
vt 0.159029 0.300867
vt 0.103089 0.313406
vt 0.105983 0.393457
vt 0.066440 0.323050
vt 0.064511 0.451325
vt 0.040399 0.494726
vt 0.009536 0.529447
vt 0.032683 0.530412
vt 0.155171 0.355842
vt 0.215933 0.331731
vt 0.200501 0.386705
vt 0.286339 0.330766
vt 0.275730 0.384777
vt 0.123343 0.426249
vt 0.105983 0.393457
vt 0.064511 0.451325
vt 0.076084 0.489904
vt 0.064511 0.530412
vt 0.040399 0.494726
vt 0.032683 0.530412
vt 0.064511 0.317264
vt 0.103089 0.313406
vt 0.066440 0.323050
vt 0.105983 0.304725
vt 0.009536 0.529447
vt 0.006642 0.530412
vt 0.159029 0.300867
vt 0.006642 0.530412
vt 0.009536 0.529447
vt 0.032683 0.530412
vt 0.076084 0.489904
vt 0.123343 0.426249
vt 0.101161 0.529447
vt 0.064511 0.530412
vt 0.170603 0.524625
vt 0.200501 0.386705
vt 0.257405 0.517874
vt 0.275730 0.384777
vt 0.302735 0.403101
vt 0.332634 0.408888
vt 0.368319 0.405030
vt 0.373141 0.278685
vt 0.368319 0.405030
vt 0.332634 0.408888
vt 0.331669 0.398279
vt 0.362532 0.397314
vt 0.386644 0.304725
vt 0.394360 0.303761
vt 0.373141 0.278685
vt 0.369283 0.286400
vt 0.340349 0.281578
vt 0.339385 0.271933
vt 0.304664 0.278685
vt 0.314309 0.287365
vt 0.286339 0.330766
vt 0.302735 0.403101
vt 0.307557 0.394421
vt 0.275730 0.384777
vt 0.287303 0.381883
vt 0.314309 0.287365
vt 0.340349 0.281578
vt 0.369283 0.286400
vt 0.287303 0.381883
vt 0.307557 0.394421
vt 0.386644 0.304725
vt 0.331669 0.398279
vt 0.362532 0.397314
vt 0.890098 0.882443
vt 0.888169 0.950921
vt 0.912281 0.951885
vt 0.915174 0.882443
vt 0.956646 0.951885
vt 0.955682 0.976962
vt 0.912281 0.976962
vt 0.982687 0.955743
vt 0.987509 0.921987
vt 0.964362 0.921022
vt 0.983651 0.882443
vt 0.958575 0.885337
vt 0.959540 0.860261
vt 0.916139 0.858332
vt 0.958575 0.885337
vt 0.915174 0.882443
vt 0.964362 0.921022
vt 0.912281 0.951885
vt 0.956646 0.951885
vt 0.676950 0.326908
vt 0.703955 0.327873
vt 0.702026 0.404066
vt 0.675021 0.403101
vt 0.751214 0.404066
vt 0.750249 0.432036
vt 0.702026 0.432036
vt 0.758930 0.369345
vt 0.784970 0.370309
vt 0.779184 0.408888
vt 0.781113 0.327873
vt 0.753143 0.330766
vt 0.754107 0.302797
vt 0.705884 0.299903
vt 0.753143 0.330766
vt 0.758930 0.369345
vt 0.703955 0.327873
vt 0.702026 0.404066
vt 0.751214 0.404066
vn 0.0001 0.0053 -1.0000
vn -0.7070 0.0097 -0.7071
vn -0.7077 0.0097 -0.7065
vn -0.7035 0.0021 0.7107
vn -0.7101 0.0022 0.7041
vn 0.7065 -0.0097 0.7077
vn 0.7071 -0.0097 0.7070
vn 1.0000 -0.0084 -0.0001
vn 0.2887 -0.1566 -0.9445
vn -0.0526 -0.1192 -0.9915
vn -0.0508 -0.1026 -0.9934
vn -0.0062 0.2020 -0.9794
vn -0.0042 0.2387 -0.9711
vn 0.1223 -0.2744 -0.9538
vn 0.1881 -0.4752 -0.8595
vn 0.5950 -0.3115 -0.7409
vn 0.0114 0.0202 -0.9997
vn 0.9374 -0.3481 -0.0002
vn 0.9374 -0.3483 -0.0003
vn -0.0053 0.6062 -0.7953
vn -0.0318 0.5553 -0.8310
vn -0.0579 -0.0387 0.9976
vn -0.0666 -0.0759 0.9949
vn 0.0060 0.0131 0.9999
vn -0.0175 0.2171 0.9760
vn 0.0074 0.2527 0.9675
vn 0.1271 -0.1816 0.9751
vn 0.1940 -0.3916 0.8995
vn -0.0467 -0.1119 0.9926
vn 0.0015 -0.1679 0.9858
vn -0.0042 0.4811 0.8766
vn -0.0321 0.5518 0.8334
vn -0.0033 -1.0000 -0.0006
vn -0.0019 -1.0000 0.0000
vn -0.0024 -1.0000 -0.0002
vn -0.0038 -1.0000 -0.0008
vn 0.0007 1.0000 0.0000
vn 0.0000 1.0000 0.0000
vn -0.9993 -0.0382 0.0000
vn 0.0027 -1.0000 -0.0003
vn 0.0023 -1.0000 0.0000
vn 0.0029 -1.0000 -0.0005
vn 0.0033 -1.0000 -0.0007
vn 0.7002 -0.7140 0.0000
vn -0.6071 -0.7946 -0.0004
vn -0.6067 -0.7949 0.0000
vn -0.6070 -0.7947 -0.0003
vn -0.6074 -0.7944 -0.0007
vn -0.0205 0.9997 0.0123
vn -0.0207 0.9997 0.0126
vn -0.0203 0.9997 0.0121
vn 0.9981 0.0623 0.0006
vn 0.9982 0.0606 0.0000
vn 0.9981 0.0609 0.0001
vn 0.9980 0.0630 0.0008
vn -0.8763 0.4817 0.0038
vn -0.8708 0.4917 0.0000
vn -0.8721 0.4893 0.0009
vn -0.8791 0.4767 0.0058
vn -0.0000 0.9652 0.2617
vn 0.2811 0.9490 0.1431
vn 0.0000 0.9998 -0.0181
vn 0.2633 0.7855 0.5601
vn -0.0000 0.7758 0.6310
vn 0.5934 0.7308 0.3375
vn 0.4643 0.4501 0.7628
vn -0.0000 0.4665 0.8845
vn 0.8147 0.3668 0.4491
vn 0.2740 0.9406 -0.2005
vn 0.6386 0.7696 -0.0052
vn 0.5887 0.7300 -0.3470
vn 0.9098 0.3990 0.1141
vn 0.9148 0.3866 -0.1168
vn 0.8046 0.3563 -0.4751
vn -0.0000 0.9468 -0.3217
vn 0.2511 0.7673 -0.5901
vn 0.0000 0.7507 -0.6607
vn 0.4373 0.4222 -0.7940
vn -0.0000 0.4338 -0.9010
vn 0.7147 0.1004 0.6922
vn 0.9062 0.0821 0.4147
vn 0.3604 0.1465 0.9212
vn -0.0000 0.1459 0.9893
vn 0.9196 0.0845 -0.3837
vn 0.7012 0.0889 -0.7074
vn 0.9781 0.1168 -0.1724
vn 0.3971 0.1231 -0.9095
vn -0.0001 0.1316 -0.9913
vn 0.9621 0.0129 -0.2724
vn 0.7068 0.0295 -0.7068
vn 0.3589 -0.0047 0.9333
vn 0.7265 -0.0210 0.6868
vn 0.1800 -0.0048 0.9836
vn 0.4150 0.0142 -0.9097
vn 0.0000 0.0040 -1.0000
vn 0.9978 0.0455 -0.0491
vn 0.9993 0.0374 0.0087
vn 0.9927 -0.0326 0.1162
vn 0.9720 -0.0424 0.2312
vn 0.9582 -0.0574 0.2802
vn 0.8831 -0.0310 0.4682
vn 0.8307 -0.0016 0.5568
vn 0.7129 -0.0013 0.7012
vn 0.7041 0.0029 0.7101
vn 0.6948 0.0024 0.7192
vn 0.6941 0.0010 0.7198
vn 0.9114 0.0133 0.4113
vn 0.9330 0.2227 0.2826
vn 0.9056 0.0159 0.4239
vn 0.9650 0.2301 0.1260
vn 0.9771 0.2082 -0.0428
vn 0.9412 0.0023 0.3378
vn 0.8266 0.0298 0.5620
vn 0.7304 -0.0441 0.6815
vn 0.7721 -0.0455 0.6339
vn 0.6596 -0.0705 0.7483
vn 0.6671 -0.0456 0.7436
vn 0.6228 -0.0652 0.7797
vn 0.6734 -0.0262 0.7389
vn 0.5391 -0.0281 0.8418
vn 0.5259 -0.0296 0.8500
vn 0.5267 -0.0300 0.8495
vn 0.6786 -0.0111 0.7344
vn 0.7193 -0.0185 0.6945
vn 0.5622 -0.0330 0.8263
vn 0.7942 0.0768 0.6028
vn 0.7748 0.1227 0.6202
vn 0.4745 -0.0023 0.8802
vn 0.2619 0.0210 0.9649
vn 0.1926 0.0580 0.9796
vn -0.0000 0.0291 0.9996
vn -0.0000 0.0136 0.9999
vn 0.1412 0.0064 0.9900
vn 0.0000 0.0057 1.0000
vn -0.2619 0.0210 0.9649
vn -0.1926 0.0580 0.9796
vn -0.4745 -0.0023 0.8802
vn -0.1412 0.0064 0.9900
vn -0.5622 -0.0330 0.8263
vn -0.7193 -0.0185 0.6945
vn -0.6786 -0.0111 0.7344
vn -0.7942 0.0768 0.6028
vn -0.7748 0.1227 0.6202
vn 0.7805 -0.1218 0.6132
vn 0.8483 -0.1142 0.5170
vn 0.9104 -0.1257 0.3943
vn 0.9344 -0.0863 0.3457
vn 0.9251 -0.0543 0.3758
vn 0.7547 -0.0980 0.6487
vn 0.7454 -0.1095 0.6576
vn 0.7334 -0.0367 0.6788
vn 0.7334 -0.0254 0.6793
vn 0.6087 -0.0305 0.7928
vn 0.6477 -0.0176 0.7617
vn 0.5769 -0.0332 0.8161
vn -0.0000 -0.8997 -0.4365
vn -0.0025 -0.9879 -0.1554
vn 0.0017 -0.9271 -0.3749
vn -0.0361 -0.9798 -0.1968
vn -0.0607 -0.9923 -0.1077
vn -0.0382 -0.9967 -0.0714
vn -0.0172 -0.9988 -0.0467
vn 0.0000 -0.9989 -0.0466
vn -0.0017 -0.9271 -0.3749
vn 0.0172 -0.9988 -0.0467
vn 0.0321 -0.9779 -0.2068
vn 0.0441 -0.9935 -0.1046
vn 0.0252 -0.9981 -0.0560
vn 0.0083 -0.8121 -0.5834
vn -0.0083 -0.8121 -0.5834
vn 0.0725 -0.7913 -0.6072
vn 0.0259 -0.8022 -0.5965
vn -0.0575 -0.8226 -0.5657
vn 0.0000 -0.8228 -0.5683
vn 0.0576 -0.8226 -0.5657
vn -0.0256 -0.8023 -0.5964
vn -0.0722 -0.7914 -0.6070
vn -0.6141 0.6262 0.4803
vn -0.6709 0.5370 0.5113
vn -0.2934 0.9342 0.2029
vn -0.3022 0.9345 0.1884
vn -0.8225 0.0860 0.5622
vn -0.8216 0.0860 0.5635
vn -0.3053 0.9334 0.1884
vn 0.3430 -0.9380 -0.0504
vn 0.2996 -0.9528 -0.0480
vn 0.1419 -0.9898 0.0156
vn 0.2222 -0.9746 0.0265
vn 0.4578 -0.8694 -0.1862
vn 0.4711 -0.8615 -0.1897
vn 0.1104 -0.9938 0.0131
vn 0.0000 -0.9998 -0.0219
vn 0.0000 -1.0000 0.0000
vn -0.4711 -0.8614 -0.1898
vn -0.4578 -0.8693 -0.1861
vn -0.3001 -0.9528 -0.0459
vn -0.3445 -0.9375 -0.0482
vn -0.1419 -0.9898 0.0157
vn -0.2220 -0.9747 0.0265
vn -0.1104 -0.9938 0.0133
vn -0.0357 -0.9925 -0.1168
vn 0.0379 -0.6126 -0.7895
vn 0.0347 -0.5998 -0.7994
vn 0.0521 -0.9882 -0.1439
vn 0.0635 -0.9880 -0.1410
vn -0.0024 0.5058 -0.8626
vn -0.0054 0.5024 -0.8646
vn -0.0059 0.9630 -0.2696
vn -0.0011 0.9644 -0.2646
vn -0.0249 0.9652 0.2604
vn -0.0356 0.9676 0.2500
vn 0.0038 0.5063 0.8624
vn 0.0257 0.5019 0.8646
vn 0.1228 0.0093 0.9924
vn 0.0182 -0.9915 0.1288
vn 0.0203 -0.9926 0.1199
vn 0.1022 -0.5615 0.8212
vn 0.1137 -0.5980 0.7934
vn 1.0000 0.0000 0.0000
vn -0.0000 0.0000 1.0000
vn -0.1801 -0.0048 0.9836
vn -0.3605 0.1464 0.9212
vn -0.4643 0.4501 0.7628
vn -0.7147 0.1004 0.6922
vn -0.8147 0.3668 0.4491
vn -0.5934 0.7308 0.3375
vn -0.2633 0.7855 0.5601
vn -0.2811 0.9490 0.1431
vn -0.2740 0.9406 -0.2005
vn -0.6386 0.7696 -0.0052
vn -0.5887 0.7300 -0.3470
vn -0.9083 0.4023 0.1152
vn -0.9125 0.3923 -0.1158
vn -0.8015 0.3609 -0.4768
vn -0.2511 0.7673 -0.5901
vn -0.4373 0.4222 -0.7940
vn -0.9187 0.0881 -0.3849
vn -0.6967 0.0893 -0.7118
vn -0.9791 0.1229 -0.1621
vn -0.9623 0.2392 0.1295
vn -0.9047 0.0833 0.4179
vn -0.3970 0.1231 -0.9095
vn -0.9606 0.0085 -0.2779
vn -0.7053 0.0295 -0.7083
vn -0.4150 0.0143 -0.9097
vn -0.7264 -0.0210 0.6870
vn -0.3589 -0.0050 0.9334
vn -0.9081 0.0139 0.4185
vn -0.9291 0.2278 0.2913
vn -0.9021 0.0165 0.4312
vn -0.9374 0.0028 0.3482
vn -0.8250 0.0291 0.5643
vn -0.7305 -0.0442 0.6814
vn -0.7721 -0.0455 0.6339
vn -0.6596 -0.0705 0.7483
vn -0.6671 -0.0456 0.7436
vn -0.6228 -0.0652 0.7797
vn -0.6734 -0.0262 0.7389
vn -0.5392 -0.0282 0.8417
vn -0.5269 -0.0301 0.8494
vn -0.5280 -0.0306 0.8487
vn -0.7803 -0.1209 0.6136
vn -0.9073 -0.1230 0.4021
vn -0.8465 -0.1126 0.5203
vn -0.9307 -0.0843 0.3559
vn -0.9214 -0.0531 0.3850
vn -0.7543 -0.0976 0.6493
vn -0.7449 -0.1089 0.6582
vn -0.7331 -0.0367 0.6791
vn -0.7333 -0.0255 0.6794
vn -0.6071 -0.0308 0.7940
vn -0.6475 -0.0176 0.7619
vn -0.5748 -0.0337 0.8176
vn 0.6141 0.6262 0.4803
vn 0.2933 0.9342 0.2030
vn 0.6709 0.5370 0.5113
vn 0.3022 0.9345 0.1884
vn 0.8225 0.0860 0.5622
vn 0.8216 0.0860 0.5635
vn 0.3053 0.9334 0.1885
vn 0.0358 -0.9925 -0.1168
vn -0.6953 0.0019 0.7188
vn -0.7133 -0.0020 0.7009
vn -0.7045 0.0023 0.7097
vn -0.6947 0.0007 0.7193
vn -0.8307 -0.0024 0.5567
vn -0.8815 -0.0344 0.4710
vn -0.9714 -0.0473 0.2329
vn -0.9568 -0.0642 0.2837
vn -0.9925 -0.0399 0.1159
vn -0.9995 0.0307 0.0085
vn -0.9981 0.0393 -0.0468
vn -0.9751 0.2169 -0.0451
vn -0.0381 -0.6129 -0.7893
vn -0.0635 -0.9880 -0.1408
vn -0.0521 -0.9882 -0.1439
vn -0.0349 -0.5997 -0.7994
vn 0.0024 0.5059 -0.8626
vn 0.0054 0.5026 -0.8645
vn 0.0059 0.9630 -0.2696
vn 0.0011 0.9644 -0.2646
vn 0.0250 0.9652 0.2604
vn 0.0357 0.9676 0.2500
vn -0.0038 0.5060 0.8625
vn -0.0257 0.5019 0.8646
vn -0.1229 0.0093 0.9924
vn -0.0182 -0.9915 0.1287
vn -0.0203 -0.9926 0.1198
vn -0.1025 -0.5616 0.8211
vn -0.1140 -0.5980 0.7933
vn -1.0000 -0.0000 0.0000
vn 0.0127 -0.7072 -0.7069
vn 0.0007 -0.7040 0.7102
vn 0.0097 0.6110 -0.7915
vn 0.0126 -0.7072 -0.7069
vn 0.0143 0.0113 -0.9998
vn 0.0215 0.0154 -0.9997
vn 0.0096 0.6111 -0.7915
vn 0.0054 0.9643 -0.2649
vn 0.0006 0.9999 -0.0150
vn 0.0022 0.9999 -0.0098
vn 0.0033 0.9696 0.2447
vn 0.0164 0.6218 0.7830
vn 0.0098 0.0088 0.9999
vn 0.0006 -0.7040 0.7102
vn -0.0080 -0.0015 1.0000
vn -0.0006 -0.7042 0.7100
vn -0.0126 -0.7073 -0.7068
vn -0.0096 0.6108 -0.7917
vn -0.0143 0.0113 -0.9998
vn -0.0127 -0.7073 -0.7068
vn -0.0214 0.0154 -0.9997
vn -0.0096 0.6107 -0.7918
vn -0.0022 0.9999 -0.0098
vn -0.0006 0.9999 -0.0152
vn -0.0054 0.9643 -0.2648
vn -0.0033 0.9696 0.2447
vn -0.0164 0.6218 0.7830
vn -0.0099 0.0088 0.9999
vn -0.0007 -0.7042 0.7100
vn 0.0081 -0.0015 1.0000
vn -1.0000 0.0007 0.0003
vn -1.0000 0.0004 0.0006
vn -1.0000 0.0010 0.0005
vn -1.0000 0.0015 -0.0004
usemtl 02_-_Default
s 1
f 2729/2729/2719 2731/2730/2719 2730/2731/2720
f 2730/2731/2720 2732/2732/2721 2729/2729/2719
f 2732/2732/2721 2730/2731/2720 2733/2733/2722
f 2733/2733/2722 2734/2734/2723 2732/2732/2721
f 2735/2735/2724 2734/2734/2723 2733/2733/2722
f 2733/2733/2722 2736/2736/2725 2735/2735/2724
f 2735/2735/2724 2736/2736/2725 2737/2737/2726
f 2737/2737/2726 2738/2738/2726 2735/2735/2724
f 2739/2739/2727 2741/2740/2728 2740/2741/2729
f 2739/2739/2727 2740/2741/2729 2742/2742/2730
f 2742/2742/2730 2743/2743/2731 2739/2739/2727
f 2739/2739/2727 2743/2743/2731 2744/2744/2732
f 2739/2739/2727 2744/2744/2732 2745/2745/2733
f 2741/2740/2728 2739/2739/2727 2746/2746/2734
f 2746/2746/2734 2747/2747/2735 2741/2740/2728
f 2748/2748/2736 2746/2746/2734 2739/2739/2727
f 2739/2739/2727 2749/2749/2737 2748/2748/2736
f 2743/2743/2731 2742/2742/2730 2750/2750/2738
f 2750/2750/2738 2751/2751/2739 2743/2743/2731
f 2752/2752/2740 2754/2753/2741 2753/2754/2742
f 2755/2755/2743 2752/2752/2740 2753/2754/2742
f 2753/2754/2742 2756/2756/2744 2755/2755/2743
f 2756/2756/2744 2753/2754/2742 2757/2757/2745
f 2753/2754/2742 2758/2758/2746 2757/2757/2745
f 2753/2754/2742 2754/2753/2741 2759/2759/2747
f 2759/2759/2747 2760/2760/2748 2753/2754/2742
f 2755/2755/2743 2756/2756/2744 2761/2761/2749
f 2761/2761/2749 2762/2762/2750 2755/2755/2743
f 2763/2763/2751 2765/2764/2752 2764/2765/2753
f 2764/2765/2753 2766/2766/2754 2763/2763/2751
f 2767/2767/2755 2769/2768/2755 2768/2769/2755
f 2768/2769/2755 2770/2770/2755 2767/2767/2755
f 2771/2771/2756 2773/2772/2756 2772/2773/2756
f 2772/2773/2756 2774/2774/2756 2771/2771/2756
f 2775/2775/2757 2777/2776/2757 2776/2777/2757
f 2776/2777/2757 2778/2778/2757 2775/2775/2757
f 2779/2779/2758 2781/2780/2759 2780/2781/2760
f 2780/2781/2760 2782/2782/2761 2779/2779/2758
f 2783/2783/2762 2785/2784/2762 2784/2785/2762
f 2784/2785/2762 2786/2786/2762 2783/2783/2762
f 2787/2787/2763 2789/2788/2764 2788/2789/2765
f 2788/2789/2765 2790/2790/2766 2787/2787/2763
f 2791/2791/2767 2793/2792/2768 2792/2793/2767
f 2792/2793/2767 2794/2794/2769 2791/2791/2767
f 2795/2795/2770 2797/2796/2771 2796/2797/2772
f 2796/2797/2772 2798/2798/2773 2795/2795/2770
f 2799/2799/2774 2801/2800/2775 2800/2801/2776
f 2800/2801/2776 2802/2802/2777 2799/2799/2774
f 2803/2803/2778 2805/2804/2779 2804/2805/2780
f 2806/2806/2781 2805/2804/2779 2803/2803/2778
f 2807/2807/2782 2806/2806/2781 2803/2803/2778
f 2806/2806/2781 2808/2808/2783 2805/2804/2779
f 2809/2809/2784 2808/2808/2783 2806/2806/2781
f 2809/2809/2784 2806/2806/2781 2807/2807/2782
f 2810/2810/2785 2809/2809/2784 2807/2807/2782
f 2809/2809/2784 2811/2811/2786 2808/2808/2783
f 2805/2804/2779 2812/2812/2787 2804/2805/2780
f 2808/2808/2783 2813/2813/2788 2805/2804/2779
f 2813/2813/2788 2812/2812/2787 2805/2804/2779
f 2813/2813/2788 2814/2814/2789 2812/2812/2787
f 2811/2811/2786 2815/2815/2790 2808/2808/2783
f 2815/2815/2790 2813/2813/2788 2808/2808/2783
f 2815/2815/2790 2816/2816/2791 2813/2813/2788
f 2816/2816/2791 2814/2814/2789 2813/2813/2788
f 2816/2816/2791 2817/2817/2792 2814/2814/2789
f 2812/2812/2787 2818/2818/2793 2804/2805/2780
f 2814/2814/2789 2819/2819/2794 2812/2812/2787
f 2819/2819/2794 2818/2818/2793 2812/2812/2787
f 2819/2819/2794 2820/2820/2795 2818/2818/2793
f 2817/2817/2792 2821/2821/2796 2814/2814/2789
f 2821/2821/2796 2819/2819/2794 2814/2814/2789
f 2821/2821/2796 2822/2822/2797 2819/2819/2794
f 2822/2822/2797 2820/2820/2795 2819/2819/2794
f 2811/2811/2786 2809/2809/2784 2823/2823/2798
f 2823/2823/2798 2824/2824/2799 2811/2811/2786
f 2815/2815/2790 2811/2811/2786 2824/2824/2799
f 2809/2809/2784 2825/2825/2800 2823/2823/2798
f 2809/2809/2784 2810/2810/2785 2825/2825/2800
f 2810/2810/2785 2826/2826/2801 2825/2825/2800
f 2817/2817/2792 2816/2816/2791 2827/2827/2802
f 2827/2827/2802 2828/2828/2803 2817/2817/2792
f 2821/2821/2796 2817/2817/2792 2828/2828/2803
f 2816/2816/2791 2829/2829/2804 2827/2827/2802
f 2822/2822/2797 2821/2821/2796 2830/2830/2805
f 2821/2821/2796 2828/2828/2803 2830/2830/2805
f 2822/2822/2797 2830/2830/2805 2831/2831/2806
f 2828/2828/2803 2827/2827/2802 2832/2832/2807
f 2832/2832/2807 2833/2833/2808 2828/2828/2803
f 2830/2830/2805 2828/2828/2803 2833/2833/2808
f 2823/2823/2798 2825/2825/2800 2834/2834/2809
f 2834/2834/2809 2835/2835/2810 2823/2823/2798
f 2824/2824/2799 2823/2823/2798 2835/2835/2810
f 2825/2825/2800 2836/2836/2811 2834/2834/2809
f 2825/2825/2800 2826/2826/2801 2836/2836/2811
f 2831/2831/2806 2830/2830/2805 2837/2837/2812
f 2833/2833/2808 2837/2837/2812 2830/2830/2805
f 2837/2837/2812 2838/2838/2813 2831/2831/2806
f 2832/2832/2807 2827/2827/2802 2839/2839/2814
f 2827/2827/2802 2829/2829/2804 2839/2839/2814
f 2839/2839/2814 2840/2840/2815 2832/2832/2807
f 2832/2832/2807 2840/2840/2815 2841/2841/2816
f 2841/2841/2816 2842/2842/2817 2832/2832/2807
f 2843/2843/2818 2842/2842/2817 2841/2841/2816
f 2844/2844/2819 2842/2842/2817 2843/2843/2818
f 2844/2844/2819 2845/2845/2820 2842/2842/2817
f 2845/2845/2820 2844/2844/2819 2846/2846/2821
f 2846/2846/2821 2847/2847/2822 2845/2845/2820
f 2848/2848/2823 2847/2847/2822 2846/2846/2821
f 2849/2849/2824 2847/2847/2822 2848/2848/2823
f 2835/2835/2810 2850/2850/2825 2824/2824/2799
f 2850/2850/2825 2851/2851/2826 2824/2824/2799
f 2852/2852/2827 2851/2851/2826 2850/2850/2825
f 2824/2824/2799 2851/2851/2826 2853/2853/2828
f 2815/2815/2790 2824/2824/2799 2853/2853/2828
f 2816/2816/2791 2815/2815/2790 2853/2853/2828
f 2816/2816/2791 2853/2853/2828 2854/2854/2829
f 2816/2816/2791 2854/2854/2829 2829/2829/2804
f 2855/2855/2830 2851/2851/2826 2852/2852/2827
f 2855/2855/2830 2852/2852/2827 2856/2856/2831
f 2857/2857/2832 2856/2856/2831 2852/2852/2827
f 2852/2852/2827 2858/2858/2833 2857/2857/2832
f 2857/2857/2832 2858/2858/2833 2859/2859/2834
f 2859/2859/2834 2860/2860/2835 2857/2857/2832
f 2860/2860/2835 2859/2859/2834 2861/2861/2836
f 2861/2861/2836 2862/2862/2837 2860/2860/2835
f 2861/2861/2836 2863/2863/2838 2862/2862/2837
f 2864/2864/2839 2863/2863/2838 2861/2861/2836
f 2864/2864/2839 2865/2865/2840 2863/2863/2838
f 2866/2866/2841 2868/2867/2842 2867/2868/2843
f 2869/2869/2844 2868/2867/2842 2866/2866/2841
f 2866/2866/2841 2870/2870/2845 2869/2869/2844
f 2868/2867/2842 2871/2871/2846 2867/2868/2843
f 2871/2871/2846 2872/2872/2847 2867/2868/2843
f 2872/2872/2847 2871/2871/2846 2873/2873/2848
f 2872/2872/2847 2873/2873/2848 2874/2874/2849
f 2872/2872/2847 2874/2874/2849 2875/2875/2850
f 2876/2876/2851 2872/2872/2847 2875/2875/2850
f 2875/2875/2850 2877/2877/2852 2876/2876/2851
f 2878/2878/2853 2875/2875/2850 2874/2874/2849
f 2878/2878/2853 2874/2874/2849 2879/2879/2854
f 2878/2878/2853 2879/2879/2854 2880/2880/2855
f 2881/2881/2856 2877/2877/2852 2875/2875/2850
f 2875/2875/2850 2878/2878/2853 2881/2881/2856
f 2880/2880/2855 2882/2882/2857 2878/2878/2853
f 2883/2883/2858 2882/2882/2857 2880/2880/2855
f 2884/2884/2859 2882/2882/2857 2883/2883/2858
f 2884/2884/2859 2883/2883/2858 2885/2885/2860
f 2885/2885/2860 2886/2886/2861 2884/2884/2859
f 2887/2887/2862 2889/2888/2863 2888/2889/2864
f 2889/2888/2863 2890/2890/2865 2888/2889/2864
f 2889/2888/2863 2891/2891/2866 2890/2890/2865
f 2892/2892/2867 2889/2888/2863 2887/2887/2862
f 2892/2892/2867 2887/2887/2862 2893/2893/2868
f 2892/2892/2867 2893/2893/2868 2894/2894/2869
f 2894/2894/2869 2895/2895/2870 2892/2892/2867
f 2896/2896/2871 2895/2895/2870 2894/2894/2869
f 2896/2896/2871 2894/2894/2869 2897/2897/2872
f 2897/2897/2872 2898/2898/2873 2896/2896/2871
f 2899/2899/2874 2901/2900/2875 2900/2901/2876
f 2900/2901/2876 2901/2900/2875 2902/2902/2877
f 2902/2902/2877 2901/2900/2875 2903/2903/2878
f 2904/2904/2879 2903/2903/2878 2901/2900/2875
f 2905/2905/2880 2904/2904/2879 2901/2900/2875
f 2905/2905/2880 2901/2900/2875 2906/2906/2881
f 2907/2907/2882 2901/2900/2875 2899/2899/2874
f 2908/2908/2883 2906/2906/2881 2901/2900/2875
f 2907/2907/2882 2909/2909/2884 2901/2900/2875
f 2909/2909/2884 2910/2910/2885 2901/2900/2875
f 2908/2908/2883 2901/2900/2875 2911/2911/2886
f 2911/2911/2886 2901/2900/2875 2910/2910/2885
f 2900/2901/2876 2912/2912/2887 2899/2899/2874
f 2899/2899/2874 2913/2913/2888 2907/2907/2882
f 2899/2899/2874 2912/2912/2887 2914/2914/2889
f 2914/2914/2889 2915/2915/2890 2899/2899/2874
f 2899/2899/2874 2915/2915/2890 2916/2916/2891
f 2899/2899/2874 2916/2916/2891 2917/2917/2892
f 2899/2899/2874 2917/2917/2892 2918/2918/2893
f 2899/2899/2874 2918/2918/2893 2919/2919/2894
f 2899/2899/2874 2919/2919/2894 2920/2920/2895
f 2920/2920/2895 2913/2913/2888 2899/2899/2874
f 2921/2921/2896 2923/2922/2897 2922/2923/2898
f 2924/2924/2899 2921/2921/2896 2922/2923/2898
f 2925/2925/2900 2923/2922/2897 2921/2921/2896
f 2921/2921/2896 2926/2926/2901 2925/2925/2900
f 2922/2923/2898 2927/2927/2902 2924/2924/2899
f 2928/2928/2903 2930/2929/2904 2929/2930/2905
f 2929/2930/2905 2931/2931/2906 2928/2928/2903
f 2930/2929/2904 2928/2928/2903 2932/2932/2907
f 2932/2932/2907 2933/2933/2908 2930/2929/2904
f 2931/2931/2906 2929/2930/2905 2934/2934/2909
f 2933/2933/2908 2932/2932/2907 2935/2935/2910
f 2935/2935/2910 2936/2936/2911 2933/2933/2908
f 2937/2937/2912 2936/2936/2911 2935/2935/2910
f 2935/2935/2910 2938/2938/2913 2937/2937/2912
f 2939/2939/2914 2937/2937/2912 2938/2938/2913
f 2938/2938/2913 2940/2940/2915 2939/2939/2914
f 2941/2941/2916 2939/2939/2914 2940/2940/2915
f 2940/2940/2915 2942/2942/2917 2941/2941/2916
f 2942/2942/2917 2943/2943/2918 2941/2941/2916
f 2944/2944/2919 2946/2945/2919 2945/2946/2919
f 2947/2947/2920 2949/2948/2921 2948/2949/2922
f 2948/2949/2922 2950/2950/2923 2947/2947/2920
f 2951/2951/2924 2949/2948/2921 2947/2947/2920
f 2947/2947/2920 2952/2952/2925 2951/2951/2924
f 2951/2951/2924 2952/2952/2925 2953/2953/2926
f 2953/2953/2926 2954/2954/2927 2951/2951/2924
f 2955/2955/2928 2954/2954/2927 2953/2953/2926
f 2953/2953/2926 2956/2956/2929 2955/2955/2928
f 2955/2955/2928 2956/2956/2929 2957/2957/2930
f 2957/2957/2930 2958/2958/2931 2955/2955/2928
f 2958/2958/2931 2957/2957/2930 2959/2959/2932
f 2960/2960/2933 2950/2950/2923 2948/2949/2922
f 2948/2949/2922 2961/2961/2934 2960/2960/2933
f 2962/2962/2935 2960/2960/2933 2961/2961/2934
f 2961/2961/2934 2963/2963/2936 2962/2962/2935
f 2959/2959/2932 2963/2963/2936 2958/2958/2931
f 2959/2959/2932 2962/2962/2935 2963/2963/2936
f 2964/2964/2937 2966/2965/2937 2965/2966/2937
f 2965/2966/2937 2967/2967/2937 2964/2964/2937
f 2966/2965/2937 2968/2968/2937 2965/2966/2937
f 2969/2969/2937 2965/2966/2937 2968/2968/2937
f 2968/2968/2937 2970/2970/2937 2969/2969/2937
f 2970/2970/2937 2971/2971/2937 2969/2969/2937
f 2826/2826/2801 2972/2972/2938 2836/2836/2811
f 2826/2826/2801 2973/2973/2939 2972/2972/2938
f 2974/2974/2940 2973/2973/2939 2826/2826/2801
f 2810/2810/2785 2974/2974/2940 2826/2826/2801
f 2975/2975/2941 2974/2974/2940 2810/2810/2785
f 2810/2810/2785 2807/2807/2782 2975/2975/2941
f 2975/2975/2941 2976/2976/2942 2974/2974/2940
f 2977/2977/2943 2976/2976/2942 2975/2975/2941
f 2975/2975/2941 2978/2978/2944 2977/2977/2943
f 2975/2975/2941 2979/2979/2945 2978/2978/2944
f 2807/2807/2782 2979/2979/2945 2975/2975/2941
f 2807/2807/2782 2803/2803/2778 2979/2979/2945
f 2979/2979/2945 2803/2803/2778 2980/2980/2946
f 2979/2979/2945 2980/2980/2946 2978/2978/2944
f 2803/2803/2778 2804/2805/2780 2980/2980/2946
f 2980/2980/2946 2804/2805/2780 2981/2981/2947
f 2978/2978/2944 2980/2980/2946 2982/2982/2948
f 2982/2982/2948 2980/2980/2946 2981/2981/2947
f 2982/2982/2948 2981/2981/2947 2983/2983/2949
f 2977/2977/2943 2978/2978/2944 2984/2984/2950
f 2984/2984/2950 2978/2978/2944 2982/2982/2948
f 2984/2984/2950 2982/2982/2948 2985/2985/2951
f 2985/2985/2951 2982/2982/2948 2983/2983/2949
f 2985/2985/2951 2983/2983/2949 2986/2986/2952
f 2981/2981/2947 2804/2805/2780 2818/2818/2793
f 2983/2983/2949 2981/2981/2947 2987/2987/2953
f 2987/2987/2953 2981/2981/2947 2818/2818/2793
f 2987/2987/2953 2818/2818/2793 2820/2820/2795
f 2986/2986/2952 2983/2983/2949 2988/2988/2954
f 2988/2988/2954 2983/2983/2949 2987/2987/2953
f 2988/2988/2954 2987/2987/2953 2822/2822/2797
f 2822/2822/2797 2987/2987/2953 2820/2820/2795
f 2986/2986/2952 2989/2989/2955 2985/2985/2951
f 2989/2989/2955 2986/2986/2952 2990/2990/2956
f 2988/2988/2954 2990/2990/2956 2986/2986/2952
f 2985/2985/2951 2989/2989/2955 2991/2991/2957
f 2985/2985/2951 2992/2992/2958 2984/2984/2950
f 2984/2984/2950 2992/2992/2958 2993/2993/2959
f 2984/2984/2950 2993/2993/2959 2977/2977/2943
f 2976/2976/2942 2977/2977/2943 2993/2993/2959
f 2822/2822/2797 2994/2994/2960 2988/2988/2954
f 2988/2988/2954 2994/2994/2960 2990/2990/2956
f 2822/2822/2797 2831/2831/2806 2994/2994/2960
f 2995/2995/2961 2989/2989/2955 2990/2990/2956
f 2990/2990/2956 2996/2996/2962 2995/2995/2961
f 2996/2996/2962 2990/2990/2956 2994/2994/2960
f 2997/2997/2963 2994/2994/2960 2831/2831/2806
f 2994/2994/2960 2997/2997/2963 2996/2996/2962
f 2831/2831/2806 2838/2838/2813 2997/2997/2963
f 2998/2998/2964 2976/2976/2942 2993/2993/2959
f 2976/2976/2942 2998/2998/2964 2999/2999/2965
f 2999/2999/2965 2974/2974/2940 2976/2976/2942
f 2974/2974/2940 2999/2999/2965 2973/2973/2939
f 2993/2993/2959 3000/3000/2966 2998/2998/2964
f 3000/3000/2966 2993/2993/2959 3001/3001/2967
f 2992/2992/2958 3001/3001/2967 2993/2993/2959
f 3002/3002/2968 3000/3000/2966 3001/3001/2967
f 3003/3003/2969 3002/3002/2968 3001/3001/2967
f 3003/3003/2969 3004/3004/2970 3002/3002/2968
f 3002/3002/2968 3004/3004/2970 3005/3005/2971
f 3005/3005/2971 3006/3006/2972 3002/3002/2968
f 3007/3007/2973 3006/3006/2972 3005/3005/2971
f 3005/3005/2971 3008/3008/2974 3007/3007/2973
f 3008/3008/2974 3009/3009/2975 3007/3007/2973
f 3009/3009/2975 3008/3008/2974 3010/3010/2976
f 3009/3009/2975 3010/3010/2976 3011/3011/2977
f 3012/3012/2978 3009/3009/2975 3011/3011/2977
f 3012/3012/2978 3011/3011/2977 3013/3013/2979
f 3014/3014/2980 3016/3015/2981 3015/3016/2982
f 3015/3016/2982 3016/3015/2981 3017/3017/2983
f 3015/3016/2982 3017/3017/2983 3018/3018/2984
f 3019/3019/2985 3014/3014/2980 3015/3016/2982
f 3019/3019/2985 3020/3020/2986 3014/3014/2980
f 3021/3021/2987 3020/3020/2986 3019/3019/2985
f 3019/3019/2985 3022/3022/2988 3021/3021/2987
f 3021/3021/2987 3022/3022/2988 3023/3023/2989
f 3024/3024/2990 3021/3021/2987 3023/3023/2989
f 3023/3023/2989 3025/3025/2991 3024/3024/2990
f 3026/3026/2992 3028/3027/2993 3027/3028/2994
f 3029/3029/2995 3028/3027/2993 3026/3026/2992
f 3026/3026/2992 3027/3028/2994 3030/3030/2996
f 3030/3030/2996 3031/3031/2997 3026/3026/2992
f 3028/3027/2993 3029/3029/2995 3032/3032/2998
f 3033/3033/2999 3035/3034/2999 3034/3035/2999
f 3036/3036/3000 3038/3037/3001 3037/3038/3002
f 3039/3039/3003 3036/3036/3000 3037/3038/3002
f 3040/3040/3004 3037/3038/3002 3038/3037/3001
f 3038/3037/3001 3041/3041/3005 3040/3040/3004
f 3041/3041/3005 3042/3042/3006 3040/3040/3004
f 3041/3041/3005 3043/3043/3007 3042/3042/3006
f 3043/3043/3007 3044/3044/3008 3042/3042/3006
f 2995/2995/2961 3042/3042/3006 3044/3044/3008
f 3044/3044/3008 3045/3045/3009 2995/2995/2961
f 2995/2995/2961 3045/3045/3009 3046/3046/3010
f 3046/3046/3010 2989/2989/2955 2995/2995/2961
f 2989/2989/2955 3046/3046/3010 2991/2991/2957
f 2985/2985/2951 2991/2991/2957 3047/3047/3011
f 2985/2985/2951 3047/3047/3011 2992/2992/2958
f 3048/3048/3012 3050/3049/3013 3049/3050/3014
f 3049/3050/3014 3051/3051/3015 3048/3048/3012
f 3048/3048/3012 3051/3051/3015 3052/3052/3016
f 3052/3052/3016 3053/3053/3017 3048/3048/3012
f 3054/3054/3018 3053/3053/3017 3052/3052/3016
f 3052/3052/3016 3055/3055/3019 3054/3054/3018
f 3054/3054/3018 3055/3055/3019 3056/3056/3020
f 3056/3056/3020 3057/3057/3021 3054/3054/3018
f 3058/3058/3022 3057/3057/3021 3056/3056/3020
f 3056/3056/3020 3059/3059/3023 3058/3058/3022
f 3059/3059/3023 3060/3060/3024 3058/3058/3022
f 3049/3050/3014 3050/3049/3013 3061/3061/3025
f 3061/3061/3025 3062/3062/3026 3049/3050/3014
f 3062/3062/3026 3061/3061/3025 3063/3063/3027
f 3063/3063/3027 3064/3064/3028 3062/3062/3026
f 3060/3060/3024 3059/3059/3023 3064/3064/3028
f 3060/3060/3024 3064/3064/3028 3063/3063/3027
f 3065/3065/3029 3067/3066/3029 3066/3067/3029
f 3066/3067/3029 3068/3068/3029 3065/3065/3029
f 3068/3068/3029 3066/3067/3029 3069/3069/3029
f 3069/3069/3029 3066/3067/3029 3070/3070/3029
f 3070/3070/3029 3071/3071/3029 3069/3069/3029
f 3071/3071/3029 3070/3070/3029 3072/3072/3029
f 3073/3073/2911 3075/3074/2911 3074/3075/3030
f 3074/3075/3030 3076/3076/3031 3073/3073/2911
f 3077/3077/3032 3074/3075/3033 3078/3078/3034
f 3074/3075/3033 3079/3079/3035 3078/3078/3034
f 3077/3077/3036 3081/3080/3037 3080/3081/3038
f 3080/3081/3038 3082/3082/3039 3077/3077/3036
f 3082/3082/3039 3080/3081/3038 3083/3083/3040
f 3083/3083/3040 3084/3084/3041 3082/3082/3039
f 3085/3085/3042 3076/3076/3043 3084/3084/3041
f 3085/3085/3042 3086/3086/3044 3076/3076/3043
f 3087/3087/2937 3089/3088/2937 3088/3089/2937
f 3089/3088/2937 3090/3090/2937 3088/3089/2937
f 3090/3090/2937 3091/3091/2937 3088/3089/2937
f 3092/3092/2911 3094/3093/3045 3093/3094/3046
f 3093/3094/3046 3095/3095/2911 3092/3092/2911
f 3096/3096/3047 3097/3097/3048 3093/3094/3049
f 3093/3094/3049 3097/3097/3048 3098/3098/3050
f 3096/3096/3051 3100/3099/3052 3099/3100/3053
f 3099/3100/3053 3101/3101/3054 3096/3096/3051
f 3102/3102/3055 3099/3100/3053 3100/3099/3052
f 3100/3099/3052 3103/3103/3056 3102/3102/3055
f 3104/3104/3057 3103/3103/3056 3094/3093/3058
f 3104/3104/3057 3094/3093/3058 3105/3105/3059
f 3106/3106/3029 3108/3107/3060 3107/3108/3061
f 3107/3108/3061 3108/3107/3060 3109/3109/3062
f 3109/3109/3062 3108/3107/3060 3110/3110/3063
v 0.033651 0.259179 -0.000390
v 0.033876 0.249959 -0.015858
v 0.038480 0.246835 -0.000603
v 0.029163 0.259865 -0.012504
v 0.032190 0.255989 0.012773
v 0.036709 0.237099 -0.017435
v 0.035125 0.242540 0.013040
v 0.025541 0.236735 0.020052
v 0.024929 0.252167 0.019918
v 0.012918 0.247921 0.024929
v 0.012645 0.234546 0.023321
v -0.000002 0.245889 0.026354
v -0.000002 0.233472 0.024086
v 0.023127 0.248497 -0.025461
v 0.021241 0.259446 -0.019601
v 0.023461 0.231646 -0.031120
v 0.010067 0.257851 -0.021609
v 0.011905 0.248194 -0.029634
v 0.011499 0.229014 -0.033183
v -0.000002 0.228904 -0.032564
v 0.009079 0.216906 -0.026170
v -0.000002 0.215984 -0.023647
v 0.024358 0.220042 -0.030234
v 0.039547 0.226581 -0.019722
v 0.041834 0.229329 0.000799
v 0.041762 0.214146 0.000708
v 0.036757 0.227449 0.014022
v 0.036411 0.213006 0.015260
v 0.040809 0.194808 0.001842
v 0.035113 0.192952 0.015872
v 0.037728 0.212290 -0.020274
v 0.037879 0.194062 -0.019753
v 0.034931 0.168804 -0.017866
v 0.036539 0.170278 0.001241
v 0.025438 0.206224 -0.026959
v 0.026281 0.210416 0.019421
v 0.025414 0.190986 0.020058
v 0.024850 0.212945 -0.027735
v 0.010092 0.204052 -0.023871
v 0.025420 0.192115 -0.023708
v 0.011729 0.189579 -0.022331
v 0.001065 0.200935 -0.002829
v 0.003783 0.188700 -0.003636
v 0.006234 0.167991 -0.004630
v 0.012397 0.168239 -0.019710
v 0.024674 0.168767 -0.020474
v 0.034761 0.153232 -0.016574
v 0.024504 0.153639 -0.018376
v 0.007914 0.151376 -0.005807
v 0.013604 0.153220 -0.017636
v 0.024055 0.144740 -0.020347
v 0.013064 0.144279 -0.020050
v 0.009254 0.142744 -0.010848
v 0.006786 0.141483 -0.003314
v 0.035532 0.144625 -0.019443
v 0.023606 0.140985 -0.017617
v 0.013616 0.141064 -0.016131
v 0.009867 0.138098 -0.000821
v 0.033603 0.140900 -0.015986
v 0.037261 0.145420 -0.009362
v 0.034798 0.154021 0.000119
v 0.036442 0.145189 0.004493
v 0.030121 0.155689 0.013325
v 0.030291 0.148744 0.015460
v 0.032541 0.171109 0.014853
v 0.023261 0.171018 0.017261
v 0.011954 0.188675 0.019021
v 0.013306 0.170168 0.015138
v 0.021702 0.156308 0.014447
v 0.013786 0.155010 0.013076
v 0.007987 0.168767 0.002970
v 0.006221 0.188045 0.007786
v 0.004390 0.203579 0.010777
v 0.011863 0.206703 0.019536
v 0.001065 0.200935 -0.002829
v 0.003783 0.188700 -0.003636
v 0.006234 0.167991 -0.004630
v 0.007914 0.151376 -0.005807
v 0.008890 0.151461 0.001897
v 0.025657 0.222845 0.020076
v 0.012293 0.217925 0.019688
v 0.019184 0.228886 0.021750
v 0.012415 0.224949 0.021247
v 0.008551 0.219223 0.019354
v 0.006786 0.141483 -0.003314
v 0.007277 0.140725 0.000538
v 0.010540 0.145165 0.007926
v 0.009867 0.138098 -0.000821
v 0.012991 0.139924 0.010716
v 0.013143 0.148004 0.014362
v 0.021726 0.140324 0.012827
v 0.021890 0.149920 0.016467
v 0.030461 0.140725 0.011832
v 0.034877 0.140961 -0.000948
v 0.003358 0.218556 0.019475
v -0.000008 0.218295 0.019706
v -0.000014 0.223154 0.022332
v -0.003387 0.218562 0.019488
v -0.008670 0.219254 0.019403
v -0.012419 0.224949 0.021247
v -0.012649 0.234546 0.023321
v -0.012922 0.247921 0.024929
v -0.025539 0.236735 0.020052
v -0.024927 0.252167 0.019918
v -0.032194 0.255989 0.012773
v -0.035124 0.242540 0.013040
v -0.038478 0.246835 -0.000603
v -0.033650 0.259179 -0.000390
v -0.033874 0.249959 -0.015858
v -0.029161 0.259865 -0.012504
v -0.036707 0.237099 -0.017435
v -0.023125 0.248497 -0.025461
v -0.021239 0.259446 -0.019601
v -0.023459 0.231646 -0.031120
v -0.010071 0.257851 -0.021609
v -0.011909 0.248194 -0.029634
v -0.011503 0.229014 -0.033183
v -0.009077 0.216906 -0.026170
v -0.039546 0.226581 -0.019722
v -0.041839 0.229329 0.000799
v -0.041760 0.214146 0.000708
v -0.036755 0.227449 0.014022
v -0.036410 0.213006 0.015260
v -0.024357 0.220042 -0.030234
v -0.040807 0.194808 0.001842
v -0.035111 0.192952 0.015872
v -0.037732 0.212290 -0.020274
v -0.037877 0.194062 -0.019753
v -0.034929 0.168804 -0.017866
v -0.036543 0.170278 0.001241
v -0.025436 0.206224 -0.026959
v -0.026280 0.210416 0.019421
v -0.025412 0.190986 0.020058
v -0.024848 0.212945 -0.027735
v -0.010096 0.204052 -0.023871
v -0.025424 0.192115 -0.023708
v -0.011734 0.189579 -0.022331
v -0.001070 0.200935 -0.002829
v -0.003781 0.188700 -0.003636
v -0.006232 0.167991 -0.004630
v -0.012395 0.168239 -0.019710
v -0.024672 0.168767 -0.020474
v -0.034766 0.153232 -0.016574
v -0.024502 0.153639 -0.018376
v -0.007918 0.151376 -0.005807
v -0.013602 0.153220 -0.017636
v -0.024053 0.144740 -0.020347
v -0.013062 0.144279 -0.020050
v -0.009253 0.142744 -0.010848
v -0.006790 0.141483 -0.003314
v -0.035530 0.144625 -0.019443
v -0.023611 0.140985 -0.017617
v -0.013614 0.141064 -0.016131
v -0.009865 0.138098 -0.000821
v -0.033601 0.140900 -0.015986
v -0.037259 0.145420 -0.009362
v -0.034802 0.154021 0.000119
v -0.036440 0.145189 0.004493
v -0.030119 0.155689 0.013325
v -0.030289 0.148744 0.015460
v -0.032540 0.171109 0.014853
v -0.023265 0.171018 0.017261
v -0.011952 0.188675 0.019021
v -0.013305 0.170168 0.015138
v -0.021700 0.156308 0.014447
v -0.013784 0.155010 0.013076
v -0.007985 0.168767 0.002970
v -0.006220 0.188045 0.007786
v -0.004388 0.203579 0.010777
v -0.011861 0.206703 0.019536
v -0.001070 0.200935 -0.002829
v -0.003781 0.188700 -0.003636
v -0.006232 0.167991 -0.004630
v -0.007918 0.151376 -0.005807
v -0.008895 0.151461 0.001897
v -0.025655 0.222845 0.020076
v -0.012298 0.217925 0.019688
v -0.019189 0.228886 0.021750
v -0.006790 0.141483 -0.003314
v -0.007275 0.140725 0.000538
v -0.010545 0.145165 0.007926
v -0.009865 0.138098 -0.000821
v -0.012995 0.139924 0.010716
v -0.013141 0.148004 0.014362
v -0.021724 0.140324 0.012827
v -0.021888 0.149920 0.016467
v -0.030459 0.140725 0.011832
v -0.034875 0.140961 -0.000948
v 0.009012 0.210209 -0.025054
v 0.001605 0.212096 -0.002720
v 0.001211 0.209287 -0.002738
v -0.000002 0.212302 -0.002586
v -0.001604 0.212096 -0.002720
v -0.009010 0.210209 -0.025054
v -0.001215 0.209287 -0.002738
v 0.005572 0.214540 0.013962
v 0.001211 0.209287 -0.002738
v 0.001605 0.212096 -0.002720
v 0.003971 0.209403 0.010334
v -0.000002 0.214164 0.013313
v -0.000002 0.212302 -0.002586
v -0.001604 0.212096 -0.002720
v -0.005571 0.214540 0.013962
v -0.001215 0.209287 -0.002738
v -0.003969 0.209403 0.010334
v 0.035853 0.127738 -0.002762
v 0.034877 0.140961 -0.000948
v 0.033688 0.135350 -0.015106
v 0.030461 0.140725 0.011832
v 0.030485 0.127871 0.009376
v 0.021726 0.140324 0.012827
v 0.021950 0.127380 0.010189
v 0.012991 0.139924 0.010716
v 0.014908 0.126967 0.008963
v 0.010431 0.126700 -0.002829
v 0.009867 0.138098 -0.000821
v 0.033767 0.128423 -0.015901
v 0.023497 0.135102 -0.016331
v 0.033603 0.140900 -0.015986
v 0.023606 0.140985 -0.017617
v 0.013616 0.141064 -0.016131
v 0.013549 0.135520 -0.014821
v 0.009867 0.138098 -0.000821
v 0.013482 0.128599 -0.015106
v 0.023382 0.129139 -0.017096
v 0.010431 0.126700 -0.002829
v 0.036824 0.125287 -0.014312
v 0.035853 0.127738 -0.002762
v 0.033767 0.128423 -0.015901
v 0.038255 0.124917 -0.004812
v 0.036387 0.120816 -0.012286
v 0.034179 0.126106 -0.019431
v 0.023382 0.129139 -0.017096
v 0.023430 0.126846 -0.021633
v 0.013482 0.128599 -0.015106
v 0.013476 0.126185 -0.019935
v 0.023485 0.119961 -0.020766
v 0.012754 0.119731 -0.019219
v 0.034877 0.119294 -0.019455
v 0.037297 0.114241 -0.005073
v 0.034871 0.116328 -0.022112
v 0.023916 0.115988 -0.023392
v 0.013840 0.115315 -0.021202
v 0.035508 0.120313 -0.001434
v 0.009527 0.123364 -0.010581
v 0.010431 0.126700 -0.002829
v 0.008387 0.122921 -0.001240
v 0.009430 0.119160 -0.002198
v 0.010771 0.113822 -0.002689
v 0.030358 0.113446 0.006573
v 0.030327 0.110104 0.004948
v 0.030782 0.120240 0.008217
v 0.023461 0.112840 0.007222
v 0.023170 0.119385 0.010019
v 0.021950 0.127380 0.010189
v 0.030485 0.127871 0.009376
v 0.015557 0.119403 0.008035
v 0.014908 0.126967 0.008963
v 0.023570 0.109309 0.007580
v 0.016685 0.113404 0.004754
v 0.016788 0.108515 0.005130
v 0.008387 0.122921 -0.001240
v 0.010431 0.126700 -0.002829
v 0.009430 0.119160 -0.002198
v 0.023679 0.103425 0.003195
v 0.016916 0.102983 0.001957
v 0.008320 0.104730 -0.008440
v 0.010771 0.113822 -0.002689
v 0.030509 0.103947 0.002649
v 0.038419 0.104772 -0.008209
v 0.035138 0.111809 -0.022124
v 0.036460 0.108351 -0.025388
v 0.036114 0.105464 -0.025570
v 0.024104 0.108624 -0.027675
v 0.024492 0.104863 -0.026813
v 0.013015 0.107696 -0.024842
v 0.013137 0.104730 -0.024824
v 0.008320 0.104730 -0.008440
v 0.023946 0.111930 -0.024587
v 0.013579 0.110977 -0.021742
v -0.000002 0.247581 -0.031496
v -0.000002 0.257384 -0.022670
v -0.035858 0.127738 -0.002762
v -0.033686 0.135350 -0.015106
v -0.034875 0.140961 -0.000948
v -0.030459 0.140725 0.011832
v -0.030483 0.127871 0.009376
v -0.021724 0.140324 0.012827
v -0.021955 0.127380 0.010189
v -0.012995 0.139924 0.010716
v -0.014906 0.126967 0.008963
v -0.010435 0.126700 -0.002829
v -0.009865 0.138098 -0.000821
v -0.033771 0.128423 -0.015901
v -0.023495 0.135102 -0.016331
v -0.033601 0.140900 -0.015986
v -0.023611 0.140985 -0.017617
v -0.013614 0.141064 -0.016131
v -0.013547 0.135520 -0.014821
v -0.009865 0.138098 -0.000821
v -0.013480 0.128599 -0.015106
v -0.023380 0.129139 -0.017096
v -0.010435 0.126700 -0.002829
v -0.036822 0.125287 -0.014312
v -0.035858 0.127738 -0.002762
v -0.038260 0.124917 -0.004812
v -0.033771 0.128423 -0.015901
v -0.036385 0.120816 -0.012286
v -0.034177 0.126106 -0.019431
v -0.023380 0.129139 -0.017096
v -0.023429 0.126846 -0.021633
v -0.013480 0.128599 -0.015106
v -0.013480 0.126185 -0.019935
v -0.023483 0.119961 -0.020766
v -0.012759 0.119731 -0.019219
v -0.034881 0.119294 -0.019455
v -0.037295 0.114241 -0.005073
v -0.034869 0.116328 -0.022112
v -0.023920 0.115988 -0.023392
v -0.013838 0.115315 -0.021202
v -0.035506 0.120313 -0.001434
v -0.009526 0.123364 -0.010581
v -0.010435 0.126700 -0.002829
v -0.008385 0.122921 -0.001240
v -0.009428 0.119160 -0.002198
v -0.010769 0.113822 -0.002689
v -0.030356 0.113446 0.006573
v -0.030325 0.110104 0.004948
v -0.030780 0.120240 0.008217
v -0.023459 0.112840 0.007222
v -0.023168 0.119385 0.010019
v -0.021955 0.127380 0.010189
v -0.030483 0.127871 0.009376
v -0.015555 0.119403 0.008035
v -0.014906 0.126967 0.008963
v -0.023574 0.109309 0.007580
v -0.016683 0.113404 0.004754
v -0.016786 0.108515 0.005130
v -0.008385 0.122921 -0.001240
v -0.010435 0.126700 -0.002829
v -0.009428 0.119160 -0.002198
v -0.023683 0.103425 0.003195
v -0.016914 0.102983 0.001957
v -0.008318 0.104730 -0.008440
v -0.010769 0.113822 -0.002689
v -0.030507 0.103947 0.002649
v -0.038417 0.104772 -0.008209
v -0.035136 0.111809 -0.022124
v -0.036458 0.108351 -0.025388
v -0.036112 0.105464 -0.025570
v -0.024102 0.108624 -0.027675
v -0.024490 0.104863 -0.026813
v -0.013013 0.107696 -0.024842
v -0.013135 0.104730 -0.024824
v -0.008318 0.104730 -0.008440
v -0.023950 0.111930 -0.024587
v -0.013578 0.110977 -0.021742
v 0.039990 0.108606 -0.000305
v 0.032996 0.107841 0.006992
v 0.037091 0.111584 0.003607
v 0.040233 0.118954 -0.001197
v 0.041737 0.107781 -0.012097
v 0.040924 0.115685 -0.010059
v 0.039766 0.100611 -0.002065
v 0.033015 0.091178 0.003328
v 0.015381 0.107732 0.007028
v 0.016679 0.091197 0.003498
v 0.017674 0.065762 -0.000578
v 0.031613 0.066151 -0.001033
v 0.039184 0.092125 -0.001713
v 0.010061 0.091427 -0.001676
v 0.008769 0.099944 -0.001889
v 0.036060 0.066848 -0.012898
v 0.041228 0.091967 -0.012898
v 0.007896 0.100459 -0.012631
v 0.008830 0.091688 -0.013050
v 0.011481 0.066229 -0.012716
v 0.007683 0.107514 -0.000305
v 0.010983 0.110674 0.003607
v 0.007550 0.118778 -0.000942
v 0.041798 0.100477 -0.012838
v 0.007046 0.106343 -0.012540
v 0.007144 0.115399 -0.010308
v 0.033688 0.047528 -0.012631
v 0.028787 0.043416 -0.002635
v 0.033002 0.039867 -0.012807
v 0.023485 0.044677 -0.002404
v 0.030746 0.037344 -0.005316
v 0.032602 0.030350 -0.007839
v 0.033900 0.029695 -0.011916
v 0.033469 0.025218 -0.009404
v 0.018214 0.043937 -0.002174
v 0.012882 0.047322 -0.012656
v 0.013282 0.039764 -0.013129
v 0.016194 0.037344 -0.003963
v 0.012457 0.029937 -0.012025
v 0.014362 0.030332 -0.006978
v 0.012688 0.024399 -0.009156
v 0.029266 0.043883 -0.000530
v 0.031480 0.036937 -0.003745
v 0.028811 0.039540 0.000780
v 0.029005 0.035293 0.001951
v 0.033130 0.030429 -0.006772
v 0.029375 0.030186 0.004462
v 0.033105 0.026516 -0.002507
v 0.018008 0.035566 0.002819
v 0.018232 0.039552 0.001090
v 0.015436 0.036974 -0.002604
v 0.013367 0.030410 -0.006062
v 0.017692 0.043962 0.000131
v 0.023606 0.044902 0.000089
v 0.034143 0.025418 -0.008318
v 0.033045 0.022907 0.003941
v 0.035829 0.016429 -0.000196
v 0.023558 0.030586 0.005797
v 0.023655 0.027280 0.008023
v 0.017686 0.030307 0.005069
v 0.017546 0.026328 0.007053
v 0.013640 0.027353 -0.002477
v 0.013397 0.023544 0.003880
v 0.011966 0.025066 -0.008118
v 0.011220 0.021057 0.002078
v 0.012318 0.021439 -0.009307
v 0.012390 0.016659 -0.000779
v 0.033858 0.023968 0.005627
v 0.029830 0.026395 0.006877
v 0.030218 0.026801 0.008169
v 0.023655 0.027280 0.008023
v 0.023667 0.027747 0.009218
v 0.017207 0.027111 0.008363
v 0.017546 0.026328 0.007053
v 0.012779 0.024454 0.005894
v 0.013397 0.023544 0.003880
v 0.010170 0.020578 0.003055
v 0.011220 0.021057 0.002078
v 0.011499 0.016829 -0.000857
v 0.012390 0.016659 -0.000779
v 0.010874 0.020092 0.004566
v 0.010607 0.013274 0.012773
v 0.013149 0.017138 0.016455
v 0.013288 0.022488 0.006403
v 0.017686 0.025418 0.008969
v 0.017601 0.019831 0.017498
v 0.018887 0.016999 0.018141
v 0.023703 0.020844 0.017601
v 0.023758 0.018091 0.018444
v 0.016321 0.015027 0.016697
v 0.028841 0.016999 0.017983
v 0.030012 0.019807 0.017352
v 0.033797 0.017599 0.016436
v 0.031698 0.014627 0.016400
v 0.023673 0.026061 0.009843
v 0.033451 0.022616 0.006391
v 0.036448 0.013092 0.012639
v 0.034028 0.011740 0.013622
v 0.029769 0.025473 0.008806
v 0.013161 0.011831 0.013925
v 0.033833 0.021906 -0.009720
v 0.033469 0.025218 -0.009404
v 0.032602 0.030350 -0.007839
v 0.033130 0.030429 -0.006772
v 0.030746 0.037344 -0.005316
v 0.031480 0.036937 -0.003745
v 0.028787 0.043416 -0.002635
v 0.029266 0.043883 -0.000530
v 0.023606 0.044902 0.000089
v 0.023485 0.044677 -0.002404
v 0.018214 0.043937 -0.002174
v 0.017692 0.043962 0.000131
v 0.016194 0.037344 -0.003963
v 0.015436 0.036974 -0.002604
v 0.014362 0.030332 -0.006978
v 0.013367 0.030410 -0.006062
v 0.012688 0.024399 -0.009156
v 0.011966 0.025066 -0.008118
v 0.012318 0.021439 -0.009307
v 0.041798 0.100477 -0.012838
v 0.039317 0.108139 -0.013110
v 0.039978 0.100702 -0.013620
v 0.041737 0.107781 -0.012097
v 0.038134 0.115594 -0.011133
v 0.040924 0.115685 -0.010059
v 0.041228 0.091967 -0.012898
v 0.039299 0.091949 -0.013990
v 0.036060 0.066848 -0.012898
v 0.035435 0.066357 -0.014008
v 0.033688 0.047528 -0.012631
v 0.032614 0.047510 -0.014014
v 0.033002 0.039867 -0.012807
v 0.031832 0.039521 -0.013675
v 0.033900 0.029695 -0.011916
v 0.032323 0.030410 -0.013250
v 0.033469 0.025218 -0.009404
v 0.033833 0.021906 -0.009720
v 0.040233 0.118954 -0.001197
v 0.037443 0.118966 -0.001197
v 0.040924 0.115685 -0.010059
v 0.038134 0.115594 -0.011133
v 0.037443 0.118966 -0.001197
v 0.037091 0.111584 0.003607
v 0.033943 0.110444 0.003152
v 0.040233 0.118954 -0.001197
v 0.032590 0.108272 0.005039
v 0.032996 0.107841 0.006992
v 0.010983 0.110674 0.003607
v 0.009982 0.118778 -0.000942
v 0.013313 0.110286 0.003189
v 0.007550 0.118778 -0.000942
v 0.015897 0.108278 0.005384
v 0.015381 0.107732 0.007028
v 0.007550 0.118778 -0.000942
v 0.009479 0.115478 -0.011048
v 0.009982 0.118778 -0.000942
v 0.007144 0.115399 -0.010308
v 0.029830 0.026395 0.006877
v 0.015897 0.108278 0.005384
v 0.032996 0.107841 0.006992
v 0.015381 0.107732 0.007028
v 0.032590 0.108272 0.005039
v 0.012694 0.030301 -0.013292
v 0.012688 0.024399 -0.009156
v 0.012318 0.021439 -0.009307
v 0.012457 0.029937 -0.012025
v 0.013282 0.039764 -0.013129
v 0.014568 0.039515 -0.013693
v 0.012882 0.047322 -0.012656
v 0.014144 0.047255 -0.013723
v 0.011481 0.066229 -0.012716
v 0.012773 0.065896 -0.013590
v 0.008830 0.091688 -0.013050
v 0.010419 0.091712 -0.013772
v 0.007896 0.100459 -0.012631
v 0.009072 0.100496 -0.013359
v 0.007046 0.106343 -0.012540
v 0.008739 0.106343 -0.013274
v 0.007144 0.115399 -0.010308
v 0.009479 0.115478 -0.011048
v 0.017686 0.025418 0.008969
v 0.023667 0.027747 0.009218
v 0.023673 0.026061 0.009843
v 0.017207 0.027111 0.008363
v 0.013288 0.022488 0.006403
v 0.012779 0.024454 0.005894
v 0.010874 0.020092 0.004566
v 0.010170 0.020578 0.003055
v 0.029769 0.025473 0.008806
v 0.030218 0.026801 0.008169
v 0.033451 0.022616 0.006391
v 0.033858 0.023968 0.005627
v 0.035829 0.016429 -0.000196
v 0.011499 0.016829 -0.000857
v 0.012390 0.016659 -0.000779
v 0.033943 0.110444 0.003152
v 0.024213 0.104626 -0.003860
v 0.036587 0.110080 -0.005825
v 0.032590 0.108272 0.005039
v 0.015897 0.108278 0.005384
v 0.013313 0.110286 0.003189
v 0.039317 0.108139 -0.013110
v 0.038134 0.115594 -0.011133
v 0.037443 0.118966 -0.001197
v 0.039978 0.100702 -0.013620
v 0.024534 0.100599 -0.008913
v 0.008739 0.106343 -0.013274
v 0.011226 0.109940 -0.005674
v 0.009982 0.118778 -0.000942
v 0.009479 0.115478 -0.011048
v 0.009072 0.100496 -0.013359
v 0.010419 0.091712 -0.013772
v 0.039299 0.091949 -0.013990
v 0.012773 0.065896 -0.013590
v 0.035435 0.066357 -0.014008
v 0.014144 0.047255 -0.013723
v 0.032614 0.047510 -0.014014
v 0.014568 0.039515 -0.013693
v 0.031832 0.039521 -0.013675
v 0.032323 0.030410 -0.013250
v 0.012694 0.030301 -0.013292
v 0.023115 0.023010 -0.008761
v 0.012318 0.021439 -0.009307
v 0.012390 0.016659 -0.000779
v 0.023503 0.020663 0.000617
v 0.013161 0.011831 0.013925
v 0.016321 0.015027 0.016697
v 0.018887 0.016999 0.018141
v 0.023758 0.018091 0.018444
v 0.028841 0.016999 0.017983
v 0.031698 0.014627 0.016400
v 0.034028 0.011740 0.013622
v 0.035829 0.016429 -0.000196
v 0.033833 0.021906 -0.009720
v -0.039994 0.108606 -0.000305
v -0.037095 0.111584 0.003607
v -0.033001 0.107841 0.006992
v -0.040231 0.118954 -0.001197
v -0.041735 0.107781 -0.012097
v -0.040923 0.115685 -0.010059
v -0.039770 0.100611 -0.002065
v -0.033013 0.091178 0.003328
v -0.015379 0.107732 0.007028
v -0.016677 0.091197 0.003498
v -0.017678 0.065762 -0.000578
v -0.031611 0.066151 -0.001033
v -0.039182 0.092125 -0.001713
v -0.010059 0.091427 -0.001676
v -0.008767 0.099944 -0.001889
v -0.036058 0.066848 -0.012898
v -0.041226 0.091967 -0.012898
v -0.007900 0.100459 -0.012631
v -0.008828 0.091688 -0.013050
v -0.011479 0.066229 -0.012716
v -0.007682 0.107514 -0.000305
v -0.010981 0.110674 0.003607
v -0.007548 0.118778 -0.000942
v -0.041796 0.100477 -0.012838
v -0.007051 0.106343 -0.012540
v -0.007142 0.115399 -0.010308
v -0.033692 0.047528 -0.012631
v -0.028785 0.043416 -0.002635
v -0.033001 0.039867 -0.012807
v -0.023483 0.044677 -0.002404
v -0.030744 0.037344 -0.005316
v -0.032600 0.030350 -0.007839
v -0.033898 0.029695 -0.011916
v -0.033468 0.025218 -0.009404
v -0.018212 0.043937 -0.002174
v -0.012880 0.047322 -0.012656
v -0.013280 0.039764 -0.013129
v -0.016192 0.037344 -0.003963
v -0.012455 0.029937 -0.012025
v -0.014360 0.030332 -0.006978
v -0.012686 0.024399 -0.009156
v -0.029264 0.043883 -0.000530
v -0.028809 0.039540 0.000780
v -0.031478 0.036937 -0.003745
v -0.029003 0.035293 0.001951
v -0.033128 0.030429 -0.006772
v -0.029373 0.030186 0.004462
v -0.033104 0.026516 -0.002507
v -0.018006 0.035566 0.002819
v -0.018236 0.039552 0.001090
v -0.015440 0.036974 -0.002604
v -0.013365 0.030410 -0.006062
v -0.017690 0.043962 0.000131
v -0.023604 0.044902 0.000089
v -0.034141 0.025418 -0.008318
v -0.033043 0.022907 0.003941
v -0.035870 0.016429 -0.000196
v -0.023562 0.030586 0.005797
v -0.023653 0.027280 0.008023
v -0.017690 0.030307 0.005069
v -0.017551 0.026328 0.007053
v -0.013638 0.027353 -0.002477
v -0.013396 0.023544 0.003880
v -0.011970 0.025066 -0.008118
v -0.011218 0.021057 0.002078
v -0.012316 0.021439 -0.009307
v -0.012389 0.016659 -0.000779
v -0.033856 0.023968 0.005627
v -0.029828 0.026395 0.006877
v -0.030216 0.026801 0.008169
v -0.023653 0.027280 0.008023
v -0.023665 0.027747 0.009218
v -0.017211 0.027111 0.008363
v -0.017551 0.026328 0.007053
v -0.012777 0.024454 0.005894
v -0.013396 0.023544 0.003880
v -0.010169 0.020578 0.003055
v -0.011218 0.021057 0.002078
v -0.011503 0.016829 -0.000857
v -0.012389 0.016659 -0.000779
v -0.010872 0.020092 0.004566
v -0.010605 0.013274 0.012773
v -0.013147 0.017138 0.016455
v -0.013286 0.022488 0.006403
v -0.017684 0.025418 0.008969
v -0.017599 0.019831 0.017498
v -0.018885 0.016999 0.018141
v -0.023702 0.020844 0.017601
v -0.023762 0.018091 0.018444
v -0.016319 0.015027 0.016697
v -0.028839 0.016999 0.017983
v -0.030016 0.019807 0.017352
v -0.033795 0.017599 0.016436
v -0.031696 0.014627 0.016400
v -0.023671 0.026061 0.009843
v -0.033449 0.022616 0.006391
v -0.036446 0.013092 0.012639
v -0.034032 0.011740 0.013622
v -0.029767 0.025473 0.008806
v -0.013159 0.011831 0.013925
v -0.033832 0.021906 -0.009720
v -0.033468 0.025218 -0.009404
v -0.032600 0.030350 -0.007839
v -0.033128 0.030429 -0.006772
v -0.030744 0.037344 -0.005316
v -0.031478 0.036937 -0.003745
v -0.028785 0.043416 -0.002635
v -0.029264 0.043883 -0.000530
v -0.023604 0.044902 0.000089
v -0.023483 0.044677 -0.002404
v -0.018212 0.043937 -0.002174
v -0.017690 0.043962 0.000131
v -0.016192 0.037344 -0.003963
v -0.015440 0.036974 -0.002604
v -0.014360 0.030332 -0.006978
v -0.013365 0.030410 -0.006062
v -0.012686 0.024399 -0.009156
v -0.011970 0.025066 -0.008118
v -0.012316 0.021439 -0.009307
v -0.041796 0.100477 -0.012838
v -0.039315 0.108139 -0.013110
v -0.041735 0.107781 -0.012097
v -0.039976 0.100702 -0.013620
v -0.038132 0.115594 -0.011133
v -0.040923 0.115685 -0.010059
v -0.041226 0.091967 -0.012898
v -0.039297 0.091949 -0.013990
v -0.036058 0.066848 -0.012898
v -0.035433 0.066357 -0.014008
v -0.033692 0.047528 -0.012631
v -0.032612 0.047510 -0.014014
v -0.033001 0.039867 -0.012807
v -0.031836 0.039521 -0.013675
v -0.033898 0.029695 -0.011916
v -0.032321 0.030410 -0.013250
v -0.033468 0.025218 -0.009404
v -0.033832 0.021906 -0.009720
v -0.040231 0.118954 -0.001197
v -0.040923 0.115685 -0.010059
v -0.037447 0.118966 -0.001197
v -0.038132 0.115594 -0.011133
v -0.037447 0.118966 -0.001197
v -0.037095 0.111584 0.003607
v -0.040231 0.118954 -0.001197
v -0.033941 0.110444 0.003152
v -0.032588 0.108272 0.005039
v -0.033001 0.107841 0.006992
v -0.010981 0.110674 0.003607
v -0.009987 0.118778 -0.000942
v -0.007548 0.118778 -0.000942
v -0.013311 0.110286 0.003189
v -0.015895 0.108278 0.005384
v -0.015379 0.107732 0.007028
v -0.007548 0.118778 -0.000942
v -0.009477 0.115478 -0.011048
v -0.007142 0.115399 -0.010308
v -0.009987 0.118778 -0.000942
v -0.029828 0.026395 0.006877
v -0.015895 0.108278 0.005384
v -0.033001 0.107841 0.006992
v -0.032588 0.108272 0.005039
v -0.015379 0.107732 0.007028
v -0.012692 0.030301 -0.013292
v -0.012686 0.024399 -0.009156
v -0.012455 0.029937 -0.012025
v -0.012316 0.021439 -0.009307
v -0.013280 0.039764 -0.013129
v -0.014566 0.039515 -0.013693
v -0.012880 0.047322 -0.012656
v -0.014142 0.047255 -0.013723
v -0.011479 0.066229 -0.012716
v -0.012771 0.065896 -0.013590
v -0.008828 0.091688 -0.013050
v -0.010417 0.091712 -0.013772
v -0.007900 0.100459 -0.012631
v -0.009077 0.100496 -0.013359
v -0.007051 0.106343 -0.012540
v -0.008743 0.106343 -0.013274
v -0.007142 0.115399 -0.010308
v -0.009477 0.115478 -0.011048
v -0.017684 0.025418 0.008969
v -0.023665 0.027747 0.009218
v -0.017211 0.027111 0.008363
v -0.023671 0.026061 0.009843
v -0.013286 0.022488 0.006403
v -0.012777 0.024454 0.005894
v -0.010872 0.020092 0.004566
v -0.010169 0.020578 0.003055
v -0.029767 0.025473 0.008806
v -0.030216 0.026801 0.008169
v -0.033449 0.022616 0.006391
v -0.033856 0.023968 0.005627
v -0.035870 0.016429 -0.000196
v -0.011503 0.016829 -0.000857
v -0.012389 0.016659 -0.000779
v -0.033941 0.110444 0.003152
v -0.036585 0.110080 -0.005825
v -0.024217 0.104626 -0.003860
v -0.032588 0.108272 0.005039
v -0.015895 0.108278 0.005384
v -0.013311 0.110286 0.003189
v -0.039315 0.108139 -0.013110
v -0.038132 0.115594 -0.011133
v -0.037447 0.118966 -0.001197
v -0.039976 0.100702 -0.013620
v -0.024533 0.100599 -0.008913
v -0.008743 0.106343 -0.013274
v -0.011224 0.109940 -0.005674
v -0.009987 0.118778 -0.000942
v -0.009477 0.115478 -0.011048
v -0.009077 0.100496 -0.013359
v -0.010417 0.091712 -0.013772
v -0.039297 0.091949 -0.013990
v -0.012771 0.065896 -0.013590
v -0.035433 0.066357 -0.014008
v -0.014142 0.047255 -0.013723
v -0.032612 0.047510 -0.014014
v -0.014566 0.039515 -0.013693
v -0.031836 0.039521 -0.013675
v -0.032321 0.030410 -0.013250
v -0.012692 0.030301 -0.013292
v -0.023119 0.023010 -0.008761
v -0.012316 0.021439 -0.009307
v -0.012389 0.016659 -0.000779
v -0.023507 0.020663 0.000617
v -0.013159 0.011831 0.013925
v -0.016319 0.015027 0.016697
v -0.018885 0.016999 0.018141
v -0.023762 0.018091 0.018444
v -0.028839 0.016999 0.017983
v -0.031696 0.014627 0.016400
v -0.034032 0.011740 0.013622
v -0.035870 0.016429 -0.000196
v -0.033832 0.021906 -0.009720
v 0.028295 0.026013 0.003437
v 0.032438 0.022027 -0.009780
v 0.033767 0.012304 0.001163
v 0.034228 0.015792 -0.010223
v 0.032056 0.029537 -0.012649
v 0.026093 0.033631 -0.004643
v 0.018068 0.026152 0.003595
v 0.018657 0.033753 -0.004788
v 0.013470 0.029743 -0.011691
v 0.012961 0.022124 -0.010526
v 0.018942 0.017035 0.017801
v 0.015630 0.015373 0.016515
v 0.012712 0.012777 -0.000870
v 0.019111 0.015300 0.029878
v 0.027713 0.016999 0.017644
v 0.031013 0.015494 0.016649
v 0.028538 0.014700 0.029527
v 0.012111 0.006923 0.016813
v 0.013203 0.006766 0.027725
v 0.026469 0.012395 0.034792
v 0.030000 0.012279 0.033518
v 0.021756 0.012401 0.034731
v 0.017892 0.012468 0.033930
v 0.011851 0.006923 0.010510
v 0.011887 0.015858 -0.010332
v 0.010619 0.009604 -0.010217
v 0.010443 0.000002 0.005633
v 0.035053 0.006984 0.018505
v 0.034780 0.006984 0.009916
v 0.036606 0.000002 0.016151
v 0.036047 0.000002 0.004062
v 0.034137 0.006760 0.027482
v 0.036448 0.000002 0.024959
v 0.032481 0.006747 0.033924
v 0.032820 0.000002 0.034701
v 0.025062 0.000002 0.037079
v 0.024601 0.006838 0.036751
v 0.016558 0.000002 0.035556
v 0.015891 0.006881 0.035398
v 0.011396 0.000002 0.025578
v 0.010880 0.000002 0.016133
v 0.035580 0.009532 -0.010623
v 0.033560 0.009586 -0.019079
v 0.036084 0.000002 -0.010727
v 0.033324 0.000002 -0.019007
v 0.027658 0.009586 -0.028712
v 0.032208 0.016156 -0.018503
v 0.027865 0.000002 -0.028142
v 0.016703 0.009234 -0.027584
v 0.027027 0.016156 -0.027942
v 0.017571 0.016010 -0.027135
v 0.017170 0.000002 -0.027566
v 0.012142 0.009586 -0.019765
v 0.012045 0.000002 -0.019492
v 0.010619 0.009604 -0.010217
v 0.011887 0.015858 -0.010332
v 0.010540 0.000002 -0.010290
v 0.014010 0.016010 -0.020632
v 0.017389 0.022440 -0.025715
v 0.012961 0.022124 -0.010526
v 0.013470 0.029743 -0.011691
v 0.017304 0.029640 -0.023495
v 0.027040 0.029579 -0.023932
v 0.027143 0.022731 -0.026201
v 0.031425 0.022349 -0.017417
v 0.036448 0.000002 0.024959
v 0.036606 0.000002 0.016151
v 0.024170 0.000002 0.017049
v 0.036047 0.000002 0.004062
v 0.010443 0.000002 0.005633
v 0.035580 0.009532 -0.010623
v 0.010619 0.009604 -0.010217
v 0.010880 0.000002 0.016133
v 0.011396 0.000002 0.025578
v 0.016558 0.000002 0.035556
v 0.025062 0.000002 0.037079
v 0.032820 0.000002 0.034701
v 0.012045 0.000002 -0.019492
v 0.036084 0.000002 -0.010727
v 0.033324 0.000002 -0.019007
v 0.010540 0.000002 -0.010290
v 0.027865 0.000002 -0.028142
v 0.017170 0.000002 -0.027566
v 0.035580 0.009532 -0.010623
v 0.010540 0.000002 -0.010290
v 0.010619 0.009604 -0.010217
v 0.036084 0.000002 -0.010727
v 0.016109 0.007057 0.033846
v 0.024480 0.006935 0.035447
v 0.032117 0.006808 0.033475
v 0.016109 0.007057 0.033846
v 0.024601 0.006838 0.036751
v 0.015891 0.006881 0.035398
v 0.024480 0.006935 0.035447
v 0.032481 0.006747 0.033924
v 0.032117 0.006808 0.033475
v 0.034137 0.006760 0.027482
v 0.013203 0.006766 0.027725
v 0.037139 0.084397 -0.016865
v 0.038656 0.096474 -0.017666
v 0.033275 0.084227 -0.023107
v 0.038862 0.096729 -0.010120
v 0.036672 0.084579 -0.005134
v 0.034513 0.095782 -0.024078
v 0.023904 0.084021 -0.025206
v 0.023764 0.095315 -0.027135
v 0.012961 0.094848 -0.024617
v 0.014107 0.083821 -0.022955
v 0.013137 0.104730 -0.024824
v 0.024492 0.104863 -0.026813
v 0.036114 0.105464 -0.025570
v 0.038419 0.104772 -0.008209
v 0.008351 0.094818 -0.016520
v 0.010183 0.084166 -0.010071
v 0.008011 0.094951 -0.009338
v 0.008320 0.104730 -0.008440
v 0.013258 0.081006 -0.023902
v 0.010728 0.081030 -0.010690
v 0.023582 0.081048 -0.024933
v 0.033906 0.081091 -0.022549
v 0.035829 0.081091 -0.014257
v 0.035629 0.081030 -0.008130
v 0.033688 0.069020 -0.011485
v 0.028914 0.061292 -0.022137
v 0.032117 0.061486 -0.012643
v 0.030746 0.069268 -0.022834
v 0.031504 0.056554 -0.012686
v 0.028174 0.056609 -0.022343
v 0.016060 0.061183 -0.022446
v 0.016606 0.056488 -0.022446
v 0.023267 0.069202 -0.023180
v 0.015072 0.056294 -0.012680
v 0.014532 0.061443 -0.012613
v 0.014404 0.069171 -0.023119
v 0.012882 0.069184 -0.011430
v 0.023388 0.069281 -0.025400
v 0.012548 0.080678 -0.024666
v 0.013252 0.069366 -0.024144
v 0.023503 0.080684 -0.025667
v 0.011875 0.069384 -0.011764
v 0.010255 0.080636 -0.011309
v 0.032857 0.069190 -0.023241
v 0.034458 0.080697 -0.023253
v 0.036248 0.080697 -0.014475
v 0.034846 0.069165 -0.011806
v 0.035386 0.080648 -0.008488
v 0.016776 0.042888 -0.023107
v 0.027658 0.043319 -0.024642
v 0.016703 0.043246 -0.024557
v 0.027573 0.042894 -0.023259
v 0.013804 0.043137 -0.012771
v 0.014696 0.042882 -0.012383
v 0.032092 0.043282 -0.013256
v 0.031152 0.042882 -0.013232
v 0.017304 0.029640 -0.023495
v 0.027962 0.036549 -0.025903
v 0.016382 0.036579 -0.025564
v 0.027040 0.029579 -0.023932
v 0.016776 0.042888 -0.023107
v 0.014696 0.042882 -0.012383
v 0.014083 0.036622 -0.012037
v 0.027573 0.042894 -0.023259
v 0.031607 0.036519 -0.012941
v 0.032056 0.029537 -0.012649
v 0.031152 0.042882 -0.013232
v 0.013470 0.029743 -0.011691
v 0.031504 0.056554 -0.012686
v 0.028089 0.056112 -0.024029
v 0.032481 0.056087 -0.012668
v 0.028174 0.056609 -0.022343
v 0.016606 0.056488 -0.022446
v 0.016673 0.056087 -0.023999
v 0.015072 0.056294 -0.012680
v 0.013865 0.056081 -0.012322
v 0.012882 0.069184 -0.011430
v 0.013252 0.069366 -0.024144
v 0.011875 0.069384 -0.011764
v 0.014404 0.069171 -0.023119
v 0.023388 0.069281 -0.025400
v 0.023267 0.069202 -0.023180
v 0.032857 0.069190 -0.023241
v 0.030746 0.069268 -0.022834
v 0.033688 0.069020 -0.011485
v 0.034846 0.069165 -0.011806
v 0.013258 0.081006 -0.023902
v 0.010255 0.080636 -0.011309
v 0.012548 0.080678 -0.024666
v 0.010728 0.081030 -0.010690
v 0.023503 0.080684 -0.025667
v 0.023582 0.081048 -0.024933
v 0.033906 0.081091 -0.022549
v 0.034458 0.080697 -0.023253
v 0.035829 0.081091 -0.014257
v 0.036248 0.080697 -0.014475
v 0.035629 0.081030 -0.008130
v 0.035386 0.080648 -0.008488
v 0.016703 0.043246 -0.024557
v 0.028089 0.056112 -0.024029
v 0.016673 0.056087 -0.023999
v 0.027658 0.043319 -0.024642
v 0.013804 0.043137 -0.012771
v 0.013865 0.056081 -0.012322
v 0.032481 0.056087 -0.012668
v 0.032092 0.043282 -0.013256
v -0.028293 0.026013 0.003437
v -0.033771 0.012304 0.001163
v -0.032436 0.022027 -0.009780
v -0.034232 0.015792 -0.010223
v -0.032054 0.029537 -0.012649
v -0.026091 0.033631 -0.004643
v -0.018066 0.026152 0.003595
v -0.018655 0.033753 -0.004788
v -0.013468 0.029743 -0.011691
v -0.012965 0.022124 -0.010526
v -0.018946 0.017035 0.017801
v -0.015634 0.015373 0.016515
v -0.012716 0.012777 -0.000870
v -0.019110 0.015300 0.029878
v -0.027711 0.016999 0.017644
v -0.031011 0.015494 0.016649
v -0.028536 0.014700 0.029527
v -0.012110 0.006923 0.016813
v -0.013201 0.006766 0.027725
v -0.026474 0.012395 0.034792
v -0.030004 0.012279 0.033518
v -0.021760 0.012401 0.034731
v -0.017890 0.012468 0.033930
v -0.011849 0.006923 0.010510
v -0.011885 0.015858 -0.010332
v -0.010617 0.009604 -0.010217
v -0.010441 0.000002 0.005633
v -0.035051 0.006984 0.018505
v -0.034784 0.006984 0.009916
v -0.036604 0.000002 0.016151
v -0.036046 0.000002 0.004062
v -0.034135 0.006760 0.027482
v -0.036452 0.000002 0.024959
v -0.032479 0.006747 0.033924
v -0.032819 0.000002 0.034701
v -0.025060 0.000002 0.037079
v -0.024599 0.006838 0.036751
v -0.016556 0.000002 0.035556
v -0.015889 0.006881 0.035398
v -0.011394 0.000002 0.025578
v -0.010878 0.000002 0.016133
v -0.035579 0.009532 -0.010623
v -0.033559 0.009586 -0.019079
v -0.032206 0.016156 -0.018503
v -0.027656 0.009586 -0.028712
v -0.033322 0.000002 -0.019007
v -0.027863 0.000002 -0.028142
v -0.016701 0.009234 -0.027584
v -0.027032 0.016156 -0.027942
v -0.017575 0.016010 -0.027135
v -0.017169 0.000002 -0.027566
v -0.012140 0.009586 -0.019765
v -0.012043 0.000002 -0.019492
v -0.036088 0.000002 -0.010727
v -0.010617 0.009604 -0.010217
v -0.011885 0.015858 -0.010332
v -0.010545 0.000002 -0.010290
v -0.014008 0.016010 -0.020632
v -0.017387 0.022440 -0.025715
v -0.012965 0.022124 -0.010526
v -0.013468 0.029743 -0.011691
v -0.017302 0.029640 -0.023495
v -0.027038 0.029579 -0.023932
v -0.027141 0.022731 -0.026201
v -0.031423 0.022349 -0.017417
v -0.036452 0.000002 0.024959
v -0.024169 0.000002 0.017049
v -0.036604 0.000002 0.016151
v -0.036046 0.000002 0.004062
v -0.010441 0.000002 0.005633
v -0.035579 0.009532 -0.010623
v -0.010617 0.009604 -0.010217
v -0.010878 0.000002 0.016133
v -0.011394 0.000002 0.025578
v -0.016556 0.000002 0.035556
v -0.025060 0.000002 0.037079
v -0.032819 0.000002 0.034701
v -0.012043 0.000002 -0.019492
v -0.036088 0.000002 -0.010727
v -0.010545 0.000002 -0.010290
v -0.033322 0.000002 -0.019007
v -0.027863 0.000002 -0.028142
v -0.017169 0.000002 -0.027566
v -0.035579 0.009532 -0.010623
v -0.010545 0.000002 -0.010290
v -0.036088 0.000002 -0.010727
v -0.010617 0.009604 -0.010217
v -0.016107 0.007057 0.033846
v -0.024478 0.006935 0.035447
v -0.032115 0.006808 0.033475
v -0.016107 0.007057 0.033846
v -0.024599 0.006838 0.036751
v -0.024478 0.006935 0.035447
v -0.015889 0.006881 0.035398
v -0.032479 0.006747 0.033924
v -0.032115 0.006808 0.033475
v -0.034135 0.006760 0.027482
v -0.013201 0.006766 0.027725
v -0.037144 0.084397 -0.016865
v -0.033273 0.084227 -0.023107
v -0.038660 0.096474 -0.017666
v -0.038866 0.096729 -0.010120
v -0.036676 0.084579 -0.005134
v -0.034511 0.095782 -0.024078
v -0.023902 0.084021 -0.025206
v -0.023768 0.095315 -0.027135
v -0.012965 0.094848 -0.024617
v -0.014105 0.083821 -0.022955
v -0.013135 0.104730 -0.024824
v -0.024490 0.104863 -0.026813
v -0.036112 0.105464 -0.025570
v -0.038417 0.104772 -0.008209
v -0.008349 0.094818 -0.016520
v -0.010187 0.084166 -0.010071
v -0.008009 0.094951 -0.009338
v -0.008318 0.104730 -0.008440
v -0.013256 0.081006 -0.023902
v -0.010727 0.081030 -0.010690
v -0.023580 0.081048 -0.024933
v -0.033904 0.081091 -0.022549
v -0.035827 0.081091 -0.014257
v -0.035627 0.081030 -0.008130
v -0.033686 0.069020 -0.011485
v -0.028912 0.061292 -0.022137
v -0.030744 0.069268 -0.022834
v -0.032121 0.061486 -0.012643
v -0.031508 0.056554 -0.012686
v -0.028172 0.056609 -0.022343
v -0.016065 0.061183 -0.022446
v -0.016610 0.056488 -0.022446
v -0.023265 0.069202 -0.023180
v -0.015070 0.056294 -0.012680
v -0.014536 0.061443 -0.012613
v -0.014403 0.069171 -0.023119
v -0.012880 0.069184 -0.011430
v -0.023386 0.069281 -0.025400
v -0.012546 0.080678 -0.024666
v -0.023501 0.080684 -0.025667
v -0.013256 0.069366 -0.024144
v -0.011873 0.069384 -0.011764
v -0.010260 0.080636 -0.011309
v -0.032855 0.069190 -0.023241
v -0.034456 0.080697 -0.023253
v -0.036246 0.080697 -0.014475
v -0.034845 0.069165 -0.011806
v -0.035384 0.080648 -0.008488
v -0.016774 0.042888 -0.023107
v -0.027663 0.043319 -0.024642
v -0.027572 0.042894 -0.023259
v -0.016701 0.043246 -0.024557
v -0.013802 0.043137 -0.012771
v -0.014694 0.042882 -0.012383
v -0.032091 0.043282 -0.013256
v -0.031156 0.042882 -0.013232
v -0.017302 0.029640 -0.023495
v -0.027960 0.036549 -0.025903
v -0.027038 0.029579 -0.023932
v -0.016380 0.036579 -0.025564
v -0.016774 0.042888 -0.023107
v -0.014694 0.042882 -0.012383
v -0.014081 0.036622 -0.012037
v -0.027572 0.042894 -0.023259
v -0.031605 0.036519 -0.012941
v -0.032054 0.029537 -0.012649
v -0.031156 0.042882 -0.013232
v -0.013468 0.029743 -0.011691
v -0.031508 0.056554 -0.012686
v -0.028093 0.056112 -0.024029
v -0.028172 0.056609 -0.022343
v -0.032479 0.056087 -0.012668
v -0.016610 0.056488 -0.022446
v -0.016677 0.056087 -0.023999
v -0.015070 0.056294 -0.012680
v -0.013863 0.056081 -0.012322
v -0.012880 0.069184 -0.011430
v -0.013256 0.069366 -0.024144
v -0.014403 0.069171 -0.023119
v -0.011873 0.069384 -0.011764
v -0.023386 0.069281 -0.025400
v -0.023265 0.069202 -0.023180
v -0.032855 0.069190 -0.023241
v -0.030744 0.069268 -0.022834
v -0.033686 0.069020 -0.011485
v -0.034845 0.069165 -0.011806
v -0.013256 0.081006 -0.023902
v -0.010260 0.080636 -0.011309
v -0.010727 0.081030 -0.010690
v -0.012546 0.080678 -0.024666
v -0.023501 0.080684 -0.025667
v -0.023580 0.081048 -0.024933
v -0.033904 0.081091 -0.022549
v -0.034456 0.080697 -0.023253
v -0.035827 0.081091 -0.014257
v -0.036246 0.080697 -0.014475
v -0.035627 0.081030 -0.008130
v -0.035384 0.080648 -0.008488
v -0.016701 0.043246 -0.024557
v -0.028093 0.056112 -0.024029
v -0.027663 0.043319 -0.024642
v -0.016677 0.056087 -0.023999
v -0.013802 0.043137 -0.012771
v -0.013863 0.056081 -0.012322
v -0.032479 0.056087 -0.012668
v -0.032091 0.043282 -0.013256
v 0.027434 0.148313 0.017807
v 0.033779 0.145407 0.014859
v 0.027379 0.135508 0.017462
v 0.017904 0.135484 0.017267
v 0.017662 0.147973 0.017728
v 0.011153 0.144534 0.014774
v 0.017965 0.121957 0.014568
v 0.011608 0.122751 0.011105
v 0.010510 0.135563 0.012136
v 0.027513 0.121975 0.014617
v 0.034282 0.122800 0.009958
v 0.034507 0.135617 0.013124
v 0.027646 0.113386 0.010540
v 0.017862 0.113276 0.010358
v 0.034507 0.135793 0.010207
v 0.033779 0.145407 0.014859
v 0.033779 0.145407 0.011845
v 0.034507 0.135617 0.013124
v 0.034282 0.123000 0.007016
v 0.034282 0.122800 0.009958
v 0.027646 0.114490 0.007732
v 0.027646 0.113386 0.010540
v 0.033779 0.145407 0.011845
v 0.027434 0.148313 0.017807
v 0.027434 0.148313 0.014459
v 0.033779 0.145407 0.014859
v 0.017662 0.147973 0.017728
v 0.017662 0.147973 0.014386
v 0.011153 0.144534 0.014774
v 0.011153 0.144534 0.011754
v 0.011153 0.144534 0.011754
v 0.010510 0.135563 0.012136
v 0.010510 0.135738 0.009224
v 0.011153 0.144534 0.014774
v 0.011608 0.122751 0.011105
v 0.011608 0.122945 0.008169
v 0.017862 0.113276 0.010358
v 0.017862 0.114380 0.007550
v 0.017862 0.114380 0.007550
v 0.027646 0.113386 0.010540
v 0.027646 0.114490 0.007732
v 0.017862 0.113276 0.010358
v 0.033779 0.145407 0.011845
v 0.022660 0.135520 0.012324
v 0.034507 0.135793 0.010207
v 0.027434 0.148313 0.014459
v 0.034282 0.123000 0.007016
v 0.017662 0.147973 0.014386
v 0.011153 0.144534 0.011754
v 0.010510 0.135738 0.009224
v 0.011608 0.122945 0.008169
v 0.027646 0.114490 0.007732
v 0.017862 0.114380 0.007550
v -0.027432 0.148313 0.017807
v -0.027377 0.135508 0.017462
v -0.033777 0.145407 0.014859
v -0.017903 0.135484 0.017267
v -0.017660 0.147973 0.017728
v -0.011151 0.144534 0.014774
v -0.017963 0.121957 0.014568
v -0.011606 0.122751 0.011105
v -0.010508 0.135563 0.012136
v -0.027511 0.121975 0.014617
v -0.034280 0.122800 0.009958
v -0.034505 0.135617 0.013124
v -0.027644 0.113386 0.010540
v -0.017860 0.113276 0.010358
v -0.034505 0.135793 0.010207
v -0.033777 0.145407 0.014859
v -0.034505 0.135617 0.013124
v -0.033777 0.145407 0.011845
v -0.034280 0.123000 0.007016
v -0.034280 0.122800 0.009958
v -0.027644 0.114490 0.007732
v -0.027644 0.113386 0.010540
v -0.033777 0.145407 0.011845
v -0.027432 0.148313 0.017807
v -0.033777 0.145407 0.014859
v -0.027432 0.148313 0.014459
v -0.017660 0.147973 0.017728
v -0.017660 0.147973 0.014386
v -0.011151 0.144534 0.014774
v -0.011151 0.144534 0.011754
v -0.011151 0.144534 0.011754
v -0.010508 0.135563 0.012136
v -0.011151 0.144534 0.014774
v -0.010508 0.135738 0.009224
v -0.011606 0.122751 0.011105
v -0.011606 0.122945 0.008169
v -0.017860 0.113276 0.010358
v -0.017860 0.114380 0.007550
v -0.017860 0.114380 0.007550
v -0.027644 0.113386 0.010540
v -0.017860 0.113276 0.010358
v -0.027644 0.114490 0.007732
v -0.033777 0.145407 0.011845
v -0.034505 0.135793 0.010207
v -0.022658 0.135520 0.012324
v -0.027432 0.148313 0.014459
v -0.034280 0.123000 0.007016
v -0.017660 0.147973 0.014386
v -0.011151 0.144534 0.011754
v -0.010508 0.135738 0.009224
v -0.011606 0.122945 0.008169
v -0.027644 0.114490 0.007732
v -0.017860 0.114380 0.007550
v 0.036223 0.101054 0.007968
v 0.043078 0.101084 -0.001373
v 0.036145 0.081922 0.006925
v 0.014144 0.081873 0.007222
v 0.013810 0.101054 0.008150
v 0.007028 0.101048 -0.001331
v 0.042599 0.081976 -0.001379
v 0.007720 0.081928 -0.000627
v 0.006701 0.081970 -0.007809
v 0.005445 0.101035 -0.008343
v 0.042708 0.082055 -0.013135
v 0.043642 0.101042 -0.013729
v 0.037188 0.101011 -0.026625
v 0.036721 0.082074 -0.026358
v 0.024134 0.100993 -0.029664
v 0.024304 0.082067 -0.029306
v 0.010856 0.082019 -0.023926
v 0.009631 0.101005 -0.024417
v 0.006701 0.081970 -0.007809
v 0.005445 0.101035 -0.008343
v 0.036223 0.101054 0.007968
v 0.024395 0.101035 -0.011260
v 0.043078 0.101084 -0.001373
v 0.013810 0.101054 0.008150
v 0.043642 0.101042 -0.013729
v 0.007028 0.101048 -0.001331
v 0.005445 0.101035 -0.008343
v 0.009631 0.101005 -0.024417
v 0.024134 0.100993 -0.029664
v 0.037188 0.101011 -0.026625
v 0.036145 0.081922 0.006925
v 0.024407 0.082007 -0.013268
v 0.014144 0.081873 0.007222
v 0.042599 0.081976 -0.001379
v 0.042708 0.082055 -0.013135
v 0.007720 0.081928 -0.000627
v 0.006701 0.081970 -0.007809
v 0.010856 0.082019 -0.023926
v 0.036721 0.082074 -0.026358
v 0.024304 0.082067 -0.029306
v -0.036222 0.101054 0.007968
v -0.036143 0.081922 0.006925
v -0.043082 0.101084 -0.001373
v -0.014148 0.081873 0.007222
v -0.013808 0.101054 0.008150
v -0.007026 0.101048 -0.001331
v -0.042597 0.081976 -0.001379
v -0.007724 0.081928 -0.000627
v -0.006699 0.081970 -0.007809
v -0.005443 0.101035 -0.008343
v -0.042706 0.082055 -0.013135
v -0.043640 0.101042 -0.013729
v -0.037186 0.101011 -0.026625
v -0.036725 0.082074 -0.026358
v -0.024138 0.100993 -0.029664
v -0.024308 0.082067 -0.029306
v -0.010854 0.082019 -0.023926
v -0.009635 0.101005 -0.024417
v -0.006699 0.081970 -0.007809
v -0.005443 0.101035 -0.008343
v -0.036222 0.101054 0.007968
v -0.043082 0.101084 -0.001373
v -0.024393 0.101035 -0.011260
v -0.013808 0.101054 0.008150
v -0.043640 0.101042 -0.013729
v -0.007026 0.101048 -0.001331
v -0.005443 0.101035 -0.008343
v -0.009635 0.101005 -0.024417
v -0.024138 0.100993 -0.029664
v -0.037186 0.101011 -0.026625
v -0.036143 0.081922 0.006925
v -0.014148 0.081873 0.007222
v -0.024405 0.082007 -0.013268
v -0.042597 0.081976 -0.001379
v -0.042706 0.082055 -0.013135
v -0.007724 0.081928 -0.000627
v -0.006699 0.081970 -0.007809
v -0.010854 0.082019 -0.023926
v -0.036725 0.082074 -0.026358
v -0.024308 0.082067 -0.029306
v 0.027549 0.226187 0.021550
v 0.027974 0.210992 0.021386
v 0.019421 0.221728 0.023358
v 0.013943 0.230627 0.023643
v 0.022308 0.233903 0.022072
v 0.010371 0.241467 0.024431
v 0.019378 0.241904 0.021665
v 0.035010 0.216609 0.019093
v 0.036872 0.202821 0.016491
v 0.039833 0.212448 0.014429
v 0.041319 0.199182 0.002072
v 0.043751 0.208299 0.002315
v 0.040755 0.213376 -0.014287
v 0.040809 0.204277 -0.014221
v 0.008660 0.240878 0.024577
v 0.012209 0.229984 0.023794
v 0.023970 0.234540 0.021932
v 0.021077 0.242431 0.021520
v 0.025359 0.232332 -0.031539
v 0.016515 0.230318 -0.033995
v 0.024255 0.219108 -0.031023
v 0.012754 0.240472 -0.031951
v 0.021047 0.241831 -0.029664
v 0.011426 0.251354 -0.028760
v 0.019245 0.251154 -0.026874
v 0.031365 0.224270 -0.028378
v 0.009673 0.251166 -0.028942
v 0.011280 0.240284 -0.032230
v 0.022884 0.242292 -0.028736
v 0.020980 0.250826 -0.026261
v 0.039590 0.216178 -0.021026
v 0.036763 0.208341 -0.022555
v 0.040755 0.213376 -0.014287
v 0.040809 0.204277 -0.014221
v 0.036290 0.164915 0.004650
v 0.047518 0.177520 0.006009
v 0.041943 0.164600 0.004590
v 0.038073 0.180317 0.006337
v 0.054664 0.201499 0.007689
v 0.055622 0.201311 -0.002131
v 0.042902 0.164466 -0.001367
v 0.048476 0.178066 -0.002034
v 0.058243 0.220145 -0.002234
v 0.056762 0.218981 0.008539
v 0.041064 0.166656 -0.010138
v 0.046645 0.178770 -0.012279
v 0.038498 0.181172 -0.012025
v 0.042502 0.197768 -0.014773
v 0.036521 0.166365 -0.009416
v 0.051989 0.196088 -0.014845
v 0.053942 0.197216 -0.008355
v 0.035550 0.164788 -0.001349
v 0.038073 0.180317 0.006337
v 0.036290 0.164915 0.004650
v 0.040366 0.197877 -0.015106
v 0.041228 0.222074 -0.015549
v 0.043405 0.221461 -0.002149
v 0.044054 0.220515 0.008769
v 0.043642 0.222098 -0.015549
v 0.044054 0.220515 0.008769
v 0.044054 0.220515 0.008769
v 0.043405 0.221461 -0.002149
v 0.045601 0.221364 -0.002149
v 0.043642 0.222098 -0.015549
v 0.047166 0.220794 0.004189
v 0.041228 0.222074 -0.015549
v 0.042902 0.164466 -0.001367
v 0.036290 0.164915 0.004650
v 0.041943 0.164600 0.004590
v 0.035550 0.164788 -0.001349
v 0.041064 0.166656 -0.010138
v 0.036521 0.166365 -0.009416
v 0.053942 0.197216 -0.008355
v 0.042502 0.197768 -0.014773
v 0.051989 0.196088 -0.014845
v 0.043072 0.199636 -0.008270
v 0.050933 0.201402 0.002212
v 0.046020 0.202415 0.001903
v 0.043678 0.203749 -0.002131
v 0.055622 0.201311 -0.002131
v 0.047166 0.220794 0.004189
v 0.045601 0.221364 -0.002149
v 0.043642 0.222098 -0.015549
v 0.054191 0.219745 0.002746
v 0.058243 0.220145 -0.002234
v 0.056762 0.218981 0.008539
v 0.054191 0.219745 0.002746
v 0.058243 0.220145 -0.002234
v 0.047166 0.220794 0.004189
v 0.044054 0.220515 0.008769
v -0.026025 0.226187 0.021550
v -0.017896 0.221728 0.023358
v -0.027602 0.210858 0.021429
v -0.012116 0.230627 0.023643
v -0.020481 0.233903 0.022072
v -0.008543 0.241467 0.024431
v -0.017551 0.241904 0.021665
v -0.034317 0.216864 0.019093
v -0.038023 0.202821 0.016491
v -0.040674 0.211896 0.014429
v -0.040692 0.200898 0.002072
v -0.042767 0.210191 0.002315
v -0.040771 0.213376 -0.014287
v -0.040389 0.204277 -0.014221
v -0.006832 0.240878 0.024577
v -0.010387 0.229984 0.023794
v -0.022143 0.234540 0.021932
v -0.019249 0.242431 0.021520
v -0.025358 0.232332 -0.031878
v -0.024260 0.219108 -0.030774
v -0.016513 0.230318 -0.033747
v -0.012753 0.240472 -0.031824
v -0.021045 0.241831 -0.029664
v -0.011424 0.251354 -0.028742
v -0.019243 0.251130 -0.026874
v -0.031369 0.224270 -0.028378
v -0.009677 0.251166 -0.028924
v -0.011127 0.240320 -0.032230
v -0.022513 0.242219 -0.028791
v -0.020978 0.250802 -0.026255
v -0.039588 0.216178 -0.021026
v -0.036767 0.208341 -0.022555
v -0.040771 0.213376 -0.014287
v -0.040389 0.204277 -0.014221
v -0.036288 0.164915 0.004650
v -0.047516 0.177520 0.006009
v -0.038072 0.180317 0.006337
v -0.041942 0.164600 0.004590
v -0.054662 0.201499 0.007689
v -0.055620 0.201311 -0.002131
v -0.042906 0.164466 -0.001367
v -0.048481 0.178066 -0.002034
v -0.058241 0.220145 -0.002234
v -0.056761 0.218981 0.008539
v -0.041068 0.166656 -0.010138
v -0.046643 0.178770 -0.012279
v -0.038496 0.181172 -0.012025
v -0.042500 0.197768 -0.014773
v -0.036519 0.166365 -0.009416
v -0.051987 0.196088 -0.014845
v -0.053940 0.197216 -0.008355
v -0.035548 0.164788 -0.001349
v -0.038072 0.180317 0.006337
v -0.036288 0.164915 0.004650
v -0.040365 0.197877 -0.015106
v -0.041226 0.222074 -0.015549
v -0.043404 0.221461 -0.002149
v -0.044059 0.220515 0.008769
v -0.043646 0.222098 -0.015549
v -0.044059 0.220515 0.008769
v -0.044059 0.220515 0.008769
v -0.045599 0.221364 -0.002149
v -0.043404 0.221461 -0.002149
v -0.043646 0.222098 -0.015549
v -0.047170 0.220794 0.004189
v -0.041226 0.222074 -0.015549
v -0.042906 0.164466 -0.001367
v -0.036288 0.164915 0.004650
v -0.035548 0.164788 -0.001349
v -0.041942 0.164600 0.004590
v -0.041068 0.166656 -0.010138
v -0.036519 0.166365 -0.009416
v -0.053940 0.197216 -0.008355
v -0.042500 0.197768 -0.014773
v -0.043070 0.199636 -0.008270
v -0.051987 0.196088 -0.014845
v -0.050931 0.201402 0.002212
v -0.046018 0.202415 0.001903
v -0.043676 0.203749 -0.002131
v -0.055620 0.201311 -0.002131
v -0.047170 0.220794 0.004189
v -0.045599 0.221364 -0.002149
v -0.043646 0.222098 -0.015549
v -0.054189 0.219745 0.002746
v -0.058241 0.220145 -0.002234
v -0.056761 0.218981 0.008539
v -0.058241 0.220145 -0.002234
v -0.054189 0.219745 0.002746
v -0.047170 0.220794 0.004189
v -0.044059 0.220515 0.008769
v -0.084858 0.285281 0.001769
v -0.080642 0.286033 0.003637
v -0.081352 0.283946 0.005894
v -0.083887 0.286688 -0.004582
v -0.085931 0.284692 -0.003963
v -0.078901 0.282866 0.007665
v -0.072277 0.281132 0.006968
v -0.073606 0.279506 0.007999
v -0.064877 0.274884 0.004220
v -0.065787 0.272730 0.005105
v -0.064294 0.270037 -0.004697
v -0.063524 0.272506 -0.005091
v -0.066860 0.272457 -0.014281
v -0.067697 0.269801 -0.014360
v -0.077069 0.275321 -0.018285
v -0.075462 0.277389 -0.017987
v -0.082389 0.279488 -0.016471
v -0.083074 0.284116 -0.012498
v -0.086362 0.283394 -0.009325
v -0.083948 0.280913 -0.014324
v -0.080642 0.286033 0.003637
v -0.083887 0.286688 -0.004582
v -0.078379 0.272251 -0.003138
v -0.072277 0.281132 0.006968
v -0.064877 0.274884 0.004220
v -0.063524 0.272506 -0.005091
v -0.083074 0.284116 -0.012498
v -0.075462 0.277389 -0.017987
v -0.066860 0.272457 -0.014281
v -0.102546 0.248922 0.009891
v -0.097238 0.245816 0.011274
v -0.093775 0.250099 0.002163
v -0.093289 0.242868 0.008405
v -0.092501 0.241170 0.003559
v -0.104463 0.248964 0.003395
v -0.094527 0.241424 -0.001227
v -0.099179 0.243547 -0.003381
v -0.103468 0.246829 -0.002228
v -0.103201 0.252021 0.008696
v -0.104463 0.248964 0.003395
v -0.103735 0.251378 0.003468
v -0.102546 0.248922 0.009891
v -0.102152 0.251603 0.011541
v -0.096086 0.247399 0.012657
v -0.097238 0.245816 0.011274
v -0.093289 0.242868 0.008405
v -0.091718 0.243832 0.009048
v -0.092501 0.241170 0.003559
v -0.090790 0.242146 0.003201
v -0.104287 0.250299 -0.001798
v -0.103468 0.246829 -0.002228
v -0.093265 0.242322 -0.002562
v -0.094527 0.241424 -0.001227
v -0.098464 0.244621 -0.005395
v -0.103177 0.248716 -0.004897
v -0.099179 0.243547 -0.003381
v -0.065787 0.272730 0.005105
v -0.096086 0.247399 0.012657
v -0.073606 0.279506 0.007999
v -0.091718 0.243832 0.009048
v -0.090790 0.242146 0.003201
v -0.064294 0.270037 -0.004697
v -0.067697 0.269801 -0.014360
v -0.093265 0.242322 -0.002562
v -0.098464 0.244621 -0.005395
v -0.077069 0.275321 -0.018285
v -0.095388 0.262546 -0.010223
v -0.103177 0.248716 -0.004897
v -0.102540 0.253835 -0.005013
v -0.096480 0.264408 -0.007305
v -0.104287 0.250299 -0.001798
v -0.102509 0.254351 -0.002968
v -0.085210 0.278469 -0.015355
v -0.082389 0.279488 -0.016471
v -0.083948 0.280913 -0.014324
v -0.087254 0.282387 -0.009410
v -0.086362 0.283394 -0.009325
v -0.103510 0.260477 0.007665
v -0.104966 0.263001 0.001751
v -0.104275 0.263728 0.007301
v -0.104153 0.259652 0.002091
v -0.104032 0.263995 0.009273
v -0.100107 0.269989 0.006100
v -0.100720 0.257165 0.010031
v -0.100847 0.269200 0.000368
v -0.098864 0.271869 -0.000251
v -0.098142 0.272645 0.005384
v -0.099810 0.270183 0.007877
v -0.089310 0.285663 0.002400
v -0.089061 0.285948 0.004323
v -0.104790 0.258815 -0.003587
v -0.105700 0.262200 -0.003939
v -0.101581 0.268411 -0.005358
v -0.099586 0.271093 -0.005886
v -0.105955 0.261927 -0.005746
v -0.102540 0.253835 -0.005013
v -0.102509 0.254351 -0.002968
v -0.101739 0.268114 -0.007142
v -0.090742 0.284128 -0.008761
v -0.090984 0.283880 -0.010690
v -0.103735 0.251378 0.003468
v -0.106034 0.255776 0.008575
v -0.103201 0.252021 0.008696
v -0.106659 0.254970 0.003407
v -0.103510 0.260477 0.007665
v -0.104153 0.259652 0.002091
v -0.107308 0.254126 -0.002295
v -0.104287 0.250299 -0.001798
v -0.104790 0.258815 -0.003587
v -0.100975 0.256905 0.008138
v -0.100720 0.257165 0.010031
v -0.102103 0.274878 0.003013
v -0.089486 0.288380 0.001466
v -0.099574 0.273677 0.004838
v -0.092088 0.289600 -0.000457
v -0.098142 0.272645 0.005384
v -0.089310 0.285663 0.002400
v -0.088121 0.287416 0.002000
v -0.103049 0.274841 -0.000105
v -0.093029 0.289575 -0.003423
v -0.092859 0.288775 -0.006426
v -0.102904 0.274016 -0.003259
v -0.090918 0.286840 -0.008422
v -0.101017 0.272124 -0.005152
v -0.099586 0.271093 -0.005886
v -0.090742 0.284128 -0.008761
v -0.089547 0.285881 -0.009149
v -0.106034 0.255776 0.008575
v -0.100975 0.256905 0.008138
v -0.103201 0.252021 0.008696
v -0.103510 0.260477 0.007665
v -0.103201 0.252021 0.008696
v -0.100975 0.256905 0.008138
v -0.100720 0.257165 0.010031
v -0.102152 0.251603 0.011541
v -0.093174 0.266519 0.011105
v -0.095983 0.267860 0.007641
v -0.082122 0.282078 0.008351
v -0.078901 0.282866 0.007665
v -0.081352 0.283946 0.005894
v -0.085931 0.283607 0.002242
v -0.084858 0.285281 0.001769
v -0.088121 0.287416 0.002000
v -0.085931 0.284692 -0.003963
v -0.084858 0.285281 0.001769
v -0.088855 0.286664 -0.003575
v -0.089547 0.285881 -0.009149
v -0.086362 0.283394 -0.009325
v -0.088121 0.287416 0.002000
v -0.089486 0.288380 0.001466
v -0.088855 0.286664 -0.003575
v -0.092088 0.289600 -0.000457
v -0.093029 0.289575 -0.003423
v -0.092859 0.288775 -0.006426
v -0.090918 0.286840 -0.008422
v -0.089547 0.285881 -0.009149
v -0.103049 0.274841 -0.000105
v -0.102103 0.274878 0.003013
v -0.098864 0.271869 -0.000251
v -0.099574 0.273677 0.004838
v -0.098142 0.272645 0.005384
v -0.102904 0.274016 -0.003259
v -0.101017 0.272124 -0.005152
v -0.099586 0.271093 -0.005886
v -0.104032 0.263995 0.009273
v -0.095983 0.267860 0.007641
v -0.100720 0.257165 0.010031
v -0.099810 0.270183 0.007877
v -0.095983 0.267860 0.007641
v -0.098379 0.270165 0.012124
v -0.093174 0.266519 0.011105
v -0.099810 0.270183 0.007877
v -0.093174 0.266519 0.011105
v -0.098379 0.270165 0.012124
v -0.082122 0.282078 0.008351
v -0.087636 0.285912 0.007871
v -0.099810 0.270183 0.007877
v -0.089061 0.285948 0.004323
v -0.085931 0.283607 0.002242
v -0.088121 0.287416 0.002000
v -0.084858 0.285281 0.001769
v -0.089310 0.285663 0.002400
v -0.082122 0.282078 0.008351
v -0.087636 0.285912 0.007871
v -0.085931 0.283607 0.002242
v -0.089061 0.285948 0.004323
v -0.089310 0.285663 0.002400
v -0.107308 0.254126 -0.002295
v -0.102509 0.254351 -0.002968
v -0.104790 0.258815 -0.003587
v -0.104287 0.250299 -0.001798
v -0.105955 0.261927 -0.005746
v -0.096480 0.264408 -0.007305
v -0.101739 0.268114 -0.007142
v -0.102540 0.253835 -0.005013
v -0.096480 0.264408 -0.007305
v -0.095388 0.262546 -0.010223
v -0.101399 0.266919 -0.011448
v -0.101739 0.268114 -0.007142
v -0.095388 0.262546 -0.010223
v -0.085210 0.278469 -0.015355
v -0.101399 0.266919 -0.011448
v -0.090663 0.282666 -0.014669
v -0.101739 0.268114 -0.007142
v -0.090984 0.283880 -0.010690
v -0.087254 0.282387 -0.009410
v -0.089547 0.285881 -0.009149
v -0.090742 0.284128 -0.008761
v -0.086362 0.283394 -0.009325
v -0.085210 0.278469 -0.015355
v -0.087254 0.282387 -0.009410
v -0.090663 0.282666 -0.014669
v -0.090984 0.283880 -0.010690
v -0.090742 0.284128 -0.008761
v -0.091482 0.288593 -0.001525
v -0.089110 0.286457 -0.003551
v -0.089729 0.287343 -0.001585
v -0.091997 0.288077 -0.005383
v -0.090244 0.286821 -0.005449
v -0.092616 0.288963 -0.003417
v -0.103177 0.273980 0.000010
v -0.091997 0.288077 -0.005383
v -0.092616 0.288963 -0.003417
v -0.102558 0.273094 -0.001955
v -0.090244 0.286821 -0.005449
v -0.100805 0.271845 -0.002022
v -0.089110 0.286457 -0.003551
v -0.099677 0.271475 -0.000123
v -0.102042 0.273616 0.001909
v -0.091482 0.288593 -0.001525
v -0.100289 0.272360 0.001842
v -0.089729 0.287343 -0.001585
v -0.099677 0.271475 -0.000123
v -0.089110 0.286457 -0.003551
v -0.103177 0.273980 0.000010
v -0.103237 0.272742 -0.002435
v -0.102558 0.273094 -0.001955
v -0.104050 0.273901 0.000137
v -0.100945 0.271105 -0.002519
v -0.100805 0.271845 -0.002022
v -0.099458 0.270626 -0.000039
v -0.099677 0.271475 -0.000123
v -0.102042 0.273616 0.001909
v -0.102564 0.273422 0.002624
v -0.100289 0.272360 0.001842
v -0.100271 0.271784 0.002533
v -0.099677 0.271475 -0.000123
v -0.099458 0.270626 -0.000039
v -0.105670 0.269552 0.000938
v -0.103237 0.272742 -0.002435
v -0.104050 0.273901 0.000137
v -0.105124 0.268994 -0.000318
v -0.100945 0.271105 -0.002519
v -0.103777 0.268029 -0.000366
v -0.099458 0.270626 -0.000039
v -0.103013 0.267653 0.000841
v -0.104802 0.269321 0.002109
v -0.102564 0.273422 0.002624
v -0.103450 0.268357 0.002060
v -0.100271 0.271784 0.002533
v -0.103013 0.267653 0.000841
v -0.099458 0.270626 -0.000039
v -0.105124 0.268994 -0.000318
v -0.105670 0.269552 0.000938
v -0.104384 0.268539 0.000902
v -0.103777 0.268029 -0.000366
v -0.103013 0.267653 0.000841
v -0.103450 0.268357 0.002060
v -0.104802 0.269321 0.002109
v -0.106555 0.265464 0.001605
v -0.105627 0.267423 0.000611
v -0.105828 0.267708 0.001205
v -0.105051 0.267010 0.000586
v -0.104687 0.266895 0.001163
v -0.105470 0.267580 0.001787
v -0.104893 0.267168 0.001763
v -0.104687 0.266895 0.001163
v -0.104214 0.270353 0.000635
v -0.103959 0.269971 -0.000220
v -0.103225 0.269443 -0.000245
v -0.102740 0.269297 0.000580
v -0.103001 0.269667 0.001442
v -0.102740 0.269297 0.000580
v -0.103735 0.270195 0.001466
v -0.106628 0.252810 0.012900
v -0.105166 0.255600 0.010680
v -0.106058 0.256583 0.012324
v -0.103353 0.254490 0.011305
v -0.104802 0.256080 0.013913
v -0.103116 0.254775 0.013288
v -0.103353 0.254490 0.011305
v -0.106058 0.256583 0.012324
v -0.094260 0.271335 0.007253
v -0.095164 0.272306 0.008775
v -0.105166 0.255600 0.010680
v -0.092756 0.270407 0.007811
v -0.103353 0.254490 0.011305
v -0.104802 0.256080 0.013913
v -0.093896 0.271814 0.010480
v -0.103116 0.254775 0.013288
v -0.092513 0.270692 0.009812
v -0.103353 0.254490 0.011305
v -0.092756 0.270407 0.007811
v -0.108157 0.250384 -0.005565
v -0.106859 0.253210 -0.007815
v -0.107872 0.254132 -0.006214
v -0.104869 0.252294 -0.007172
v -0.106525 0.253781 -0.004636
v -0.104651 0.252634 -0.005225
v -0.104869 0.252294 -0.007172
v -0.107872 0.254132 -0.006214
v -0.096771 0.269582 -0.011527
v -0.097802 0.270486 -0.010047
v -0.106859 0.253210 -0.007815
v -0.094903 0.268102 -0.010933
v -0.104869 0.252294 -0.007172
v -0.106525 0.253781 -0.004636
v -0.096438 0.270152 -0.008355
v -0.104651 0.252634 -0.005225
v -0.094133 0.268539 -0.008525
v -0.104869 0.252294 -0.007172
v -0.094903 0.268102 -0.010933
v 0.106011 0.257948 0.005591
v 0.102105 0.262467 0.005293
v 0.102784 0.262770 0.004626
v 0.105332 0.257644 0.006258
v 0.105332 0.257644 0.006258
v 0.101601 0.261994 0.004572
v 0.102105 0.262467 0.005293
v 0.104829 0.257178 0.005530
v 0.104829 0.257178 0.005530
v 0.102281 0.262297 0.003904
v 0.101601 0.261994 0.004572
v 0.105508 0.257481 0.004863
v 0.105508 0.257481 0.004863
v 0.102784 0.262770 0.004626
v 0.102281 0.262297 0.003904
v 0.106011 0.257948 0.005591
v 0.105332 0.257644 0.006258
v 0.106011 0.257948 0.005591
v 0.107643 0.254108 0.006258
v 0.104829 0.257178 0.005530
v 0.105332 0.257644 0.006258
v 0.107643 0.254108 0.006258
v 0.105508 0.257481 0.004863
v 0.104829 0.257178 0.005530
v 0.107643 0.254108 0.006258
v 0.106011 0.257948 0.005591
v 0.105508 0.257481 0.004863
v 0.107643 0.254108 0.006258
v 0.100370 0.269801 -0.001294
v 0.098041 0.274568 -0.000827
v 0.097519 0.273840 -0.002240
v 0.100813 0.270431 0.000083
v 0.097325 0.274356 0.000544
v 0.100194 0.270298 0.001490
v 0.096737 0.273580 -0.000851
v 0.099588 0.269552 0.000052
v 0.099588 0.269552 0.000052
v 0.096737 0.273580 -0.000851
v 0.103197 0.266731 -0.000918
v 0.102202 0.265124 -0.001555
v 0.104380 0.266859 0.001023
v 0.100704 0.270462 -0.001555
v 0.101383 0.271451 0.000022
v 0.102445 0.267035 0.002685
v 0.100564 0.271123 0.001630
v 0.101517 0.265852 0.003795
v 0.102627 0.264378 0.001156
v 0.102202 0.265124 -0.001555
v 0.099163 0.269273 -0.001931
v 0.101517 0.265852 0.003795
v 0.098999 0.270079 0.001963
v 0.099054 0.269582 -0.000014
v 0.102627 0.264378 0.001156
v 0.102202 0.265124 -0.001555
v 0.099054 0.269582 -0.000014
v 0.100704 0.270462 -0.001555
v 0.100813 0.270431 0.000083
v 0.100370 0.269801 -0.001294
v 0.101383 0.271451 0.000022
v 0.100194 0.270298 0.001490
v 0.100564 0.271123 0.001630
v 0.098999 0.270079 0.001963
v 0.099054 0.269582 -0.000014
v 0.099588 0.269552 0.000052
v 0.099163 0.269273 -0.001931
v 0.099054 0.269582 -0.000014
v 0.099588 0.269552 0.000052
v 0.106157 0.257905 0.002406
v 0.102251 0.262418 0.002115
v 0.102930 0.262722 0.001448
v 0.105478 0.257602 0.003073
v 0.105478 0.257602 0.003073
v 0.101747 0.261951 0.001387
v 0.102251 0.262418 0.002115
v 0.104974 0.257129 0.002351
v 0.104974 0.257129 0.002351
v 0.102426 0.262255 0.000720
v 0.101747 0.261951 0.001387
v 0.105653 0.257432 0.001684
v 0.105653 0.257432 0.001684
v 0.102930 0.262722 0.001448
v 0.102426 0.262255 0.000720
v 0.106157 0.257905 0.002406
v 0.105478 0.257602 0.003073
v 0.106157 0.257905 0.002406
v 0.107789 0.254059 0.003073
v 0.104974 0.257129 0.002351
v 0.105478 0.257602 0.003073
v 0.107789 0.254059 0.003073
v 0.105653 0.257432 0.001684
v 0.104974 0.257129 0.002351
v 0.107789 0.254059 0.003073
v 0.106157 0.257905 0.002406
v 0.105653 0.257432 0.001684
v 0.107789 0.254059 0.003073
v 0.106296 0.257450 -0.001015
v 0.102390 0.261970 -0.001306
v 0.103069 0.262273 -0.001974
v 0.105617 0.257147 -0.000348
v 0.105617 0.257147 -0.000348
v 0.101887 0.261502 -0.002034
v 0.102390 0.261970 -0.001306
v 0.105114 0.256680 -0.001070
v 0.105114 0.256680 -0.001070
v 0.102566 0.261800 -0.002701
v 0.101887 0.261502 -0.002034
v 0.105793 0.256983 -0.001737
v 0.105793 0.256983 -0.001737
v 0.103069 0.262273 -0.001974
v 0.102566 0.261800 -0.002701
v 0.106296 0.257450 -0.001015
v 0.105617 0.257147 -0.000348
v 0.106296 0.257450 -0.001015
v 0.107928 0.253611 -0.000342
v 0.105114 0.256680 -0.001070
v 0.105617 0.257147 -0.000348
v 0.107928 0.253611 -0.000342
v 0.105793 0.256983 -0.001737
v 0.105114 0.256680 -0.001070
v 0.107928 0.253611 -0.000342
v 0.106296 0.257450 -0.001015
v 0.105793 0.256983 -0.001737
v 0.107928 0.253611 -0.000342
v 0.082749 0.284838 0.003043
v 0.078472 0.282436 0.006458
v 0.080947 0.286300 0.003182
v 0.072224 0.281259 0.007538
v 0.083064 0.286712 -0.004345
v 0.073092 0.279130 0.008508
v 0.064490 0.275230 0.003559
v 0.065042 0.272833 0.004396
v 0.063465 0.271062 -0.004661
v 0.063053 0.273786 -0.005043
v 0.085697 0.285354 -0.003793
v 0.066977 0.272955 -0.013493
v 0.067614 0.270443 -0.013541
v 0.076373 0.275715 -0.017927
v 0.075360 0.278002 -0.017593
v 0.081178 0.279615 -0.014803
v 0.082257 0.283952 -0.012055
v 0.084520 0.282994 -0.010781
v 0.080947 0.286300 0.003182
v 0.077938 0.272973 -0.003247
v 0.083064 0.286712 -0.004345
v 0.072224 0.281259 0.007538
v 0.064490 0.275230 0.003559
v 0.063053 0.273786 -0.005043
v 0.082257 0.283952 -0.012055
v 0.075360 0.278002 -0.017593
v 0.066977 0.272955 -0.013493
v 0.101480 0.248443 0.009430
v 0.093528 0.250117 0.001781
v 0.096991 0.245646 0.010935
v 0.093067 0.242729 0.007890
v 0.092278 0.241103 0.003013
v 0.103549 0.250001 0.003152
v 0.094298 0.241443 -0.001761
v 0.098963 0.243596 -0.003672
v 0.103069 0.246787 -0.002580
v 0.103118 0.252094 0.007902
v 0.103888 0.252064 0.003152
v 0.103549 0.250001 0.003152
v 0.101480 0.248443 0.009430
v 0.100843 0.250523 0.010995
v 0.095863 0.247187 0.011584
v 0.096991 0.245646 0.010935
v 0.093067 0.242729 0.007890
v 0.091393 0.243978 0.008551
v 0.092278 0.241103 0.003013
v 0.090301 0.241922 0.002667
v 0.104549 0.251427 -0.001591
v 0.103069 0.246787 -0.002580
v 0.092387 0.241885 -0.003090
v 0.094298 0.241443 -0.001761
v 0.098241 0.244718 -0.005540
v 0.102869 0.248418 -0.004806
v 0.098963 0.243596 -0.003672
v 0.065042 0.272833 0.004396
v 0.095863 0.247187 0.011584
v 0.091393 0.243978 0.008551
v 0.073092 0.279130 0.008508
v 0.100843 0.250523 0.010995
v 0.078472 0.282436 0.006458
v 0.100892 0.257456 0.009788
v 0.082749 0.284838 0.003043
v 0.090301 0.241922 0.002667
v 0.063465 0.271062 -0.004661
v 0.103118 0.252094 0.007902
v 0.101153 0.257226 0.007896
v 0.067614 0.270443 -0.013541
v 0.092387 0.241885 -0.003090
v 0.098241 0.244718 -0.005540
v 0.076373 0.275715 -0.017927
v 0.102869 0.248418 -0.004806
v 0.081178 0.279615 -0.014803
v 0.103458 0.255764 -0.005237
v 0.084520 0.282994 -0.010781
v 0.104549 0.251427 -0.001591
v 0.103227 0.256037 -0.003344
v 0.102469 0.260386 0.007429
v 0.104216 0.262230 0.001642
v 0.103185 0.259646 0.001854
v 0.103530 0.262934 0.007198
v 0.098229 0.270686 0.004305
v 0.098787 0.270110 -0.000105
v 0.103282 0.263189 0.009163
v 0.087535 0.286421 0.000477
v 0.087098 0.286888 0.003929
v 0.100892 0.257456 0.009788
v 0.101153 0.257226 0.007896
v 0.103900 0.258900 -0.003727
v 0.104950 0.261454 -0.003896
v 0.099357 0.269509 -0.004509
v 0.105211 0.261187 -0.005862
v 0.088578 0.285341 -0.007639
v 0.089021 0.284886 -0.011097
v 0.103458 0.255764 -0.005237
v 0.103227 0.256037 -0.003344
v 0.082749 0.284838 0.003043
v 0.087535 0.286421 0.000477
v 0.085697 0.285354 -0.003793
v 0.088075 0.285899 -0.003581
v 0.088578 0.285341 -0.007639
v 0.084520 0.282994 -0.010781
v 0.103888 0.252064 0.003152
v 0.105423 0.255940 0.008375
v 0.106127 0.255218 0.002819
v 0.103118 0.252094 0.007902
v 0.102469 0.260386 0.007429
v 0.103185 0.259646 0.001854
v 0.106848 0.254460 -0.002726
v 0.104549 0.251427 -0.001591
v 0.103900 0.258900 -0.003727
v 0.103282 0.263189 0.009163
v 0.082749 0.284838 0.003043
v 0.087098 0.286888 0.003929
v 0.100892 0.257456 0.009788
v 0.089785 0.288034 0.000768
v 0.099218 0.274459 -0.000633
v 0.098702 0.274932 0.003971
v 0.090361 0.287483 -0.003502
v 0.090883 0.286894 -0.007773
v 0.099873 0.273713 -0.005176
v 0.105423 0.255940 0.008375
v 0.101153 0.257226 0.007896
v 0.102469 0.260386 0.007429
v 0.103118 0.252094 0.007902
v 0.089785 0.288034 0.000768
v 0.098229 0.270686 0.004305
v 0.087535 0.286421 0.000477
v 0.098702 0.274932 0.003971
v 0.087535 0.286421 0.000477
v 0.090361 0.287483 -0.003502
v 0.089785 0.288034 0.000768
v 0.088075 0.285899 -0.003581
v 0.088578 0.285341 -0.007639
v 0.090883 0.286894 -0.007773
v 0.099218 0.274459 -0.000633
v 0.098229 0.270686 0.004305
v 0.098702 0.274932 0.003971
v 0.098787 0.270110 -0.000105
v 0.099357 0.269509 -0.004509
v 0.099873 0.273713 -0.005176
v 0.105211 0.261187 -0.005862
v 0.084520 0.282994 -0.010781
v 0.103458 0.255764 -0.005237
v 0.089021 0.284886 -0.011097
v 0.106848 0.254460 -0.002726
v 0.103227 0.256037 -0.003344
v 0.104549 0.251427 -0.001591
v 0.103900 0.258900 -0.003727
v 0.090883 0.286894 -0.007773
v 0.099357 0.269509 -0.004509
v 0.099873 0.273713 -0.005176
v 0.088578 0.285341 -0.007639
v 0.028483 0.263262 0.020203
v 0.034865 0.250141 0.022496
v 0.030995 0.264020 0.022393
v 0.032359 0.249383 0.020300
v 0.024559 0.262085 0.021738
v 0.028435 0.248200 0.021835
v 0.034464 0.249977 0.025826
v 0.030588 0.263856 0.025729
v 0.030540 0.248794 0.027361
v 0.026670 0.262679 0.027264
v 0.027980 0.248170 0.025171
v 0.024110 0.262048 0.025074
v 0.028435 0.248200 0.021835
v 0.024559 0.262085 0.021738
v 0.025566 0.270650 0.021969
v 0.030995 0.264020 0.022393
v 0.026858 0.271008 0.023164
v 0.028483 0.263262 0.020203
v 0.024110 0.270249 0.022533
v 0.024559 0.262085 0.021738
v 0.030588 0.263856 0.025729
v 0.026694 0.270971 0.024923
v 0.026670 0.262679 0.027264
v 0.025238 0.270571 0.025487
v 0.024110 0.262048 0.025074
v 0.023946 0.270213 0.024292
v 0.024559 0.262085 0.021738
v 0.024110 0.270249 0.022533
v 0.025153 0.271165 0.023752
v 0.026858 0.271008 0.023164
v 0.023946 0.270213 0.024292
v 0.025238 0.270571 0.025487
v 0.026694 0.270971 0.024923
v 0.032438 0.247957 0.021920
v 0.034865 0.250141 0.022496
v 0.032359 0.249383 0.020300
v 0.033882 0.248418 0.023127
v 0.034464 0.249977 0.025826
v 0.033676 0.248358 0.025056
v 0.030540 0.248794 0.027361
v 0.031395 0.247654 0.025930
v 0.027980 0.248170 0.025171
v 0.030006 0.247272 0.024638
v 0.028435 0.248200 0.021835
v 0.030267 0.247290 0.022787
v 0.030267 0.247290 0.022787
v 0.028435 0.248200 0.021835
v 0.033882 0.248418 0.023127
v 0.031395 0.247654 0.025930
v 0.033676 0.248358 0.025056
v 0.030006 0.247272 0.024638
v 0.030267 0.247290 0.022787
v 0.032438 0.247957 0.021920
v 0.034865 0.258591 -0.000069
v 0.034337 0.249334 -0.018054
v 0.038407 0.249377 -0.001616
v 0.032299 0.258124 -0.015052
v 0.025238 0.248085 -0.027111
v 0.023849 0.256941 -0.022009
v 0.012888 0.255503 -0.026486
v 0.014489 0.246726 -0.031254
v -0.000026 0.254387 -0.028851
v -0.000014 0.245877 -0.033334
v -0.014566 0.245865 -0.031787
v -0.013620 0.253926 -0.027317
v -0.027329 0.245889 -0.027529
v -0.026722 0.253671 -0.024727
v -0.035348 0.253550 -0.015440
v -0.036937 0.245325 -0.017563
v -0.038363 0.252513 -0.002689
v -0.040134 0.243911 -0.002598
v 0.032566 0.258257 -0.015403
v 0.028817 0.269449 -0.010411
v 0.036715 0.258633 0.000156
v 0.021447 0.269012 -0.017344
v 0.032578 0.269309 0.002558
v -0.032503 0.264584 -0.012753
v -0.036149 0.253495 -0.016714
v -0.038836 0.252743 -0.002435
v -0.025036 0.265433 -0.018206
v -0.035585 0.262127 -0.000057
v 0.034865 0.258591 -0.000069
v 0.038407 0.249377 -0.001616
v 0.035307 0.255085 0.012876
v 0.039232 0.245440 0.011893
v 0.027337 0.240096 0.021556
v 0.026027 0.249443 0.022060
v 0.013288 0.245519 0.027240
v 0.014150 0.235844 0.026112
v 0.000022 0.244142 0.028732
v 0.000028 0.234570 0.027519
v -0.014214 0.234394 0.026542
v -0.013905 0.243177 0.027046
v -0.027487 0.236905 0.022229
v -0.026929 0.245027 0.022290
v -0.036670 0.249389 0.012403
v -0.037999 0.241485 0.012548
v -0.040134 0.243911 -0.002598
v -0.038363 0.252513 -0.002689
v 0.021417 0.269109 -0.018503
v 0.010910 0.267860 -0.021020
v 0.012852 0.255825 -0.028172
v 0.023831 0.257153 -0.023604
v -0.000020 0.254751 -0.030550
v -0.000518 0.266695 -0.022264
v -0.012540 0.265979 -0.021033
v -0.013687 0.254217 -0.029209
v -0.025060 0.265633 -0.019261
v -0.026892 0.253884 -0.026589
v 0.032578 0.266689 0.012700
v 0.032578 0.269309 0.002558
v 0.036411 0.255521 0.012979
v 0.036715 0.258633 0.000156
v 0.026336 0.249328 0.023048
v 0.023988 0.262048 0.021156
v 0.012670 0.258445 0.027858
v 0.013191 0.245143 0.028435
v 0.010741 0.244852 0.028750
v 0.009133 0.258057 0.028508
v -0.033874 0.259846 0.012742
v -0.037483 0.249553 0.013149
v -0.035585 0.262127 -0.000057
v -0.038836 0.252743 -0.002435
v -0.027656 0.244924 0.023103
v -0.024059 0.257008 0.022060
v -0.013214 0.256140 0.028459
v -0.013820 0.242819 0.028417
v -0.008494 0.243056 0.029120
v -0.009592 0.256353 0.028963
v -0.009568 0.256359 0.030145
v 0.000022 0.243626 0.031468
v -0.008470 0.243062 0.030303
v -0.000008 0.256953 0.031559
v 0.009157 0.258069 0.029690
v 0.010765 0.244864 0.029933
v 0.023849 0.256941 -0.022009
v 0.032299 0.258124 -0.015052
v 0.032566 0.258257 -0.015403
v 0.036715 0.258633 0.000156
v 0.034865 0.258591 -0.000069
v 0.012852 0.255825 -0.028172
v 0.023831 0.257153 -0.023604
v 0.012888 0.255503 -0.026486
v -0.000020 0.254751 -0.030550
v -0.000026 0.254387 -0.028851
v -0.013687 0.254217 -0.029209
v -0.013620 0.253926 -0.027317
v -0.026892 0.253884 -0.026589
v -0.026722 0.253671 -0.024727
v -0.035348 0.253550 -0.015440
v -0.036149 0.253495 -0.016714
v -0.038836 0.252743 -0.002435
v -0.038363 0.252513 -0.002689
v 0.036411 0.255521 0.012979
v 0.034865 0.258591 -0.000069
v 0.035307 0.255085 0.012876
v 0.036715 0.258633 0.000156
v 0.026336 0.249328 0.023048
v 0.026027 0.249443 0.022060
v 0.013191 0.245143 0.028435
v 0.013288 0.245519 0.027240
v 0.010741 0.244852 0.028750
v 0.000016 0.243620 0.030285
v 0.000022 0.244142 0.028732
v -0.008494 0.243056 0.029120
v -0.013905 0.243177 0.027046
v 0.010765 0.244864 0.029933
v 0.000022 0.243626 0.031468
v -0.008470 0.243062 0.030303
v -0.013820 0.242819 0.028417
v -0.027656 0.244924 0.023103
v -0.026929 0.245027 0.022290
v -0.037483 0.249553 0.013149
v -0.036670 0.249389 0.012403
v -0.038836 0.252743 -0.002435
v -0.038363 0.252513 -0.002689
v 0.024668 0.267817 0.002552
v 0.032578 0.266689 0.012700
v 0.023703 0.266137 0.010237
v 0.032578 0.269309 0.002558
v 0.023988 0.262048 0.021156
v 0.020416 0.262127 0.016085
v 0.012670 0.258445 0.027858
v 0.010716 0.258724 0.021671
v 0.009133 0.258057 0.028508
v -0.000020 0.257111 0.025948
v -0.000008 0.256947 0.030382
v -0.009592 0.256353 0.028963
v -0.000008 0.256953 0.031559
v 0.009157 0.258069 0.029690
v -0.009568 0.256359 0.030145
v -0.013214 0.256140 0.028459
v -0.011048 0.256565 0.022587
v -0.024059 0.257008 0.022060
v -0.020341 0.257493 0.017189
v -0.033874 0.259846 0.012742
v -0.028767 0.259980 0.009831
v -0.035585 0.262127 -0.000057
v -0.032279 0.261963 0.000083
v 0.017425 0.267247 -0.012904
v 0.028817 0.269449 -0.010411
v 0.025735 0.268599 -0.007117
v 0.021447 0.269012 -0.017344
v 0.032578 0.269309 0.002558
v 0.024668 0.267817 0.002552
v 0.021417 0.269109 -0.018503
v 0.009728 0.266028 -0.014166
v 0.010910 0.267860 -0.021020
v 0.000016 0.264978 -0.016119
v -0.000518 0.266695 -0.022264
v -0.011697 0.264390 -0.014421
v -0.012540 0.265979 -0.021033
v -0.025036 0.265433 -0.018206
v -0.025060 0.265633 -0.019261
v 0.021447 0.269012 -0.017344
v -0.022646 0.264899 -0.013201
v -0.028851 0.264475 -0.009058
v -0.025036 0.265433 -0.018206
v -0.022646 0.264899 -0.013201
v -0.032503 0.264584 -0.012753
v -0.032279 0.261963 0.000083
v -0.035585 0.262127 -0.000057
v 0.033973 0.248224 -0.002004
v 0.034337 0.249334 -0.018054
v 0.029339 0.248982 -0.015470
v 0.038407 0.249377 -0.001616
v 0.025238 0.248085 -0.027111
v 0.020337 0.247296 -0.023319
v 0.014489 0.246726 -0.031254
v 0.011644 0.246198 -0.026965
v -0.000014 0.245877 -0.033334
v -0.000014 0.245513 -0.028651
v -0.014566 0.245865 -0.031787
v -0.011849 0.245513 -0.027104
v -0.027329 0.245889 -0.027529
v -0.022743 0.245501 -0.023022
v -0.036937 0.245325 -0.017563
v -0.031848 0.245579 -0.014857
v -0.040134 0.243911 -0.002598
v -0.034450 0.243832 -0.002756
v 0.011384 0.237275 0.020458
v 0.027337 0.240096 0.021556
v 0.022878 0.240715 0.016600
v 0.014150 0.235844 0.026112
v 0.000016 0.235735 0.021592
v 0.000028 0.234570 0.027519
v 0.039232 0.245440 0.011893
v 0.031534 0.245040 0.008927
v 0.038407 0.249377 -0.001616
v 0.033973 0.248224 -0.002004
v -0.011564 0.236105 0.020804
v -0.014214 0.234394 0.026542
v -0.022191 0.238167 0.017249
v -0.027487 0.236905 0.022229
v -0.031593 0.241449 0.009491
v -0.037999 0.241485 0.012548
v -0.034450 0.243832 -0.002756
v -0.040134 0.243911 -0.002598
v 0.023831 0.257153 -0.023604
v 0.021447 0.269012 -0.017344
v 0.021417 0.269109 -0.018503
v 0.023849 0.256941 -0.022009
v -0.025060 0.265633 -0.019261
v -0.026722 0.253671 -0.024727
v -0.026892 0.253884 -0.026589
v -0.025036 0.265433 -0.018206
v 0.009157 0.258069 0.029690
v 0.010741 0.244852 0.028750
v 0.010765 0.244864 0.029933
v 0.009133 0.258057 0.028508
v -0.008470 0.243062 0.030303
v -0.009592 0.256353 0.028963
v -0.009568 0.256359 0.030145
v -0.008494 0.243056 0.029120
v 0.047166 0.245664 0.012227
v 0.033403 0.268375 0.012227
v 0.040924 0.270207 0.012227
v 0.040894 0.232793 0.012227
v 0.040924 0.270207 -0.012055
v 0.047166 0.245664 -0.012055
v 0.033136 0.268448 -0.012055
v 0.040718 0.233090 -0.012055
v 0.033403 0.268375 0.012227
v 0.052401 0.235134 0.012227
v 0.045662 0.231822 0.012227
v 0.046560 0.231968 -0.012055
v 0.033136 0.268448 -0.012055
v 0.052401 0.235134 -0.012055
v 0.045662 0.231822 0.012227
v 0.046560 0.231968 -0.012055
v 0.040894 0.232793 0.012227
v 0.040718 0.233090 -0.012055
v 0.033403 0.268375 0.012227
v 0.040718 0.233090 -0.012055
v 0.033136 0.268448 -0.012055
v 0.040894 0.232793 0.012227
v -0.033401 0.268375 0.012227
v -0.047170 0.245664 0.012227
v -0.040929 0.270207 0.012227
v -0.040892 0.232793 0.012227
v -0.040929 0.270207 -0.012055
v -0.047170 0.245664 -0.012055
v -0.033140 0.268448 -0.012055
v -0.040716 0.233090 -0.012055
v -0.033401 0.268375 0.012227
v -0.052399 0.235134 0.012227
v -0.045666 0.231822 0.012227
v -0.046564 0.231968 -0.012055
v -0.033140 0.268448 -0.012055
v -0.052399 0.235134 -0.012055
v -0.045666 0.231822 0.012227
v -0.046564 0.231968 -0.012055
v -0.040892 0.232793 0.012227
v -0.040716 0.233090 -0.012055
v -0.040716 0.233090 -0.012055
v -0.033401 0.268375 0.012227
v -0.033140 0.268448 -0.012055
v -0.040892 0.232793 0.012227
vt 0.756441 0.017873
vt 0.757410 0.059523
vt 0.811652 0.058554
vt 0.806809 0.014967
vt 0.715759 0.025622
vt 0.811652 0.094393
vt 0.713822 0.064366
vt 0.669266 0.087613
vt 0.671203 0.045962
vt 0.622773 0.060492
vt 0.618898 0.108922
vt 0.575311 0.064366
vt 0.572405 0.106985
vt 0.866863 0.054680
vt 0.861051 0.015935
vt 0.874611 0.104079
vt 0.901733 0.013998
vt 0.903670 0.051774
vt 0.914325 0.106016
vt 0.954037 0.102142
vt 0.930791 0.166070
vt 0.967598 0.160259
vt 0.873643 0.151541
vt 0.813589 0.134106
vt 0.747724 0.115703
vt 0.745786 0.173819
vt 0.708979 0.117640
vt 0.705105 0.174788
vt 0.744818 0.245496
vt 0.701230 0.250339
vt 0.816495 0.182536
vt 0.808746 0.251308
vt 0.803903 0.344294
vt 0.741912 0.336546
vt 0.863957 0.206752
vt 0.665392 0.185442
vt 0.662486 0.258088
vt 0.870737 0.174788
vt 0.913356 0.225156
vt 0.851365 0.265837
vt 0.897858 0.280366
vt 0.979222 0.253245
vt 0.955975 0.300707
vt 0.927885 0.371416
vt 0.879455 0.354949
vt 0.837804 0.346232
vt 0.792280 0.384008
vt 0.830055 0.387882
vt 0.904639 0.418878
vt 0.869768 0.397568
vt 0.824244 0.431470
vt 0.859114 0.434375
vt 0.883329 0.443093
vt 0.906576 0.448905
vt 0.788405 0.425658
vt 0.823275 0.449873
vt 0.860082 0.450842
vt 0.906576 0.463434
vt 0.785499 0.444061
vt 0.764190 0.422752
vt 0.739006 0.388851
vt 0.725445 0.418878
vt 0.691544 0.398537
vt 0.688638 0.414034
vt 0.696387 0.330734
vt 0.661517 0.333640
vt 0.626647 0.265837
vt 0.626647 0.336546
vt 0.658611 0.397568
vt 0.623741 0.400474
vt 0.584997 0.342357
vt 0.593714 0.269711
vt 0.595652 0.214501
vt 0.622773 0.199972
vt 0.570468 0.225156
vt 0.565625 0.264868
vt 0.558844 0.340420
vt 0.561750 0.395631
vt 0.588871 0.400474
vt 0.667329 0.137981
vt 0.620835 0.154447
vt 0.643113 0.125389
vt 0.617930 0.136043
vt 0.602432 0.157353
vt 0.573373 0.427595
vt 0.584028 0.428564
vt 0.606306 0.421783
vt 0.587903 0.443093
vt 0.625678 0.435344
vt 0.630521 0.415972
vt 0.659580 0.434375
vt 0.659580 0.414034
vt 0.694450 0.433407
vt 0.738037 0.439218
vt 0.578217 0.152510
vt 0.570468 0.138949
vt 0.570468 0.150572
vt 0.578217 0.152510
vt 0.602432 0.157353
vt 0.617930 0.136043
vt 0.618898 0.108922
vt 0.622773 0.060492
vt 0.669266 0.087613
vt 0.671203 0.045962
vt 0.715759 0.025622
vt 0.713822 0.064366
vt 0.757410 0.059523
vt 0.756441 0.017873
vt 0.811652 0.058554
vt 0.806809 0.014967
vt 0.811652 0.094393
vt 0.866863 0.054680
vt 0.861051 0.015935
vt 0.874611 0.104079
vt 0.901733 0.013998
vt 0.903670 0.051774
vt 0.914325 0.106016
vt 0.930791 0.166070
vt 0.813589 0.134106
vt 0.747724 0.115703
vt 0.745786 0.173819
vt 0.708979 0.117640
vt 0.705105 0.174788
vt 0.873643 0.151541
vt 0.744818 0.245496
vt 0.701230 0.250339
vt 0.816495 0.182536
vt 0.808746 0.251308
vt 0.803903 0.344294
vt 0.741912 0.336546
vt 0.863957 0.206752
vt 0.665392 0.185442
vt 0.662486 0.258088
vt 0.870737 0.174788
vt 0.913356 0.225156
vt 0.851365 0.265837
vt 0.897858 0.280366
vt 0.979222 0.253245
vt 0.955975 0.300707
vt 0.927885 0.371416
vt 0.879455 0.354949
vt 0.837804 0.346232
vt 0.792280 0.384008
vt 0.830055 0.387882
vt 0.904639 0.418878
vt 0.869768 0.397568
vt 0.824244 0.431470
vt 0.859114 0.434375
vt 0.883329 0.443093
vt 0.906576 0.448905
vt 0.788405 0.425658
vt 0.823275 0.449873
vt 0.860082 0.450842
vt 0.906576 0.463434
vt 0.785499 0.444061
vt 0.764190 0.422752
vt 0.739006 0.388851
vt 0.725445 0.418878
vt 0.691544 0.398537
vt 0.688638 0.414034
vt 0.696387 0.330734
vt 0.661517 0.333640
vt 0.626647 0.265837
vt 0.626647 0.336546
vt 0.658611 0.397568
vt 0.623741 0.400474
vt 0.584997 0.342357
vt 0.593714 0.269711
vt 0.595652 0.214501
vt 0.622773 0.199972
vt 0.570468 0.225156
vt 0.565625 0.264868
vt 0.558844 0.340420
vt 0.561750 0.395631
vt 0.588871 0.400474
vt 0.667329 0.137981
vt 0.620835 0.154447
vt 0.643113 0.125389
vt 0.573373 0.427595
vt 0.584028 0.428564
vt 0.606306 0.421783
vt 0.587903 0.443093
vt 0.625678 0.435344
vt 0.630521 0.415972
vt 0.659580 0.434375
vt 0.659580 0.414034
vt 0.694450 0.433407
vt 0.738037 0.439218
vt 0.926916 0.187380
vt 0.991813 0.208689
vt 0.989876 0.222250
vt 0.995688 0.205783
vt 0.991813 0.208689
vt 0.926916 0.187380
vt 0.989876 0.222250
vt 0.589840 0.174788
vt 0.547221 0.189317
vt 0.560782 0.209658
vt 0.591777 0.196097
vt 0.569499 0.170913
vt 0.543347 0.183505
vt 0.547221 0.189317
vt 0.589840 0.174788
vt 0.560782 0.209658
vt 0.591777 0.196097
vt 0.736100 0.481837
vt 0.783562 0.466339
vt 0.738037 0.439218
vt 0.694450 0.433407
vt 0.691544 0.476026
vt 0.659580 0.434375
vt 0.657643 0.478931
vt 0.625678 0.435344
vt 0.625678 0.480869
vt 0.586934 0.488618
vt 0.587903 0.443093
vt 0.782593 0.487649
vt 0.822307 0.470214
vt 0.785499 0.444061
vt 0.823275 0.449873
vt 0.860082 0.450842
vt 0.860082 0.474088
vt 0.906576 0.463434
vt 0.860082 0.497335
vt 0.820369 0.490555
vt 0.904639 0.502178
vt 0.771939 0.496366
vt 0.782593 0.487649
vt 0.736100 0.481837
vt 0.740943 0.492492
vt 0.758378 0.512833
vt 0.785499 0.502178
vt 0.820369 0.490555
vt 0.819401 0.505084
vt 0.860082 0.497335
vt 0.852333 0.508958
vt 0.818432 0.531236
vt 0.856208 0.532205
vt 0.779688 0.529299
vt 0.729320 0.534142
vt 0.780656 0.546734
vt 0.819401 0.549640
vt 0.853302 0.551577
vt 0.723508 0.505084
vt 0.883329 0.513802
vt 0.904639 0.502178
vt 0.913356 0.513802
vt 0.911419 0.529299
vt 0.910450 0.546734
vt 0.686701 0.519613
vt 0.684764 0.546734
vt 0.688638 0.492492
vt 0.660549 0.520582
vt 0.659580 0.494429
vt 0.657643 0.478931
vt 0.691544 0.476026
vt 0.629553 0.498304
vt 0.625678 0.480869
vt 0.661517 0.541891
vt 0.635365 0.522519
vt 0.636333 0.545766
vt 0.591777 0.504115
vt 0.586934 0.488618
vt 0.595652 0.516707
vt 0.662486 0.570949
vt 0.638270 0.574824
vt 0.595652 0.594196
vt 0.596620 0.539954
vt 0.686701 0.569981
vt 0.726414 0.585479
vt 0.776782 0.578698
vt 0.781625 0.589353
vt 0.779688 0.592259
vt 0.821338 0.594196
vt 0.819401 0.606788
vt 0.860082 0.600008
vt 0.860082 0.614537
vt 0.910450 0.592259
vt 0.820369 0.584510
vt 0.859114 0.585479
vt 0.943383 0.045962
vt 0.935634 0.007218
vt 0.736100 0.481837
vt 0.738037 0.439218
vt 0.783562 0.466339
vt 0.694450 0.433407
vt 0.691544 0.476026
vt 0.659580 0.434375
vt 0.657643 0.478931
vt 0.625678 0.435344
vt 0.625678 0.480869
vt 0.586934 0.488618
vt 0.587903 0.443093
vt 0.782593 0.487649
vt 0.822307 0.470214
vt 0.785499 0.444061
vt 0.823275 0.449873
vt 0.860082 0.450842
vt 0.860082 0.474088
vt 0.906576 0.463434
vt 0.860082 0.497335
vt 0.820369 0.490555
vt 0.904639 0.502178
vt 0.771939 0.496366
vt 0.740943 0.492492
vt 0.736100 0.481837
vt 0.782593 0.487649
vt 0.758378 0.512833
vt 0.785499 0.502178
vt 0.820369 0.490555
vt 0.819401 0.505084
vt 0.860082 0.497335
vt 0.852333 0.508958
vt 0.818432 0.531236
vt 0.856208 0.532205
vt 0.779688 0.529299
vt 0.729320 0.534142
vt 0.780656 0.546734
vt 0.819401 0.549640
vt 0.853302 0.551577
vt 0.723508 0.505084
vt 0.883329 0.513802
vt 0.904639 0.502178
vt 0.913356 0.513802
vt 0.911419 0.529299
vt 0.910450 0.546734
vt 0.686701 0.519613
vt 0.684764 0.546734
vt 0.688638 0.492492
vt 0.660549 0.520582
vt 0.659580 0.494429
vt 0.657643 0.478931
vt 0.691544 0.476026
vt 0.629553 0.498304
vt 0.625678 0.480869
vt 0.661517 0.541891
vt 0.635365 0.522519
vt 0.636333 0.545766
vt 0.591777 0.504115
vt 0.586934 0.488618
vt 0.595652 0.516707
vt 0.662486 0.570949
vt 0.638270 0.574824
vt 0.595652 0.594196
vt 0.596620 0.539954
vt 0.686701 0.569981
vt 0.726414 0.585479
vt 0.776782 0.578698
vt 0.781625 0.589353
vt 0.779688 0.592259
vt 0.821338 0.594196
vt 0.819401 0.606788
vt 0.860082 0.600008
vt 0.860082 0.614537
vt 0.910450 0.592259
vt 0.820369 0.584510
vt 0.859114 0.585479
vt 0.497822 0.654250
vt 0.486199 0.642627
vt 0.469732 0.651344
vt 0.505571 0.627129
vt 0.529786 0.662968
vt 0.526880 0.640689
vt 0.494916 0.686214
vt 0.469732 0.710429
vt 0.421302 0.651344
vt 0.424208 0.709461
vt 0.427113 0.787918
vt 0.466826 0.786950
vt 0.494916 0.710429
vt 0.398055 0.712367
vt 0.397086 0.687183
vt 0.500728 0.788887
vt 0.520100 0.715272
vt 0.367059 0.692994
vt 0.372871 0.716241
vt 0.391275 0.789855
vt 0.393212 0.657156
vt 0.405804 0.644564
vt 0.384494 0.628097
vt 0.524943 0.692994
vt 0.361248 0.667811
vt 0.362216 0.641658
vt 0.489104 0.854752
vt 0.463921 0.855721
vt 0.492010 0.874125
vt 0.446485 0.851847
vt 0.475544 0.879936
vt 0.496853 0.905120
vt 0.505571 0.901246
vt 0.506539 0.911901
vt 0.430019 0.854752
vt 0.401929 0.854752
vt 0.397086 0.873156
vt 0.415490 0.879936
vt 0.384494 0.900277
vt 0.394181 0.905120
vt 0.383526 0.910932
vt 0.461983 0.859595
vt 0.461983 0.885748
vt 0.474575 0.881873
vt 0.462952 0.904152
vt 0.493947 0.906089
vt 0.464889 0.925461
vt 0.486199 0.922555
vt 0.430019 0.904152
vt 0.430988 0.885748
vt 0.417427 0.882842
vt 0.397086 0.907057
vt 0.430988 0.859595
vt 0.446485 0.857658
vt 0.505571 0.912869
vt 0.481355 0.947739
vt 0.504602 0.955488
vt 0.446485 0.925461
vt 0.446485 0.945802
vt 0.428082 0.925461
vt 0.428082 0.945802
vt 0.403867 0.921587
vt 0.409678 0.946770
vt 0.386432 0.913838
vt 0.397086 0.947739
vt 0.375777 0.919649
vt 0.383526 0.954519
vt 0.478450 0.952582
vt 0.464889 0.945802
vt 0.463921 0.950645
vt 0.446485 0.945802
vt 0.446485 0.950645
vt 0.428082 0.950645
vt 0.428082 0.945802
vt 0.413553 0.950645
vt 0.409678 0.946770
vt 0.397086 0.950645
vt 0.397086 0.947739
vt 0.389338 0.952582
vt 0.383526 0.954519
vt 0.399024 0.954519
vt 0.399992 0.981641
vt 0.416459 0.977766
vt 0.411615 0.956456
vt 0.428082 0.956456
vt 0.430019 0.975829
vt 0.430019 0.989389
vt 0.445517 0.973892
vt 0.445517 0.987452
vt 0.417427 0.992295
vt 0.461983 0.989389
vt 0.462952 0.974860
vt 0.473607 0.977766
vt 0.476512 0.991327
vt 0.445517 0.956456
vt 0.478450 0.956456
vt 0.491042 0.982609
vt 0.492979 0.989389
vt 0.463921 0.956456
vt 0.399024 0.989389
vt 0.514288 0.918681
vt 0.506539 0.911901
vt 0.496853 0.905120
vt 0.493947 0.906089
vt 0.475544 0.879936
vt 0.474575 0.881873
vt 0.463921 0.855721
vt 0.461983 0.859595
vt 0.446485 0.857658
vt 0.446485 0.851847
vt 0.430019 0.854752
vt 0.430988 0.859595
vt 0.415490 0.879936
vt 0.417427 0.882842
vt 0.394181 0.905120
vt 0.397086 0.907057
vt 0.383526 0.910932
vt 0.386432 0.913838
vt 0.375777 0.919649
vt 0.524943 0.692994
vt 0.530755 0.692994
vt 0.535598 0.661999
vt 0.529786 0.662968
vt 0.532692 0.638752
vt 0.526880 0.640689
vt 0.520100 0.715272
vt 0.525912 0.717210
vt 0.500728 0.788887
vt 0.505571 0.790824
vt 0.489104 0.854752
vt 0.493947 0.854752
vt 0.492010 0.874125
vt 0.495885 0.874125
vt 0.505571 0.901246
vt 0.510414 0.897371
vt 0.506539 0.911901
vt 0.514288 0.918681
vt 0.505571 0.627129
vt 0.526880 0.640689
vt 0.504602 0.622286
vt 0.532692 0.638752
vt 0.504602 0.622286
vt 0.477481 0.638752
vt 0.486199 0.642627
vt 0.505571 0.627129
vt 0.469732 0.644564
vt 0.469732 0.651344
vt 0.405804 0.644564
vt 0.410647 0.641658
vt 0.385463 0.623254
vt 0.384494 0.628097
vt 0.422270 0.646501
vt 0.421302 0.651344
vt 0.384494 0.628097
vt 0.385463 0.623254
vt 0.357373 0.639721
vt 0.362216 0.641658
vt 0.464889 0.945802
vt 0.422270 0.646501
vt 0.421302 0.651344
vt 0.469732 0.651344
vt 0.469732 0.644564
vt 0.382557 0.897371
vt 0.375777 0.919649
vt 0.383526 0.910932
vt 0.384494 0.900277
vt 0.397086 0.873156
vt 0.393212 0.873156
vt 0.401929 0.854752
vt 0.398055 0.854752
vt 0.391275 0.789855
vt 0.386432 0.791793
vt 0.372871 0.716241
vt 0.368028 0.718178
vt 0.367059 0.692994
vt 0.363185 0.693963
vt 0.361248 0.667811
vt 0.356405 0.667811
vt 0.362216 0.641658
vt 0.357373 0.639721
vt 0.428082 0.956456
vt 0.445517 0.956456
vt 0.446485 0.950645
vt 0.428082 0.950645
vt 0.411615 0.956456
vt 0.413553 0.950645
vt 0.399024 0.954519
vt 0.397086 0.950645
vt 0.463921 0.956456
vt 0.463921 0.950645
vt 0.478450 0.956456
vt 0.478450 0.952582
vt 0.504602 0.955488
vt 0.389338 0.952582
vt 0.383526 0.954519
vt 0.309911 0.551577
vt 0.313786 0.541891
vt 0.298288 0.541891
vt 0.307974 0.552546
vt 0.298288 0.555452
vt 0.295382 0.554483
vt 0.317660 0.534142
vt 0.322503 0.540923
vt 0.320566 0.551577
vt 0.313786 0.525425
vt 0.296351 0.531236
vt 0.277947 0.538985
vt 0.288602 0.547703
vt 0.284728 0.558357
vt 0.279884 0.548671
vt 0.278916 0.531236
vt 0.278916 0.521550
vt 0.310880 0.516707
vt 0.276010 0.490555
vt 0.302162 0.487649
vt 0.275041 0.464402
vt 0.295382 0.461496
vt 0.274073 0.455685
vt 0.293445 0.453748
vt 0.292476 0.442124
vt 0.271167 0.444061
vt 0.280853 0.433407
vt 0.269230 0.434375
vt 0.267292 0.420815
vt 0.280853 0.420815
vt 0.266324 0.406286
vt 0.271167 0.403380
vt 0.274073 0.401443
vt 0.278916 0.401443
vt 0.284728 0.401443
vt 0.288602 0.402411
vt 0.293445 0.404348
vt 0.293445 0.417909
vt 0.293445 0.432438
vt 0.695418 0.654250
vt 0.667329 0.651344
vt 0.683795 0.642627
vt 0.703167 0.627129
vt 0.727383 0.662968
vt 0.724477 0.640689
vt 0.692513 0.686214
vt 0.667329 0.710429
vt 0.618898 0.651344
vt 0.621804 0.709461
vt 0.624710 0.787918
vt 0.664423 0.786950
vt 0.692513 0.710429
vt 0.595652 0.712367
vt 0.594683 0.687183
vt 0.698324 0.788887
vt 0.716728 0.715272
vt 0.564656 0.692994
vt 0.570468 0.716241
vt 0.588871 0.789855
vt 0.590809 0.657156
vt 0.603401 0.644564
vt 0.582091 0.628097
vt 0.722540 0.692994
vt 0.558844 0.667811
vt 0.559813 0.641658
vt 0.686701 0.854752
vt 0.660549 0.855721
vt 0.689607 0.874125
vt 0.644082 0.851847
vt 0.673141 0.879936
vt 0.694450 0.905120
vt 0.703167 0.901246
vt 0.704136 0.911901
vt 0.626647 0.854752
vt 0.599526 0.854752
vt 0.594683 0.873156
vt 0.613087 0.879936
vt 0.582091 0.900277
vt 0.591777 0.905120
vt 0.581122 0.910932
vt 0.659580 0.859595
vt 0.672172 0.881873
vt 0.658611 0.885748
vt 0.660549 0.904152
vt 0.691544 0.906089
vt 0.661517 0.925461
vt 0.683795 0.922555
vt 0.627616 0.904152
vt 0.628584 0.885748
vt 0.615024 0.882842
vt 0.594683 0.907057
vt 0.628584 0.859595
vt 0.644082 0.857658
vt 0.702199 0.912869
vt 0.678952 0.947739
vt 0.702199 0.955488
vt 0.644082 0.925461
vt 0.644082 0.945802
vt 0.625678 0.925461
vt 0.625678 0.945802
vt 0.600495 0.921587
vt 0.607275 0.946770
vt 0.584028 0.913838
vt 0.594683 0.947739
vt 0.573373 0.919649
vt 0.581122 0.954519
vt 0.676046 0.952582
vt 0.662486 0.945802
vt 0.661517 0.950645
vt 0.644082 0.945802
vt 0.643113 0.950645
vt 0.625678 0.950645
vt 0.625678 0.945802
vt 0.611149 0.950645
vt 0.607275 0.946770
vt 0.594683 0.950645
vt 0.594683 0.947739
vt 0.586934 0.952582
vt 0.581122 0.954519
vt 0.596620 0.954519
vt 0.597589 0.981641
vt 0.614055 0.977766
vt 0.609212 0.956456
vt 0.625678 0.956456
vt 0.627616 0.975829
vt 0.627616 0.989389
vt 0.643113 0.973892
vt 0.643113 0.987452
vt 0.615024 0.992295
vt 0.659580 0.989389
vt 0.660549 0.974860
vt 0.671203 0.977766
vt 0.674109 0.991327
vt 0.643113 0.956456
vt 0.676046 0.956456
vt 0.688638 0.982609
vt 0.690575 0.989389
vt 0.661517 0.956456
vt 0.596620 0.989389
vt 0.711885 0.918681
vt 0.704136 0.911901
vt 0.694450 0.905120
vt 0.691544 0.906089
vt 0.673141 0.879936
vt 0.672172 0.881873
vt 0.660549 0.855721
vt 0.659580 0.859595
vt 0.644082 0.857658
vt 0.644082 0.851847
vt 0.626647 0.854752
vt 0.628584 0.859595
vt 0.613087 0.879936
vt 0.615024 0.882842
vt 0.591777 0.905120
vt 0.594683 0.907057
vt 0.581122 0.910932
vt 0.584028 0.913838
vt 0.573373 0.919649
vt 0.722540 0.692994
vt 0.727383 0.662968
vt 0.733194 0.661999
vt 0.728351 0.692994
vt 0.730289 0.638752
vt 0.724477 0.640689
vt 0.716728 0.715272
vt 0.723508 0.717210
vt 0.698324 0.788887
vt 0.703167 0.790824
vt 0.686701 0.854752
vt 0.691544 0.854752
vt 0.689607 0.874125
vt 0.693481 0.874125
vt 0.703167 0.901246
vt 0.708010 0.897371
vt 0.704136 0.911901
vt 0.711885 0.918681
vt 0.703167 0.627129
vt 0.702199 0.622286
vt 0.724477 0.640689
vt 0.730289 0.638752
vt 0.702199 0.622286
vt 0.703167 0.627129
vt 0.683795 0.642627
vt 0.675078 0.638752
vt 0.667329 0.644564
vt 0.667329 0.651344
vt 0.603401 0.644564
vt 0.582091 0.628097
vt 0.583060 0.623254
vt 0.608244 0.641658
vt 0.619867 0.646501
vt 0.618898 0.651344
vt 0.582091 0.628097
vt 0.559813 0.641658
vt 0.554970 0.639721
vt 0.583060 0.623254
vt 0.662486 0.945802
vt 0.619867 0.646501
vt 0.667329 0.644564
vt 0.667329 0.651344
vt 0.618898 0.651344
vt 0.580154 0.897371
vt 0.582091 0.900277
vt 0.581122 0.910932
vt 0.573373 0.919649
vt 0.594683 0.873156
vt 0.590809 0.873156
vt 0.599526 0.854752
vt 0.595652 0.854752
vt 0.588871 0.789855
vt 0.584028 0.791793
vt 0.570468 0.716241
vt 0.565625 0.718178
vt 0.564656 0.692994
vt 0.560782 0.693963
vt 0.558844 0.667811
vt 0.553033 0.667811
vt 0.559813 0.641658
vt 0.554970 0.639721
vt 0.625678 0.956456
vt 0.625678 0.950645
vt 0.643113 0.950645
vt 0.643113 0.956456
vt 0.609212 0.956456
vt 0.611149 0.950645
vt 0.596620 0.954519
vt 0.594683 0.950645
vt 0.661517 0.956456
vt 0.661517 0.950645
vt 0.676046 0.956456
vt 0.676046 0.952582
vt 0.702199 0.955488
vt 0.586934 0.952582
vt 0.581122 0.954519
vt 0.309911 0.551577
vt 0.298288 0.541891
vt 0.313786 0.541891
vt 0.307974 0.552546
vt 0.298288 0.555452
vt 0.295382 0.554483
vt 0.317660 0.534142
vt 0.322503 0.540923
vt 0.320566 0.551577
vt 0.313786 0.525425
vt 0.296351 0.531236
vt 0.277947 0.538985
vt 0.288602 0.547703
vt 0.284728 0.558357
vt 0.279884 0.548671
vt 0.278916 0.531236
vt 0.278916 0.521550
vt 0.310880 0.516707
vt 0.276010 0.490555
vt 0.302162 0.487649
vt 0.275041 0.464402
vt 0.295382 0.461496
vt 0.274073 0.455685
vt 0.293445 0.453748
vt 0.292476 0.442124
vt 0.271167 0.444061
vt 0.280853 0.433407
vt 0.269230 0.434375
vt 0.267292 0.420815
vt 0.280853 0.420815
vt 0.266324 0.406286
vt 0.271167 0.403380
vt 0.274073 0.401443
vt 0.278916 0.401443
vt 0.284728 0.401443
vt 0.288602 0.402411
vt 0.293445 0.404348
vt 0.293445 0.417909
vt 0.293445 0.432438
vt 0.138467 0.338483
vt 0.164620 0.383039
vt 0.187866 0.341389
vt 0.194647 0.360761
vt 0.188835 0.304581
vt 0.156871 0.295864
vt 0.108440 0.317173
vt 0.139436 0.283272
vt 0.122001 0.260994
vt 0.091005 0.267774
vt 0.078413 0.363667
vt 0.065821 0.354949
vt 0.060010 0.297801
vt 0.059041 0.396600
vt 0.103597 0.382070
vt 0.114252 0.391757
vt 0.080351 0.413066
vt 0.033857 0.353012
vt 0.029014 0.387882
vt 0.065821 0.421783
vt 0.073570 0.424689
vt 0.056135 0.415003
vt 0.050324 0.407254
vt 0.036763 0.333640
vt 0.070665 0.267774
vt 0.050324 0.265837
vt 0.017391 0.315236
vt 0.122970 0.424689
vt 0.146216 0.411129
vt 0.138467 0.441156
vt 0.172369 0.422752
vt 0.097786 0.438250
vt 0.111346 0.455685
vt 0.076476 0.442124
vt 0.072602 0.461496
vt 0.041606 0.450842
vt 0.051292 0.435344
vt 0.018360 0.423721
vt 0.034826 0.413066
vt 0.007705 0.382070
vt 0.012548 0.349138
vt 0.202396 0.379164
vt 0.227580 0.373353
vt 0.208207 0.409191
vt 0.236297 0.402411
vt 0.261481 0.363667
vt 0.220799 0.353012
vt 0.270198 0.391757
vt 0.292476 0.351075
vt 0.253732 0.344294
vt 0.281822 0.331703
vt 0.304100 0.377227
vt 0.317660 0.336546
vt 0.332189 0.362698
vt 0.343813 0.321048
vt 0.332189 0.302644
vt 0.359311 0.347200
vt 0.302162 0.320079
vt 0.274073 0.312330
vt 0.318629 0.285209
vt 0.294414 0.257120
vt 0.259544 0.279398
vt 0.229517 0.293927
vt 0.244046 0.324922
vt 0.213050 0.333640
vt 0.554970 0.086644
vt 0.538504 0.097299
vt 0.555938 0.098267
vt 0.554970 0.114734
vt 0.520100 0.112797
vt 0.554001 0.137981
vt 0.520100 0.137012
vt 0.521069 0.098267
vt 0.521069 0.085675
vt 0.528817 0.072115
vt 0.539472 0.070178
vt 0.550127 0.074052
vt 0.522037 0.162196
vt 0.550127 0.161227
vt 0.554001 0.150572
vt 0.520100 0.149604
vt 0.543347 0.173819
vt 0.528817 0.172851
vt 0.554001 0.137981
vt 0.520100 0.137012
vt 0.520100 0.149604
vt 0.554001 0.150572
vt 0.034826 0.410160
vt 0.052261 0.433407
vt 0.077445 0.442124
vt 0.034826 0.410160
vt 0.034826 0.413066
vt 0.051292 0.435344
vt 0.052261 0.433407
vt 0.076476 0.442124
vt 0.077445 0.442124
vt 0.097786 0.438250
vt 0.029014 0.387882
vt 0.490073 0.188348
vt 0.469732 0.189317
vt 0.492010 0.220312
vt 0.511382 0.218375
vt 0.520100 0.185442
vt 0.471669 0.220312
vt 0.443580 0.188348
vt 0.442611 0.218375
vt 0.414521 0.216438
vt 0.415490 0.186411
vt 0.410647 0.241622
vt 0.441642 0.243559
vt 0.472638 0.245496
vt 0.518163 0.239685
vt 0.390306 0.213532
vt 0.378683 0.183505
vt 0.371902 0.211595
vt 0.366091 0.237747
vt 0.416459 0.170913
vt 0.380620 0.167039
vt 0.443580 0.172851
vt 0.471669 0.172851
vt 0.494916 0.170913
vt 0.510414 0.168976
vt 0.495885 0.139918
vt 0.487167 0.106985
vt 0.461983 0.107953
vt 0.464889 0.143792
vt 0.485230 0.077927
vt 0.460046 0.077927
vt 0.425176 0.106985
vt 0.428082 0.075989
vt 0.443580 0.143792
vt 0.402898 0.075021
vt 0.399992 0.104079
vt 0.419364 0.142824
vt 0.388369 0.136043
vt 0.443580 0.146698
vt 0.418396 0.145729
vt 0.415490 0.168976
vt 0.443580 0.170913
vt 0.386432 0.140886
vt 0.381589 0.164133
vt 0.469732 0.147667
vt 0.471669 0.170913
vt 0.494916 0.169945
vt 0.498791 0.144761
vt 0.510414 0.168007
vt 0.429051 0.041119
vt 0.430988 0.044025
vt 0.458109 0.044994
vt 0.460046 0.042088
vt 0.399992 0.043057
vt 0.399024 0.041119
vt 0.490073 0.046931
vt 0.489104 0.044994
vt 0.431956 0.006249
vt 0.431956 0.019810
vt 0.459078 0.020779
vt 0.460046 0.007218
vt 0.429051 0.041119
vt 0.399024 0.041119
vt 0.397086 0.019810
vt 0.460046 0.042088
vt 0.492979 0.023684
vt 0.494916 0.009155
vt 0.489104 0.044994
vt 0.397086 0.005281
vt 0.485230 0.077927
vt 0.488136 0.075989
vt 0.458109 0.074052
vt 0.460046 0.077927
vt 0.428082 0.075989
vt 0.430019 0.073084
vt 0.402898 0.075021
vt 0.400961 0.073084
vt 0.388369 0.136043
vt 0.386432 0.140886
vt 0.418396 0.145729
vt 0.419364 0.142824
vt 0.443580 0.146698
vt 0.443580 0.143792
vt 0.469732 0.147667
vt 0.464889 0.143792
vt 0.495885 0.139918
vt 0.498791 0.144761
vt 0.416459 0.170913
vt 0.415490 0.168976
vt 0.381589 0.164133
vt 0.380620 0.167039
vt 0.443580 0.170913
vt 0.443580 0.172851
vt 0.471669 0.172851
vt 0.471669 0.170913
vt 0.494916 0.170913
vt 0.494916 0.169945
vt 0.510414 0.168976
vt 0.510414 0.168007
vt 0.430988 0.044025
vt 0.430019 0.073084
vt 0.458109 0.074052
vt 0.458109 0.044994
vt 0.399992 0.043057
vt 0.400961 0.073084
vt 0.488136 0.075989
vt 0.490073 0.046931
vt 0.138467 0.338483
vt 0.187866 0.341389
vt 0.164620 0.383039
vt 0.194647 0.360761
vt 0.188835 0.304581
vt 0.156871 0.295864
vt 0.108440 0.317173
vt 0.139436 0.283272
vt 0.122001 0.260994
vt 0.091005 0.267774
vt 0.078413 0.363667
vt 0.065821 0.354949
vt 0.060010 0.297801
vt 0.059041 0.396600
vt 0.103597 0.382070
vt 0.114252 0.391757
vt 0.080351 0.413066
vt 0.033857 0.353012
vt 0.029014 0.387882
vt 0.065821 0.421783
vt 0.073570 0.424689
vt 0.056135 0.415003
vt 0.050324 0.407254
vt 0.036763 0.333640
vt 0.070665 0.267774
vt 0.050324 0.265837
vt 0.017391 0.315236
vt 0.122970 0.424689
vt 0.146216 0.411129
vt 0.138467 0.441156
vt 0.172369 0.422752
vt 0.097786 0.438250
vt 0.111346 0.455685
vt 0.076476 0.442124
vt 0.072602 0.461496
vt 0.041606 0.450842
vt 0.051292 0.435344
vt 0.018360 0.423721
vt 0.034826 0.413066
vt 0.007705 0.382070
vt 0.012548 0.349138
vt 0.202396 0.379164
vt 0.227580 0.373353
vt 0.220799 0.353012
vt 0.261481 0.363667
vt 0.236297 0.402411
vt 0.270198 0.391757
vt 0.292476 0.351075
vt 0.253732 0.344294
vt 0.281822 0.331703
vt 0.304100 0.377227
vt 0.317660 0.336546
vt 0.332189 0.362698
vt 0.208207 0.409191
vt 0.343813 0.321048
vt 0.332189 0.302644
vt 0.359311 0.347200
vt 0.302162 0.320079
vt 0.274073 0.312330
vt 0.318629 0.285209
vt 0.294414 0.257120
vt 0.259544 0.279398
vt 0.229517 0.293927
vt 0.244046 0.324922
vt 0.213050 0.333640
vt 0.554970 0.086644
vt 0.555938 0.098267
vt 0.538504 0.097299
vt 0.554970 0.114734
vt 0.520100 0.112797
vt 0.554001 0.137981
vt 0.520100 0.137012
vt 0.521069 0.098267
vt 0.521069 0.085675
vt 0.528817 0.072115
vt 0.539472 0.070178
vt 0.550127 0.074052
vt 0.522037 0.162196
vt 0.520100 0.149604
vt 0.554001 0.150572
vt 0.550127 0.161227
vt 0.543347 0.173819
vt 0.528817 0.172851
vt 0.554001 0.137981
vt 0.554001 0.150572
vt 0.520100 0.149604
vt 0.520100 0.137012
vt 0.034826 0.410160
vt 0.052261 0.433407
vt 0.077445 0.442124
vt 0.034826 0.410160
vt 0.052261 0.433407
vt 0.051292 0.435344
vt 0.034826 0.413066
vt 0.076476 0.442124
vt 0.077445 0.442124
vt 0.097786 0.438250
vt 0.029014 0.387882
vt 0.490073 0.188348
vt 0.492010 0.220312
vt 0.469732 0.189317
vt 0.511382 0.218375
vt 0.520100 0.185442
vt 0.471669 0.220312
vt 0.443580 0.188348
vt 0.442611 0.218375
vt 0.414521 0.216438
vt 0.415490 0.186411
vt 0.410647 0.241622
vt 0.441642 0.243559
vt 0.472638 0.245496
vt 0.518163 0.239685
vt 0.390306 0.213532
vt 0.378683 0.183505
vt 0.371902 0.211595
vt 0.366091 0.237747
vt 0.416459 0.170913
vt 0.380620 0.167039
vt 0.443580 0.172851
vt 0.471669 0.172851
vt 0.494916 0.170913
vt 0.510414 0.168976
vt 0.495885 0.139918
vt 0.464889 0.143792
vt 0.461983 0.107953
vt 0.487167 0.106985
vt 0.485230 0.077927
vt 0.460046 0.077927
vt 0.425176 0.106985
vt 0.428082 0.075989
vt 0.443580 0.143792
vt 0.402898 0.075021
vt 0.399992 0.104079
vt 0.419364 0.142824
vt 0.388369 0.136043
vt 0.443580 0.146698
vt 0.443580 0.170913
vt 0.415490 0.168976
vt 0.418396 0.145729
vt 0.386432 0.140886
vt 0.381589 0.164133
vt 0.469732 0.147667
vt 0.471669 0.170913
vt 0.494916 0.169945
vt 0.498791 0.144761
vt 0.510414 0.168007
vt 0.429051 0.041119
vt 0.460046 0.042088
vt 0.458109 0.044994
vt 0.430988 0.044025
vt 0.399992 0.043057
vt 0.399024 0.041119
vt 0.490073 0.046931
vt 0.489104 0.044994
vt 0.431956 0.006249
vt 0.460046 0.007218
vt 0.459078 0.020779
vt 0.431956 0.019810
vt 0.429051 0.041119
vt 0.399024 0.041119
vt 0.397086 0.019810
vt 0.460046 0.042088
vt 0.492979 0.023684
vt 0.494916 0.009155
vt 0.489104 0.044994
vt 0.397086 0.005281
vt 0.485230 0.077927
vt 0.460046 0.077927
vt 0.458109 0.074052
vt 0.488136 0.075989
vt 0.428082 0.075989
vt 0.430019 0.073084
vt 0.402898 0.075021
vt 0.400961 0.073084
vt 0.388369 0.136043
vt 0.419364 0.142824
vt 0.418396 0.145729
vt 0.386432 0.140886
vt 0.443580 0.146698
vt 0.443580 0.143792
vt 0.469732 0.147667
vt 0.464889 0.143792
vt 0.495885 0.139918
vt 0.498791 0.144761
vt 0.416459 0.170913
vt 0.380620 0.167039
vt 0.381589 0.164133
vt 0.415490 0.168976
vt 0.443580 0.170913
vt 0.443580 0.172851
vt 0.471669 0.172851
vt 0.471669 0.170913
vt 0.494916 0.170913
vt 0.494916 0.169945
vt 0.510414 0.168976
vt 0.510414 0.168007
vt 0.430988 0.044025
vt 0.458109 0.044994
vt 0.458109 0.074052
vt 0.430019 0.073084
vt 0.399992 0.043057
vt 0.400961 0.073084
vt 0.488136 0.075989
vt 0.490073 0.046931
vt 0.424208 0.508958
vt 0.390306 0.508958
vt 0.416459 0.525425
vt 0.390306 0.483775
vt 0.423239 0.483775
vt 0.414521 0.466339
vt 0.353499 0.482806
vt 0.353499 0.465371
vt 0.390306 0.462465
vt 0.352530 0.507990
vt 0.352530 0.526393
vt 0.389338 0.528331
vt 0.327346 0.507990
vt 0.328315 0.482806
vt 0.388369 0.536080
vt 0.418396 0.531236
vt 0.416459 0.525425
vt 0.389338 0.528331
vt 0.348656 0.532205
vt 0.352530 0.526393
vt 0.322503 0.510896
vt 0.327346 0.507990
vt 0.418396 0.531236
vt 0.430988 0.510896
vt 0.424208 0.508958
vt 0.416459 0.525425
vt 0.423239 0.483775
vt 0.430988 0.480869
vt 0.414521 0.466339
vt 0.417427 0.459559
vt 0.417427 0.459559
vt 0.389338 0.454716
vt 0.390306 0.462465
vt 0.414521 0.466339
vt 0.353499 0.465371
vt 0.349624 0.458591
vt 0.328315 0.482806
vt 0.322503 0.478931
vt 0.322503 0.478931
vt 0.322503 0.510896
vt 0.327346 0.507990
vt 0.328315 0.482806
vt 0.586934 0.006249
vt 0.569499 0.005281
vt 0.568530 0.025622
vt 0.592746 0.016904
vt 0.545284 0.005281
vt 0.591777 0.034339
vt 0.584997 0.045962
vt 0.569499 0.046931
vt 0.545284 0.044994
vt 0.530755 0.016904
vt 0.529786 0.034339
vt 0.831993 0.750143
vt 0.824244 0.766609
vt 0.798091 0.750143
vt 0.798091 0.724959
vt 0.831024 0.724959
vt 0.822307 0.707524
vt 0.761284 0.723990
vt 0.761284 0.706555
vt 0.798091 0.703649
vt 0.761284 0.749174
vt 0.760315 0.767578
vt 0.797123 0.770483
vt 0.736100 0.749174
vt 0.736100 0.723990
vt 0.796154 0.778232
vt 0.797123 0.770483
vt 0.824244 0.766609
vt 0.827150 0.772421
vt 0.756441 0.774358
vt 0.760315 0.767578
vt 0.730289 0.752080
vt 0.736100 0.749174
vt 0.827150 0.772421
vt 0.824244 0.766609
vt 0.831993 0.750143
vt 0.839742 0.753048
vt 0.831024 0.724959
vt 0.838773 0.722053
vt 0.822307 0.707524
vt 0.825212 0.701712
vt 0.825212 0.701712
vt 0.822307 0.707524
vt 0.798091 0.703649
vt 0.798091 0.695900
vt 0.761284 0.706555
vt 0.758378 0.700743
vt 0.736100 0.723990
vt 0.731257 0.721084
vt 0.731257 0.721084
vt 0.736100 0.723990
vt 0.736100 0.749174
vt 0.730289 0.752080
vt 0.586934 0.006249
vt 0.568530 0.025622
vt 0.569499 0.005281
vt 0.592746 0.016904
vt 0.545284 0.005281
vt 0.591777 0.034339
vt 0.584997 0.045962
vt 0.569499 0.046931
vt 0.545284 0.044994
vt 0.530755 0.016904
vt 0.529786 0.034339
vt 0.992782 0.764672
vt 0.937571 0.767578
vt 0.991813 0.792761
vt 0.935634 0.704618
vt 0.990845 0.701712
vt 0.986002 0.670716
vt 0.936603 0.791793
vt 0.931759 0.679434
vt 0.929822 0.661999
vt 0.982127 0.650376
vt 0.935634 0.823757
vt 0.989876 0.825694
vt 0.987939 0.863470
vt 0.934665 0.864438
vt 0.989876 0.899309
vt 0.935634 0.901246
vt 0.936603 0.941927
vt 0.990845 0.942896
vt 0.934665 0.989389
vt 0.988908 0.990358
vt 0.522037 0.810196
vt 0.509445 0.826663
vt 0.543347 0.847972
vt 0.566593 0.813102
vt 0.507508 0.850878
vt 0.578217 0.830537
vt 0.580154 0.844098
vt 0.570468 0.875093
vt 0.541409 0.883811
vt 0.516226 0.876062
vt 0.618898 0.044025
vt 0.641176 0.036276
vt 0.623741 0.021747
vt 0.613087 0.037245
vt 0.606306 0.028527
vt 0.642145 0.027559
vt 0.643113 0.020779
vt 0.633427 0.006249
vt 0.606306 0.013030
vt 0.617930 0.005281
vt 0.992782 0.764672
vt 0.991813 0.792761
vt 0.937571 0.767578
vt 0.935634 0.704618
vt 0.990845 0.701712
vt 0.986002 0.670716
vt 0.936603 0.791793
vt 0.931759 0.679434
vt 0.929822 0.661999
vt 0.982127 0.650376
vt 0.935634 0.823757
vt 0.989876 0.825694
vt 0.987939 0.863470
vt 0.934665 0.864438
vt 0.989876 0.899309
vt 0.935634 0.901246
vt 0.936603 0.941927
vt 0.990845 0.942896
vt 0.934665 0.989389
vt 0.988908 0.990358
vt 0.522037 0.810196
vt 0.543347 0.847972
vt 0.509445 0.826663
vt 0.566593 0.813102
vt 0.507508 0.850878
vt 0.578217 0.830537
vt 0.580154 0.844098
vt 0.570468 0.875093
vt 0.541409 0.883811
vt 0.516226 0.876062
vt 0.618898 0.044025
vt 0.623741 0.021747
vt 0.641176 0.036276
vt 0.613087 0.037245
vt 0.606306 0.028527
vt 0.642145 0.027559
vt 0.643113 0.020779
vt 0.633427 0.006249
vt 0.606306 0.013030
vt 0.617930 0.005281
vt 0.411615 0.566106
vt 0.418396 0.600008
vt 0.466826 0.582573
vt 0.376746 0.602914
vt 0.375777 0.569981
vt 0.334127 0.600976
vt 0.343813 0.569981
vt 0.450360 0.550609
vt 0.506539 0.554483
vt 0.480387 0.528331
vt 0.542378 0.508958
vt 0.518163 0.489586
vt 0.550127 0.440187
vt 0.574342 0.457622
vt 0.335095 0.607757
vt 0.377714 0.609694
vt 0.375777 0.563201
vt 0.343813 0.563201
vt 0.411615 0.566106
vt 0.466826 0.582573
vt 0.418396 0.600008
vt 0.376746 0.602914
vt 0.375777 0.569981
vt 0.334127 0.600976
vt 0.343813 0.569981
vt 0.450360 0.550609
vt 0.335095 0.607757
vt 0.377714 0.609694
vt 0.375777 0.563201
vt 0.343813 0.563201
vt 0.480387 0.528331
vt 0.506539 0.554483
vt 0.534629 0.464402
vt 0.557876 0.482806
vt 0.835867 0.987452
vt 0.836836 0.973892
vt 0.810683 0.944833
vt 0.792280 0.962268
vt 0.770001 0.889622
vt 0.791311 0.871219
vt 0.848459 0.966143
vt 0.827150 0.932241
vt 0.748692 0.829569
vt 0.737069 0.856690
vt 0.866863 0.950645
vt 0.851365 0.918681
vt 0.870737 0.909963
vt 0.851365 0.863470
vt 0.878486 0.954519
vt 0.829087 0.877999
vt 0.813589 0.877999
vt 0.903670 0.955488
vt 0.922073 0.908026
vt 0.920136 0.952582
vt 0.858145 0.862501
vt 0.852333 0.791793
vt 0.891078 0.791793
vt 0.922073 0.792761
vt 0.848459 0.792761
vt 0.708979 0.878968
vt 0.778719 0.784044
vt 0.808746 0.795667
vt 0.810683 0.788887
vt 0.848459 0.792761
vt 0.788405 0.798573
vt 0.852333 0.791793
vt 0.848459 0.966143
vt 0.836836 0.973892
vt 0.835867 0.987452
vt 0.859114 0.979703
vt 0.866863 0.950645
vt 0.878486 0.954519
vt 0.813589 0.877999
vt 0.829087 0.877999
vt 0.851365 0.863470
vt 0.833930 0.854752
vt 0.798091 0.854752
vt 0.805840 0.847004
vt 0.817464 0.844098
vt 0.791311 0.871219
vt 0.788405 0.798573
vt 0.808746 0.795667
vt 0.848459 0.792761
vt 0.766127 0.814071
vt 0.748692 0.829569
vt 0.737069 0.856690
vt 0.748692 0.829569
vt 0.729320 0.844098
vt 0.710916 0.860564
vt 0.708979 0.878968
vt 0.411615 0.566106
vt 0.466826 0.582573
vt 0.418396 0.600008
vt 0.376746 0.602914
vt 0.375777 0.569981
vt 0.334127 0.600976
vt 0.343813 0.569981
vt 0.450360 0.550609
vt 0.506539 0.554483
vt 0.480387 0.528331
vt 0.542378 0.508958
vt 0.518163 0.489586
vt 0.550127 0.440187
vt 0.574342 0.457622
vt 0.335095 0.607757
vt 0.377714 0.609694
vt 0.375777 0.563201
vt 0.343813 0.563201
vt 0.411615 0.566106
vt 0.418396 0.600008
vt 0.466826 0.582573
vt 0.376746 0.602914
vt 0.375777 0.569981
vt 0.334127 0.600976
vt 0.343813 0.569981
vt 0.450360 0.550609
vt 0.335095 0.607757
vt 0.377714 0.609694
vt 0.375777 0.563201
vt 0.343813 0.563201
vt 0.480387 0.528331
vt 0.506539 0.554483
vt 0.534629 0.464402
vt 0.557876 0.482806
vt 0.835867 0.987452
vt 0.792280 0.962268
vt 0.810683 0.944833
vt 0.836836 0.973892
vt 0.770001 0.889622
vt 0.791311 0.871219
vt 0.848459 0.966143
vt 0.827150 0.932241
vt 0.748692 0.829569
vt 0.737069 0.856690
vt 0.866863 0.950645
vt 0.851365 0.918681
vt 0.870737 0.909963
vt 0.851365 0.863470
vt 0.878486 0.954519
vt 0.829087 0.877999
vt 0.813589 0.877999
vt 0.903670 0.955488
vt 0.922073 0.908026
vt 0.920136 0.952582
vt 0.858145 0.862501
vt 0.852333 0.791793
vt 0.891078 0.791793
vt 0.922073 0.792761
vt 0.848459 0.792761
vt 0.708979 0.878968
vt 0.778719 0.784044
vt 0.810683 0.788887
vt 0.808746 0.795667
vt 0.848459 0.792761
vt 0.788405 0.798573
vt 0.852333 0.791793
vt 0.848459 0.966143
vt 0.859114 0.979703
vt 0.835867 0.987452
vt 0.836836 0.973892
vt 0.866863 0.950645
vt 0.878486 0.954519
vt 0.813589 0.877999
vt 0.833930 0.854752
vt 0.851365 0.863470
vt 0.829087 0.877999
vt 0.798091 0.854752
vt 0.805840 0.847004
vt 0.817464 0.844098
vt 0.791311 0.871219
vt 0.788405 0.798573
vt 0.808746 0.795667
vt 0.848459 0.792761
vt 0.766127 0.814071
vt 0.748692 0.829569
vt 0.737069 0.856690
vt 0.729320 0.844098
vt 0.748692 0.829569
vt 0.710916 0.860564
vt 0.708979 0.878968
vt 0.148153 0.804385
vt 0.138467 0.803416
vt 0.146216 0.789855
vt 0.161714 0.785012
vt 0.168494 0.798573
vt 0.127813 0.801479
vt 0.099723 0.785981
vt 0.097786 0.798573
vt 0.050324 0.782107
vt 0.049355 0.794699
vt 0.004799 0.793730
vt 0.008673 0.779201
vt 0.050324 0.782107
vt 0.049355 0.794699
vt 0.097786 0.798573
vt 0.099723 0.785981
vt 0.127813 0.801479
vt 0.146216 0.789855
vt 0.148153 0.804385
vt 0.138467 0.803416
vt 0.346719 0.876062
vt 0.376746 0.861533
vt 0.358342 0.890591
vt 0.343813 0.852815
vt 0.357373 0.832474
vt 0.377714 0.828600
vt 0.346719 0.876062
vt 0.343813 0.852815
vt 0.357373 0.832474
vt 0.174306 0.670716
vt 0.209176 0.675560
vt 0.179149 0.688151
vt 0.193678 0.702681
vt 0.210145 0.706555
vt 0.183992 0.652313
vt 0.193678 0.702681
vt 0.179149 0.688151
vt 0.174306 0.670716
vt 0.138467 0.965174
vt 0.152028 0.983578
vt 0.142342 0.991327
vt 0.111346 0.970986
vt 0.122001 0.961300
vt 0.081319 0.957425
vt 0.080351 0.967111
vt 0.041606 0.964205
vt 0.040638 0.954519
vt 0.012548 0.966143
vt 0.009642 0.954519
vt 0.138467 0.965174
vt 0.111346 0.970986
vt 0.040638 0.954519
vt 0.041606 0.964205
vt 0.081319 0.957425
vt 0.117158 0.960331
vt 0.080351 0.967111
vt 0.049355 0.794699
vt 0.097786 0.798573
vt 0.081319 0.957425
vt 0.040638 0.954519
vt 0.009642 0.954519
vt 0.004799 0.793730
vt 0.049355 0.794699
vt 0.040638 0.954519
vt 0.081319 0.957425
vt 0.097786 0.798573
vt 0.125875 0.890591
vt 0.117158 0.960331
vt 0.139436 0.941927
vt 0.145248 0.896403
vt 0.138467 0.965174
vt 0.146216 0.945802
vt 0.135561 0.814071
vt 0.127813 0.801479
vt 0.138467 0.803416
vt 0.149122 0.814071
vt 0.148153 0.804385
vt 0.256638 0.689120
vt 0.264387 0.673622
vt 0.297319 0.679434
vt 0.292476 0.696869
vt 0.256638 0.670716
vt 0.272136 0.627129
vt 0.222736 0.703649
vt 0.306037 0.632940
vt 0.309911 0.612600
vt 0.274073 0.605820
vt 0.260512 0.625192
vt 0.275041 0.507990
vt 0.263418 0.507990
vt 0.256638 0.689120
vt 0.264387 0.673622
vt 0.272136 0.627129
vt 0.274073 0.605820
vt 0.256638 0.670716
vt 0.222736 0.703649
vt 0.230485 0.710429
vt 0.260512 0.625192
vt 0.275041 0.507990
vt 0.263418 0.507990
vt 0.281822 0.759829
vt 0.247920 0.754986
vt 0.252763 0.723021
vt 0.286665 0.727864
vt 0.256638 0.689120
vt 0.292476 0.696869
vt 0.252763 0.723021
vt 0.247920 0.754986
vt 0.256638 0.689120
vt 0.230485 0.710429
vt 0.222736 0.703649
vt 0.190772 0.614537
vt 0.192710 0.630035
vt 0.111346 0.627129
vt 0.113283 0.611631
vt 0.191741 0.639721
vt 0.121032 0.637784
vt 0.112315 0.636815
vt 0.193678 0.600976
vt 0.112315 0.598071
vt 0.113283 0.611631
vt 0.190772 0.614537
vt 0.111346 0.627129
vt 0.192710 0.630035
vt 0.191741 0.639721
vt 0.121032 0.637784
vt 0.112315 0.636815
vt 0.252763 0.723021
vt 0.227580 0.741425
vt 0.230485 0.710429
vt 0.256638 0.689120
vt 0.138467 0.965174
vt 0.139436 0.941927
vt 0.146216 0.945802
vt 0.122001 0.961300
vt 0.125875 0.890591
vt 0.145248 0.896403
vt 0.135561 0.814071
vt 0.127813 0.801479
vt 0.138467 0.803416
vt 0.149122 0.814071
vt 0.148153 0.804385
vt 0.207239 0.756923
vt 0.177212 0.750143
vt 0.195615 0.724959
vt 0.214019 0.729802
vt 0.207239 0.756923
vt 0.177212 0.750143
vt 0.103597 0.631972
vt 0.089068 0.611631
vt 0.111346 0.627129
vt 0.113283 0.611631
vt 0.112315 0.598071
vt 0.113283 0.611631
vt 0.111346 0.627129
vt 0.103597 0.631972
vt 0.193678 0.600976
vt 0.215956 0.614537
vt 0.190772 0.614537
vt 0.192710 0.630035
vt 0.201427 0.634878
vt 0.190772 0.614537
vt 0.192710 0.630035
vt 0.201427 0.634878
vt 0.256638 0.670716
vt 0.222736 0.703649
vt 0.220799 0.625192
vt 0.260512 0.625192
vt 0.292476 0.732708
vt 0.316692 0.709461
vt 0.321535 0.766609
vt 0.293445 0.774358
vt 0.091974 0.756923
vt 0.090037 0.653281
vt 0.140404 0.756923
vt 0.140404 0.652313
vt 0.164620 0.756923
vt 0.164620 0.652313
vt 0.175275 0.760797
vt 0.177212 0.750143
vt 0.207239 0.756923
vt 0.204333 0.767578
vt 0.254701 0.617443
vt 0.219831 0.589353
vt 0.256638 0.563201
vt 0.231454 0.554483
vt 0.219831 0.554483
vt 0.252763 0.723021
vt 0.256638 0.689120
vt 0.230485 0.710429
vt 0.227580 0.741425
vt 0.256638 0.670716
vt 0.260512 0.625192
vt 0.220799 0.625192
vt 0.222736 0.703649
vt 0.292476 0.732708
vt 0.321535 0.766609
vt 0.316692 0.709461
vt 0.293445 0.774358
vt 0.091974 0.756923
vt 0.140404 0.756923
vt 0.090037 0.653281
vt 0.140404 0.652313
vt 0.164620 0.756923
vt 0.164620 0.652313
vt 0.175275 0.760797
vt 0.204333 0.767578
vt 0.207239 0.756923
vt 0.177212 0.750143
vt 0.254701 0.617443
vt 0.256638 0.563201
vt 0.219831 0.589353
vt 0.231454 0.554483
vt 0.219831 0.554483
vt 0.322503 0.238716
vt 0.339938 0.234841
vt 0.352530 0.248402
vt 0.329284 0.268743
vt 0.346719 0.264868
vt 0.317660 0.256151
vt 0.962755 0.598071
vt 0.959849 0.521550
vt 0.969535 0.521550
vt 0.973410 0.598071
vt 0.979222 0.521550
vt 0.983096 0.598071
vt 0.988908 0.520582
vt 0.993751 0.598071
vt 0.952100 0.599039
vt 0.950163 0.521550
vt 0.941446 0.600008
vt 0.940477 0.522519
vt 0.930791 0.600976
vt 0.930791 0.522519
vt 0.962755 0.598071
vt 0.973410 0.598071
vt 0.973410 0.600976
vt 0.962755 0.600976
vt 0.983096 0.601945
vt 0.983096 0.598071
vt 0.994719 0.603882
vt 0.993751 0.598071
vt 0.952100 0.599039
vt 0.952100 0.601945
vt 0.941446 0.600008
vt 0.941446 0.602914
vt 0.930791 0.600976
vt 0.929822 0.605820
vt 0.962755 0.621317
vt 0.962755 0.600976
vt 0.973410 0.600976
vt 0.971473 0.621317
vt 0.983096 0.601945
vt 0.980190 0.621317
vt 0.994719 0.603882
vt 0.986970 0.623254
vt 0.955006 0.621317
vt 0.952100 0.601945
vt 0.946289 0.622286
vt 0.941446 0.602914
vt 0.939508 0.625192
vt 0.929822 0.605820
vt 0.478450 0.482806
vt 0.463921 0.487649
vt 0.468764 0.471183
vt 0.474575 0.499272
vt 0.460046 0.504115
vt 0.450360 0.493461
vt 0.454234 0.476994
vt 0.898827 0.717210
vt 0.887203 0.712367
vt 0.888172 0.709461
vt 0.891078 0.706555
vt 0.893984 0.703649
vt 0.886235 0.715272
vt 0.885266 0.719147
vt 0.886235 0.723021
vt 0.870737 0.705586
vt 0.872674 0.699775
vt 0.876549 0.695900
vt 0.880423 0.692026
vt 0.867831 0.716241
vt 0.867831 0.722053
vt 0.868800 0.711398
vt 0.751598 0.654250
vt 0.782593 0.662968
vt 0.772907 0.676528
vt 0.757410 0.686214
vt 0.783562 0.645532
vt 0.774845 0.629066
vt 0.759347 0.623254
vt 0.793248 0.660062
vt 0.909482 0.661030
vt 0.909482 0.673622
vt 0.793248 0.672654
vt 0.909482 0.686214
vt 0.793248 0.686214
vt 0.793248 0.648438
vt 0.909482 0.648438
vt 0.793248 0.634878
vt 0.909482 0.634878
vt 0.793248 0.623254
vt 0.909482 0.622286
vt 0.751598 0.654250
vt 0.782593 0.662968
vt 0.772907 0.676528
vt 0.757410 0.686214
vt 0.783562 0.645532
vt 0.774845 0.629066
vt 0.759347 0.623254
vt 0.793248 0.660062
vt 0.909482 0.661030
vt 0.909482 0.673622
vt 0.793248 0.672654
vt 0.909482 0.686214
vt 0.793248 0.686214
vt 0.793248 0.648438
vt 0.909482 0.648438
vt 0.793248 0.634878
vt 0.909482 0.634878
vt 0.793248 0.623254
vt 0.909482 0.622286
vt 0.977284 0.373353
vt 0.978253 0.325891
vt 0.984065 0.325891
vt 0.983096 0.374321
vt 0.983096 0.374321
vt 0.984065 0.325891
vt 0.989876 0.325891
vt 0.988908 0.375290
vt 0.965661 0.374321
vt 0.965661 0.325891
vt 0.971473 0.325891
vt 0.971473 0.373353
vt 0.971473 0.373353
vt 0.971473 0.325891
vt 0.978253 0.325891
vt 0.977284 0.373353
vt 0.983096 0.374321
vt 0.977284 0.398537
vt 0.977284 0.373353
vt 0.988908 0.375290
vt 0.977284 0.398537
vt 0.983096 0.374321
vt 0.971473 0.373353
vt 0.977284 0.398537
vt 0.965661 0.374321
vt 0.977284 0.373353
vt 0.977284 0.398537
vt 0.971473 0.373353
vt 0.337032 0.960331
vt 0.368028 0.959362
vt 0.368028 0.969049
vt 0.337032 0.970017
vt 0.368028 0.979703
vt 0.337032 0.979703
vt 0.368028 0.990358
vt 0.336064 0.990358
vt 0.336064 0.949676
vt 0.367059 0.948708
vt 0.882360 0.741425
vt 0.892047 0.745300
vt 0.883329 0.729802
vt 0.869768 0.760797
vt 0.877517 0.767578
vt 0.900764 0.753048
vt 0.886235 0.772421
vt 0.911419 0.749174
vt 0.899795 0.733676
vt 0.875580 0.733676
vt 0.861051 0.755954
vt 0.910450 0.754986
vt 0.894952 0.776295
vt 0.902701 0.784044
vt 0.924979 0.760797
vt 0.929822 0.774358
vt 0.852333 0.751111
vt 0.371902 0.933210
vt 0.362216 0.926430
vt 0.357373 0.909963
vt 0.366091 0.900277
vt 0.339938 0.904152
vt 0.333158 0.894466
vt 0.333158 0.906089
vt 0.331221 0.924492
vt 0.338001 0.922555
vt 0.358342 0.934178
vt 0.340907 0.935147
vt 0.342844 0.929335
vt 0.977284 0.373353
vt 0.978253 0.325891
vt 0.984065 0.325891
vt 0.983096 0.374321
vt 0.983096 0.374321
vt 0.984065 0.325891
vt 0.989876 0.325891
vt 0.988908 0.375290
vt 0.965661 0.374321
vt 0.965661 0.325891
vt 0.971473 0.325891
vt 0.971473 0.373353
vt 0.971473 0.373353
vt 0.971473 0.325891
vt 0.978253 0.325891
vt 0.977284 0.373353
vt 0.983096 0.374321
vt 0.977284 0.398537
vt 0.977284 0.373353
vt 0.988908 0.375290
vt 0.977284 0.398537
vt 0.983096 0.374321
vt 0.971473 0.373353
vt 0.977284 0.398537
vt 0.965661 0.374321
vt 0.977284 0.373353
vt 0.977284 0.398537
vt 0.971473 0.373353
vt 0.977284 0.373353
vt 0.978253 0.325891
vt 0.984065 0.325891
vt 0.983096 0.374321
vt 0.983096 0.374321
vt 0.984065 0.325891
vt 0.989876 0.325891
vt 0.988908 0.375290
vt 0.965661 0.374321
vt 0.965661 0.325891
vt 0.971473 0.325891
vt 0.971473 0.373353
vt 0.971473 0.373353
vt 0.971473 0.325891
vt 0.978253 0.325891
vt 0.977284 0.373353
vt 0.983096 0.374321
vt 0.977284 0.398537
vt 0.977284 0.373353
vt 0.988908 0.375290
vt 0.977284 0.398537
vt 0.983096 0.374321
vt 0.971473 0.373353
vt 0.977284 0.398537
vt 0.965661 0.374321
vt 0.977284 0.373353
vt 0.977284 0.398537
vt 0.971473 0.373353
vt 0.339938 0.804385
vt 0.328315 0.789855
vt 0.309911 0.801479
vt 0.281822 0.785981
vt 0.364154 0.783075
vt 0.280853 0.798573
vt 0.232423 0.782107
vt 0.231454 0.794699
vt 0.186898 0.793730
vt 0.190772 0.779201
vt 0.370934 0.796636
vt 0.232423 0.782107
vt 0.231454 0.794699
vt 0.280853 0.798573
vt 0.281822 0.785981
vt 0.309911 0.801479
vt 0.328315 0.789855
vt 0.339938 0.804385
vt 0.346719 0.876062
vt 0.358342 0.890591
vt 0.376746 0.861533
vt 0.343813 0.852815
vt 0.357373 0.832474
vt 0.377714 0.828600
vt 0.346719 0.876062
vt 0.343813 0.852815
vt 0.357373 0.832474
vt 0.175275 0.671685
vt 0.179149 0.688151
vt 0.209176 0.674591
vt 0.193678 0.702681
vt 0.209176 0.706555
vt 0.183023 0.652313
vt 0.193678 0.702681
vt 0.179149 0.688151
vt 0.175275 0.671685
vt 0.320566 0.965174
vt 0.324441 0.991327
vt 0.331221 0.982609
vt 0.293445 0.970986
vt 0.294414 0.959362
vt 0.264387 0.957425
vt 0.262449 0.967111
vt 0.224674 0.964205
vt 0.223705 0.954519
vt 0.195615 0.966143
vt 0.191741 0.954519
vt 0.320566 0.965174
vt 0.293445 0.970986
vt 0.223705 0.954519
vt 0.224674 0.964205
vt 0.264387 0.957425
vt 0.294414 0.959362
vt 0.262449 0.967111
vt 0.231454 0.794699
vt 0.223705 0.954519
vt 0.264387 0.957425
vt 0.280853 0.798573
vt 0.294414 0.959362
vt 0.309911 0.801479
vt 0.321535 0.941927
vt 0.339938 0.804385
vt 0.191741 0.954519
vt 0.186898 0.793730
vt 0.320566 0.965174
vt 0.328315 0.945802
vt 0.231454 0.794699
vt 0.223705 0.954519
vt 0.264387 0.957425
vt 0.280853 0.798573
vt 0.294414 0.959362
vt 0.309911 0.801479
vt 0.321535 0.941927
vt 0.339938 0.804385
vt 0.320566 0.965174
vt 0.328315 0.945802
vt 0.035795 0.682340
vt 0.067759 0.689120
vt 0.072602 0.672654
vt 0.042575 0.667811
vt 0.055167 0.617443
vt 0.081319 0.617443
vt 0.035795 0.665873
vt 0.061947 0.507990
vt 0.043543 0.506053
vt 0.004799 0.696869
vt 0.013516 0.703649
vt 0.035795 0.682340
vt 0.042575 0.667811
vt 0.055167 0.617443
vt 0.035795 0.665873
vt 0.061947 0.507990
vt 0.043543 0.506053
vt 0.004799 0.696869
vt 0.013516 0.703649
vt 0.009642 0.502178
vt 0.051292 0.490555
vt 0.041606 0.468277
vt 0.061947 0.476026
vt 0.051292 0.490555
vt 0.009642 0.502178
vt 0.049355 0.748205
vt 0.061947 0.719147
vt 0.033857 0.710429
vt 0.018360 0.733676
vt 0.035795 0.682340
vt 0.067759 0.689120
vt 0.033857 0.710429
vt 0.018360 0.733676
vt 0.035795 0.682340
vt 0.035795 0.665873
vt 0.043543 0.506053
vt 0.009642 0.502178
vt 0.004799 0.696869
vt 0.122001 0.487649
vt 0.111346 0.567075
vt 0.134593 0.569012
vt 0.142342 0.490555
vt 0.163651 0.493461
vt 0.156871 0.571918
vt 0.033857 0.710429
vt 0.035795 0.682340
vt 0.013516 0.703649
vt 0.018360 0.733676
vt 0.122001 0.487649
vt 0.108440 0.486680
vt 0.095848 0.580636
vt 0.111346 0.567075
vt 0.123938 0.475057
vt 0.122001 0.487649
vt 0.142342 0.490555
vt 0.144279 0.476994
vt 0.164620 0.478931
vt 0.163651 0.493461
vt 0.134593 0.569012
vt 0.111346 0.567075
vt 0.109409 0.587416
vt 0.131687 0.590322
vt 0.153965 0.593228
vt 0.156871 0.571918
vt 0.035795 0.665873
vt 0.004799 0.696869
vt 0.009642 0.502178
vt 0.043543 0.506053
vt 0.033857 0.710429
vt 0.018360 0.733676
vt 0.013516 0.703649
vt 0.035795 0.682340
vt 0.122001 0.487649
vt 0.111346 0.567075
vt 0.095848 0.580636
vt 0.108440 0.486680
vt 0.934665 0.475057
vt 0.945320 0.475057
vt 0.948226 0.424689
vt 0.937571 0.424689
vt 0.920136 0.476026
vt 0.923042 0.422752
vt 0.958881 0.424689
vt 0.955975 0.474088
vt 0.972441 0.424689
vt 0.969535 0.475057
vt 0.983096 0.426627
vt 0.981159 0.476994
vt 0.993751 0.425658
vt 0.991813 0.478931
vt 0.939508 0.503147
vt 0.948226 0.503147
vt 0.945320 0.475057
vt 0.934665 0.475057
vt 0.933697 0.504115
vt 0.920136 0.476026
vt 0.955975 0.474088
vt 0.956943 0.503147
vt 0.969535 0.475057
vt 0.963724 0.503147
vt 0.981159 0.476994
vt 0.971473 0.504115
vt 0.991813 0.478931
vt 0.978253 0.506053
vt 0.937571 0.508958
vt 0.943383 0.507990
vt 0.931759 0.509927
vt 0.935634 0.514770
vt 0.941446 0.513802
vt 0.938540 0.417909
vt 0.937571 0.424689
vt 0.948226 0.424689
vt 0.948226 0.417909
vt 0.958881 0.424689
vt 0.958881 0.417909
vt 0.972441 0.424689
vt 0.971473 0.418878
vt 0.983096 0.426627
vt 0.982127 0.418878
vt 0.993751 0.425658
vt 0.989876 0.417909
vt 0.929822 0.415003
vt 0.923042 0.422752
vt 0.943383 0.414034
vt 0.942414 0.407254
vt 0.933697 0.404348
vt 0.928854 0.408223
vt 0.929822 0.415003
vt 0.938540 0.417909
vt 0.023203 0.174788
vt 0.012548 0.203846
vt 0.062916 0.224187
vt 0.068727 0.196097
vt 0.108440 0.240653
vt 0.111346 0.210626
vt 0.147185 0.223218
vt 0.143310 0.250339
vt 0.187866 0.227093
vt 0.189804 0.253245
vt 0.235328 0.246465
vt 0.227580 0.223218
vt 0.276979 0.232904
vt 0.269230 0.208689
vt 0.314754 0.192223
vt 0.322503 0.214501
vt 0.350593 0.171882
vt 0.366091 0.195129
vt 0.074539 0.157353
vt 0.068727 0.193191
vt 0.022234 0.170913
vt 0.111346 0.163164
vt 0.037732 0.137012
vt 0.311849 0.190285
vt 0.297319 0.155415
vt 0.349624 0.166070
vt 0.264387 0.162196
vt 0.334127 0.137981
vt 0.359311 0.066303
vt 0.318629 0.079864
vt 0.365122 0.097299
vt 0.322503 0.108922
vt 0.276979 0.119577
vt 0.274073 0.092456
vt 0.230485 0.099236
vt 0.229517 0.126357
vt 0.188835 0.102142
vt 0.185929 0.127326
vt 0.141373 0.120545
vt 0.146216 0.097299
vt 0.098754 0.107953
vt 0.103597 0.085675
vt 0.060978 0.066303
vt 0.056135 0.089550
vt 0.010611 0.072115
vt 0.017391 0.044994
vt 0.116189 0.168007
vt 0.151059 0.217406
vt 0.149122 0.170913
vt 0.115221 0.209658
vt 0.187866 0.219344
vt 0.184961 0.173819
vt 0.222736 0.169945
vt 0.224674 0.216438
vt 0.260512 0.167039
vt 0.265355 0.207720
vt 0.314754 0.040151
vt 0.319598 0.075989
vt 0.342844 0.027559
vt 0.358342 0.062429
vt 0.273104 0.088581
vt 0.275041 0.047900
vt 0.233391 0.053711
vt 0.228548 0.094393
vt 0.221768 0.094393
vt 0.222736 0.053711
vt 0.074539 0.032402
vt 0.038700 0.013030
vt 0.061947 0.063397
vt 0.019328 0.040151
vt 0.103597 0.081801
vt 0.115221 0.044025
vt 0.152996 0.051774
vt 0.148153 0.091487
vt 0.163651 0.093424
vt 0.164620 0.051774
vt 0.164620 0.051774
vt 0.163651 0.093424
vt 0.188835 0.095362
vt 0.192710 0.053711
vt 0.222736 0.053711
vt 0.221768 0.094393
vt 0.111346 0.210626
vt 0.068727 0.193191
vt 0.068727 0.196097
vt 0.022234 0.170913
vt 0.023203 0.174788
vt 0.151059 0.217406
vt 0.115221 0.209658
vt 0.147185 0.223218
vt 0.187866 0.219344
vt 0.187866 0.227093
vt 0.224674 0.216438
vt 0.227580 0.223218
vt 0.265355 0.207720
vt 0.269230 0.208689
vt 0.314754 0.192223
vt 0.311849 0.190285
vt 0.349624 0.166070
vt 0.350593 0.171882
vt 0.319598 0.075989
vt 0.318629 0.079864
vt 0.359311 0.066303
vt 0.358342 0.062429
vt 0.273104 0.088581
vt 0.274073 0.092456
vt 0.228548 0.094393
vt 0.230485 0.099236
vt 0.221768 0.094393
vt 0.188835 0.095362
vt 0.188835 0.102142
vt 0.163651 0.093424
vt 0.146216 0.097299
vt 0.221768 0.094393
vt 0.188835 0.095362
vt 0.163651 0.093424
vt 0.148153 0.091487
vt 0.103597 0.081801
vt 0.103597 0.085675
vt 0.061947 0.063397
vt 0.060978 0.066303
vt 0.019328 0.040151
vt 0.017391 0.044994
vt 0.323472 0.006249
vt 0.300225 0.020779
vt 0.314754 0.040151
vt 0.342844 0.027559
vt 0.275041 0.047900
vt 0.275041 0.032402
vt 0.233391 0.053711
vt 0.235328 0.037245
vt 0.222736 0.053711
vt 0.193678 0.044025
vt 0.192710 0.053711
vt 0.164620 0.051774
vt 0.192710 0.053711
vt 0.222736 0.053711
vt 0.164620 0.051774
vt 0.152996 0.051774
vt 0.154934 0.036276
vt 0.115221 0.044025
vt 0.117158 0.029496
vt 0.074539 0.032402
vt 0.079382 0.019810
vt 0.038700 0.013030
vt 0.046449 0.005281
vt 0.115221 0.144761
vt 0.079382 0.141855
vt 0.074539 0.157353
vt 0.111346 0.163164
vt 0.037732 0.137012
vt 0.057104 0.116671
vt 0.116189 0.168007
vt 0.144279 0.139918
vt 0.149122 0.170913
vt 0.183023 0.141855
vt 0.184961 0.173819
vt 0.226611 0.138949
vt 0.222736 0.169945
vt 0.264387 0.162196
vt 0.260512 0.167039
vt 0.111346 0.163164
vt 0.266324 0.144761
vt 0.294414 0.141855
vt 0.266324 0.144761
vt 0.264387 0.162196
vt 0.297319 0.155415
vt 0.326378 0.129263
vt 0.334127 0.137981
vt 0.012548 0.210626
vt 0.061947 0.229030
vt 0.062916 0.224187
vt 0.012548 0.203846
vt 0.108440 0.240653
vt 0.107472 0.245496
vt 0.143310 0.250339
vt 0.143310 0.255182
vt 0.189804 0.253245
vt 0.189804 0.257120
vt 0.235328 0.246465
vt 0.235328 0.251308
vt 0.276979 0.232904
vt 0.277947 0.237747
vt 0.322503 0.214501
vt 0.323472 0.220312
vt 0.366091 0.195129
vt 0.366091 0.200940
vt 0.229517 0.131200
vt 0.276979 0.125389
vt 0.276979 0.119577
vt 0.229517 0.126357
vt 0.184961 0.132169
vt 0.185929 0.127326
vt 0.322503 0.108922
vt 0.323472 0.114734
vt 0.365122 0.097299
vt 0.365122 0.104079
vt 0.141373 0.125389
vt 0.141373 0.120545
vt 0.099723 0.113765
vt 0.098754 0.107953
vt 0.055167 0.095362
vt 0.056135 0.089550
vt 0.010611 0.078895
vt 0.010611 0.072115
vt 0.115221 0.209658
vt 0.116189 0.168007
vt 0.111346 0.163164
vt 0.111346 0.210626
vt 0.260512 0.167039
vt 0.265355 0.207720
vt 0.269230 0.208689
vt 0.264387 0.162196
vt 0.222736 0.053711
vt 0.221768 0.094393
vt 0.221768 0.094393
vt 0.222736 0.053711
vt 0.163651 0.093424
vt 0.164620 0.051774
vt 0.164620 0.051774
vt 0.163651 0.093424
vt 0.513320 0.332671
vt 0.514288 0.419846
vt 0.545284 0.417909
vt 0.549158 0.298770
vt 0.434862 0.420815
vt 0.432925 0.333640
vt 0.403867 0.422752
vt 0.394181 0.302644
vt 0.515257 0.450842
vt 0.511382 0.294895
vt 0.531723 0.290052
vt 0.411615 0.292958
vt 0.434862 0.452779
vt 0.432925 0.296833
vt 0.511382 0.273586
vt 0.431956 0.274555
vt 0.511382 0.252277
vt 0.431956 0.253245
vt 0.532692 0.615506
vt 0.585966 0.612600
vt 0.580154 0.531236
vt 0.525912 0.535111
vt 0.545284 0.417909
vt 0.514288 0.419846
vt 0.513320 0.332671
vt 0.549158 0.298770
vt 0.434862 0.420815
vt 0.432925 0.333640
vt 0.403867 0.422752
vt 0.394181 0.302644
vt 0.515257 0.450842
vt 0.511382 0.294895
vt 0.531723 0.290052
vt 0.411615 0.292958
vt 0.434862 0.452779
vt 0.432925 0.296833
vt 0.511382 0.273586
vt 0.431956 0.274555
vt 0.511382 0.252277
vt 0.431956 0.253245
vt 0.580154 0.531236
vt 0.585966 0.612600
vt 0.532692 0.615506
vt 0.525912 0.535111
vn 0.9174 0.3954 -0.0455
vn 0.9642 0.2645 0.0206
vn 0.7828 0.3658 -0.5034
vn 0.7144 0.4969 -0.4926
vn 0.8410 0.2041 0.5011
vn 0.8353 0.2715 -0.4780
vn 0.7800 0.1547 0.6064
vn 0.4496 0.0071 0.8932
vn 0.5752 0.0299 0.8175
vn 0.2421 -0.0772 0.9672
vn 0.1457 -0.1451 0.9786
vn -0.0000 -0.1500 0.9887
vn 0.0000 -0.1834 0.9830
vn 0.4418 0.4053 -0.8004
vn 0.3680 0.4872 -0.7919
vn 0.4012 0.1282 -0.9070
vn 0.1176 0.6136 -0.7808
vn 0.1753 0.4284 -0.8864
vn 0.0040 -0.1259 -0.9920
vn 0.0000 -0.2075 -0.9782
vn -0.2930 -0.4945 -0.8183
vn 0.0000 -0.8739 -0.4860
vn 0.2806 -0.2374 -0.9300
vn 0.8554 0.0963 -0.5089
vn 0.9892 0.0999 0.1073
vn 0.9952 -0.0341 0.0922
vn 0.7463 0.0771 0.6611
vn 0.7266 -0.0021 0.6871
vn 0.9883 -0.0945 0.1200
vn 0.7205 -0.0753 0.6893
vn 0.8073 -0.0538 -0.5877
vn 0.7895 -0.1003 -0.6055
vn 0.7512 -0.1163 -0.6497
vn 0.9836 -0.1286 0.1266
vn 0.1564 -0.1328 -0.9787
vn 0.2036 -0.0197 0.9789
vn 0.1620 -0.0473 0.9857
vn 0.2051 -0.1810 -0.9619
vn -0.5797 -0.2124 -0.7866
vn 0.1109 -0.1602 -0.9808
vn -0.5645 -0.1404 -0.8134
vn -0.9224 -0.0963 -0.3740
vn -0.9097 -0.1342 -0.3930
vn -0.9211 -0.0747 -0.3822
vn -0.5762 -0.1291 -0.8070
vn 0.0868 -0.1311 -0.9876
vn 0.7726 0.1284 -0.6217
vn 0.0405 0.0492 -0.9980
vn -0.9242 0.0040 -0.3819
vn -0.5725 0.0371 -0.8191
vn 0.0345 -0.2017 -0.9788
vn -0.5067 -0.2364 -0.8291
vn -0.8635 -0.3514 -0.3619
vn -0.7874 -0.5118 -0.3437
vn 0.6343 -0.2329 -0.7372
vn 0.0465 -0.6214 -0.7821
vn -0.4883 -0.7216 -0.4907
vn -0.5945 -0.7428 -0.3079
vn 0.5668 -0.6943 -0.4435
vn 0.9877 -0.1472 -0.0528
vn 0.9864 0.0784 0.1447
vn 0.9499 -0.1544 0.2717
vn 0.6388 0.0453 0.7680
vn 0.5091 -0.0509 0.8592
vn 0.6888 -0.1546 0.7083
vn 0.0340 -0.1701 0.9848
vn -0.5169 -0.1254 0.8468
vn -0.6060 -0.1800 0.7749
vn -0.0336 0.0485 0.9983
vn -0.6504 0.0436 0.7583
vn -0.9428 -0.1209 0.3107
vn -0.9257 -0.1746 0.3357
vn -0.8867 -0.0726 0.4567
vn -0.4198 -0.0145 0.9075
vn -0.9677 -0.1081 0.2278
vn -0.9630 -0.1813 0.1995
vn -0.9647 -0.1193 0.2347
vn -0.9896 0.0287 0.1411
vn -0.9639 0.0350 0.2639
vn 0.2753 -0.0265 0.9610
vn -0.2103 -0.2031 0.9563
vn 0.1529 -0.1031 0.9828
vn 0.0566 -0.2354 0.9703
vn -0.0515 -0.5238 0.8503
vn -0.9881 -0.1222 0.0935
vn -0.8427 -0.4224 0.3339
vn -0.9203 -0.0818 0.3827
vn -0.7017 -0.6435 0.3059
vn -0.6944 -0.3331 0.6378
vn -0.6211 -0.0642 0.7811
vn -0.0327 -0.3687 0.9290
vn -0.0349 -0.0102 0.9993
vn 0.5532 -0.3900 0.7362
vn 0.8693 -0.4876 0.0809
vn 0.0996 -0.6470 0.7559
vn 0.0007 -0.3212 0.9470
vn -0.0112 -0.6712 0.7412
vn -0.0834 -0.6647 0.7425
vn 0.0532 -0.5188 0.8533
vn -0.0575 -0.2344 0.9704
vn -0.1457 -0.1450 0.9786
vn -0.2422 -0.0772 0.9671
vn -0.4496 0.0071 0.8932
vn -0.5750 0.0299 0.8176
vn -0.8411 0.2039 0.5010
vn -0.7800 0.1546 0.6064
vn -0.9641 0.2646 0.0205
vn -0.9174 0.3954 -0.0457
vn -0.7828 0.3658 -0.5034
vn -0.7144 0.4969 -0.4926
vn -0.8353 0.2716 -0.4781
vn -0.4418 0.4053 -0.8003
vn -0.3681 0.4872 -0.7919
vn -0.4012 0.1282 -0.9070
vn -0.1176 0.6136 -0.7808
vn -0.1754 0.4284 -0.8864
vn -0.0041 -0.1259 -0.9920
vn 0.2930 -0.4945 -0.8183
vn -0.8554 0.0964 -0.5090
vn -0.9892 0.0999 0.1073
vn -0.9951 -0.0341 0.0923
vn -0.7462 0.0771 0.6612
vn -0.7266 -0.0021 0.6871
vn -0.2806 -0.2374 -0.9300
vn -0.9883 -0.0944 0.1200
vn -0.7205 -0.0752 0.6894
vn -0.8073 -0.0537 -0.5876
vn -0.7895 -0.1004 -0.6055
vn -0.7512 -0.1161 -0.6498
vn -0.9836 -0.1285 0.1267
vn -0.1563 -0.1329 -0.9787
vn -0.2036 -0.0197 0.9789
vn -0.1620 -0.0473 0.9857
vn -0.2051 -0.1810 -0.9619
vn 0.5796 -0.2127 -0.7867
vn -0.1110 -0.1602 -0.9808
vn 0.5644 -0.1403 -0.8135
vn 0.9224 -0.0963 -0.3740
vn 0.9096 -0.1339 -0.3932
vn 0.9210 -0.0748 -0.3822
vn 0.5763 -0.1290 -0.8070
vn -0.0868 -0.1311 -0.9876
vn -0.7727 0.1282 -0.6217
vn -0.0405 0.0492 -0.9980
vn 0.9243 0.0041 -0.3815
vn 0.5727 0.0371 -0.8190
vn -0.0345 -0.2017 -0.9788
vn 0.5068 -0.2364 -0.8290
vn 0.8637 -0.3511 -0.3617
vn 0.7878 -0.5114 -0.3432
vn -0.6342 -0.2331 -0.7372
vn -0.0466 -0.6213 -0.7822
vn 0.4883 -0.7216 -0.4907
vn 0.5951 -0.7424 -0.3077
vn -0.5668 -0.6943 -0.4435
vn -0.9877 -0.1475 -0.0528
vn -0.9864 0.0781 0.1449
vn -0.9499 -0.1546 0.2718
vn -0.6387 0.0453 0.7681
vn -0.5091 -0.0509 0.8592
vn -0.6887 -0.1546 0.7084
vn -0.0342 -0.1701 0.9848
vn 0.5169 -0.1254 0.8468
vn 0.6059 -0.1800 0.7749
vn 0.0336 0.0485 0.9983
vn 0.6506 0.0435 0.7582
vn 0.9428 -0.1210 0.3107
vn 0.9257 -0.1745 0.3356
vn 0.8867 -0.0726 0.4565
vn 0.4198 -0.0144 0.9075
vn 0.9678 -0.1080 0.2274
vn 0.9630 -0.1811 0.1995
vn 0.9647 -0.1195 0.2347
vn 0.9896 0.0285 0.1411
vn 0.9640 0.0349 0.2638
vn -0.2753 -0.0265 0.9610
vn 0.2100 -0.2038 0.9562
vn -0.1530 -0.1030 0.9828
vn 0.9882 -0.1219 0.0924
vn 0.8430 -0.4220 0.3335
vn 0.9203 -0.0818 0.3826
vn 0.7018 -0.6434 0.3058
vn 0.6943 -0.3332 0.6378
vn 0.6214 -0.0643 0.7808
vn 0.0328 -0.3687 0.9290
vn 0.0349 -0.0102 0.9993
vn -0.5532 -0.3900 0.7362
vn -0.8693 -0.4876 0.0809
vn -0.6335 -0.1620 -0.7566
vn -0.7009 -0.6279 -0.3384
vn -0.9423 0.0749 -0.3263
vn 0.0003 -0.9851 -0.1722
vn 0.7005 -0.6286 -0.3380
vn 0.6336 -0.1623 -0.7565
vn 0.9424 0.0740 -0.3261
vn -0.3160 -0.6943 0.6466
vn -0.7631 -0.6011 0.2371
vn -0.9752 0.0758 0.2081
vn -0.9084 0.0230 0.4175
vn -0.0063 -0.9417 0.3363
vn 0.0002 -0.9932 0.1163
vn 0.7626 -0.6019 0.2371
vn 0.3231 -0.6884 0.6494
vn 0.9753 0.0750 0.2080
vn 0.9084 0.0231 0.4174
vn 0.9944 0.0281 0.1021
vn 0.7358 0.0108 -0.6772
vn 0.9904 0.0452 0.1304
vn 0.5893 -0.1273 0.7978
vn 0.6080 -0.1515 0.7793
vn -0.0503 -0.1970 0.9791
vn -0.0445 -0.1860 0.9815
vn -0.6274 -0.1894 0.7553
vn -0.6224 -0.1946 0.7581
vn -0.9375 -0.1433 0.3171
vn -0.9569 -0.0957 0.2742
vn 0.6939 0.0918 -0.7142
vn -0.0174 -0.0466 -0.9988
vn 0.6868 -0.1176 -0.7173
vn 0.0060 -0.2136 -0.9769
vn -0.5876 -0.1753 -0.7900
vn -0.6977 -0.0642 -0.7135
vn -0.9676 -0.0131 -0.2521
vn -0.7051 0.0528 -0.7071
vn -0.0413 0.1278 -0.9909
vn -0.9684 0.0034 -0.2493
vn 0.9336 0.2033 -0.2949
vn 0.5391 0.7618 -0.3592
vn 0.8154 0.5378 0.2141
vn 0.9859 0.1274 0.1086
vn 0.9811 -0.1021 -0.1642
vn 0.5648 0.4155 -0.7130
vn -0.0011 0.8872 -0.4613
vn -0.0024 0.4717 -0.8818
vn -0.6543 0.6867 -0.3167
vn -0.5371 0.4170 -0.7332
vn -0.0448 0.2186 -0.9748
vn -0.7447 -0.0097 -0.6674
vn 0.7754 0.2369 -0.5853
vn 0.9728 0.0442 0.2275
vn 0.6413 0.3072 -0.7031
vn -0.0598 0.4138 -0.9084
vn -0.6751 0.1875 -0.7135
vn 0.9259 -0.1394 0.3512
vn -0.9753 0.0957 -0.1989
vn -0.8771 0.4698 -0.0999
vn -0.9900 0.0789 -0.1171
vn -0.9546 -0.2469 -0.1668
vn -0.9809 0.0049 -0.1946
vn 0.5301 -0.2886 0.7973
vn 0.5676 -0.3073 0.7638
vn 0.5913 -0.1635 0.7897
vn -0.0388 -0.1867 0.9817
vn 0.0081 -0.2108 0.9775
vn -0.0319 -0.0830 0.9960
vn 0.5328 -0.0737 0.8430
vn -0.5521 -0.2949 0.7799
vn -0.5436 -0.0643 0.8369
vn 0.0384 -0.2483 0.9679
vn -0.6181 -0.2122 0.7569
vn -0.5328 -0.2315 0.8139
vn -0.8791 0.0552 0.4734
vn -0.7871 0.5462 0.2864
vn -0.7752 -0.3174 0.5462
vn 0.0265 -0.5183 0.8548
vn -0.5078 -0.4373 0.7422
vn -0.8052 -0.1999 0.5583
vn -0.7975 -0.1618 0.5812
vn 0.5176 -0.2858 0.8065
vn 0.9842 0.0573 0.1677
vn 0.7613 0.3734 -0.5300
vn 0.7025 0.3141 -0.6386
vn 0.6824 -0.0662 -0.7280
vn -0.0546 0.2632 -0.9632
vn -0.0440 -0.2098 -0.9768
vn -0.6497 0.2761 -0.7082
vn -0.6608 -0.0316 -0.7499
vn -0.9224 0.3307 -0.1995
vn -0.0537 0.4868 -0.8719
vn -0.7447 0.3863 -0.5443
vn -0.0000 0.3583 -0.9336
vn -0.0000 0.6691 -0.7432
vn -0.9944 0.0286 0.1021
vn -0.9904 0.0456 0.1303
vn -0.7357 0.0112 -0.6773
vn -0.5892 -0.1272 0.7979
vn -0.6079 -0.1515 0.7794
vn 0.0504 -0.1970 0.9791
vn 0.0444 -0.1859 0.9816
vn 0.6274 -0.1895 0.7553
vn 0.6227 -0.1944 0.7580
vn 0.9375 -0.1433 0.3171
vn 0.9567 -0.0963 0.2748
vn -0.6941 0.0924 -0.7140
vn 0.0175 -0.0466 -0.9988
vn -0.6868 -0.1177 -0.7173
vn -0.0061 -0.2136 -0.9769
vn 0.5875 -0.1753 -0.7900
vn 0.6977 -0.0643 -0.7135
vn 0.9676 -0.0135 -0.2520
vn 0.7053 0.0528 -0.7070
vn 0.0413 0.1278 -0.9909
vn 0.9685 0.0030 -0.2491
vn -0.9337 0.2028 -0.2951
vn -0.9859 0.1271 0.1084
vn -0.8155 0.5376 0.2143
vn -0.5398 0.7612 -0.3595
vn -0.9812 -0.1019 -0.1640
vn -0.5647 0.4155 -0.7131
vn 0.0011 0.8872 -0.4613
vn 0.0024 0.4717 -0.8818
vn 0.6545 0.6863 -0.3170
vn 0.5370 0.4169 -0.7334
vn 0.0449 0.2185 -0.9748
vn 0.7445 -0.0093 -0.6675
vn -0.7758 0.2364 -0.5851
vn -0.9728 0.0442 0.2276
vn -0.6412 0.3069 -0.7033
vn 0.0596 0.4138 -0.9084
vn 0.6752 0.1877 -0.7133
vn -0.9258 -0.1400 0.3511
vn 0.9753 0.0956 -0.1990
vn 0.8766 0.4707 -0.0997
vn 0.9899 0.0795 -0.1171
vn 0.9545 -0.2470 -0.1670
vn 0.9808 0.0051 -0.1947
vn -0.5301 -0.2886 0.7973
vn -0.5676 -0.3073 0.7638
vn -0.5913 -0.1636 0.7897
vn 0.0389 -0.1867 0.9816
vn -0.0081 -0.2108 0.9775
vn 0.0318 -0.0830 0.9960
vn -0.5327 -0.0738 0.8431
vn 0.5520 -0.2949 0.7799
vn 0.5436 -0.0642 0.8369
vn -0.0388 -0.2482 0.9679
vn 0.6180 -0.2123 0.7569
vn 0.5327 -0.2315 0.8140
vn 0.8792 0.0555 0.4733
vn 0.7868 0.5471 0.2859
vn 0.7752 -0.3174 0.5462
vn -0.0266 -0.5182 0.8548
vn 0.5077 -0.4373 0.7422
vn 0.8052 -0.1999 0.5583
vn 0.7975 -0.1618 0.5812
vn -0.5176 -0.2858 0.8064
vn -0.9842 0.0573 0.1677
vn -0.7614 0.3734 -0.5300
vn -0.7025 0.3141 -0.6386
vn -0.6824 -0.0662 -0.7280
vn 0.0546 0.2632 -0.9632
vn 0.0440 -0.2098 -0.9768
vn 0.6497 0.2762 -0.7082
vn 0.6608 -0.0316 -0.7499
vn 0.9224 0.3307 -0.1995
vn 0.0535 0.4868 -0.8719
vn 0.7446 0.3863 -0.5443
vn 0.8973 -0.0756 0.4348
vn 0.7657 -0.0910 0.6367
vn 0.4471 -0.2009 0.8716
vn 0.9644 0.0268 0.2629
vn 0.9896 -0.0044 0.1440
vn 0.9949 0.0909 0.0441
vn 0.8969 -0.0878 0.4333
vn 0.3696 -0.1673 0.9140
vn -0.4131 -0.2257 0.8823
vn -0.3325 -0.1765 0.9264
vn -0.4903 -0.1571 0.8573
vn 0.5696 -0.1856 0.8007
vn 0.8553 -0.1159 0.5049
vn -0.8606 -0.1317 0.4919
vn -0.8982 -0.1784 0.4017
vn 0.9313 -0.1818 0.3155
vn 0.9747 -0.1327 0.1800
vn -0.9874 -0.1348 0.0824
vn -0.9888 -0.1060 0.1046
vn -0.9046 -0.1401 0.4025
vn -0.9011 -0.1187 0.4171
vn -0.7226 -0.0933 0.6849
vn -0.9716 0.0044 0.2367
vn 0.9822 -0.0384 0.1840
vn -0.9942 -0.0876 0.0616
vn -0.9991 0.0000 0.0433
vn 0.9146 -0.1160 0.3875
vn 0.7093 -0.0630 0.7021
vn 0.9327 0.0421 0.3582
vn 0.0388 -0.0732 0.9966
vn 0.9333 0.1431 0.3293
vn 0.9488 0.1024 0.2989
vn 0.9530 0.0924 0.2886
vn 0.9537 0.0721 0.2921
vn -0.6910 -0.0153 0.7227
vn -0.8962 -0.0647 0.4389
vn -0.9253 0.0550 0.3751
vn -0.9284 0.1533 0.3386
vn -0.9337 0.1205 0.3373
vn -0.9327 0.1099 0.3434
vn -0.9302 0.1376 0.3403
vn 0.4344 0.2181 0.8739
vn 0.5311 0.2068 0.8217
vn 0.9005 0.0716 0.4290
vn 0.6065 0.3176 0.7289
vn 0.9441 0.1881 0.2708
vn 0.6371 0.4315 0.6387
vn 0.9361 0.2774 0.2163
vn -0.5145 0.3713 0.7729
vn -0.4570 0.2382 0.8570
vn -0.8743 0.0949 0.4761
vn -0.9347 0.1954 0.2969
vn -0.2914 0.1690 0.9416
vn 0.0452 0.1947 0.9798
vn 0.9462 0.1992 -0.2550
vn 0.7507 0.6174 -0.2352
vn 0.9681 0.2492 0.0252
vn 0.0550 0.5313 0.8454
vn 0.0338 0.5376 0.8425
vn -0.5958 0.3720 0.7118
vn -0.5969 0.4603 0.6571
vn -0.9175 0.3008 0.2601
vn -0.7705 0.5784 0.2678
vn -0.9909 0.1246 0.0509
vn -0.9597 0.2756 0.0552
vn -0.9900 -0.1003 -0.0988
vn -0.9601 -0.2430 -0.1382
vn 0.3406 0.7316 -0.5906
vn 0.2432 0.8909 -0.3837
vn 0.2150 0.9100 -0.3545
vn 0.0157 0.9278 -0.3728
vn 0.0157 0.9312 -0.3641
vn -0.1103 0.8474 -0.5194
vn -0.1354 0.8404 -0.5248
vn -0.3232 0.8163 -0.4788
vn -0.4393 0.7719 -0.4596
vn -0.6636 0.5784 -0.4744
vn -0.6542 0.5898 -0.4735
vn 0.0608 0.5720 -0.8180
vn 0.1794 0.5691 -0.8025
vn -0.9868 0.1562 0.0431
vn -0.8634 -0.4470 0.2342
vn -0.6598 0.1456 0.7372
vn -0.7221 0.6147 0.3172
vn -0.4182 0.7767 0.4711
vn -0.3000 0.5225 0.7981
vn -0.1764 0.0865 0.9805
vn 0.0100 0.6030 0.7977
vn 0.0133 0.2930 0.9560
vn -0.3401 -0.3553 0.8707
vn 0.1993 0.0866 0.9761
vn 0.3267 0.5346 0.7794
vn 0.6976 0.2403 0.6750
vn 0.4227 -0.3051 0.8534
vn 0.0073 0.8324 0.5542
vn 0.8671 0.4443 0.2253
vn 0.9031 -0.3781 0.2033
vn 0.5676 -0.6343 0.5248
vn 0.4716 0.7394 0.4805
vn -0.5831 -0.5668 0.5821
vn 0.9638 0.0212 -0.2659
vn 0.8135 0.2085 -0.5429
vn 0.8305 0.3345 -0.4453
vn 0.8351 0.3461 -0.4275
vn 0.8668 0.3892 -0.3117
vn 0.8693 0.3895 -0.3044
vn 0.6168 0.7345 -0.2829
vn 0.4919 0.8196 -0.2939
vn 0.0297 0.9940 -0.1054
vn 0.0428 0.9949 -0.0916
vn -0.6125 0.7757 -0.1523
vn -0.6037 0.7811 -0.1593
vn -0.8516 0.3901 -0.3501
vn -0.8316 0.4049 -0.3802
vn -0.6009 0.4593 -0.6542
vn -0.5760 0.4735 -0.6664
vn -0.7242 0.2282 -0.6507
vn -0.6505 0.3468 -0.6757
vn -0.7734 0.1285 -0.6208
vn 0.3978 0.0366 -0.9167
vn 0.4069 0.0441 -0.9124
vn 0.4042 0.2076 -0.8908
vn 0.3951 0.1856 -0.8997
vn 0.3519 0.2728 -0.8954
vn 0.3384 0.2674 -0.9022
vn 0.4851 -0.0485 -0.8731
vn 0.4996 -0.0557 -0.8645
vn 0.8806 -0.1267 -0.4567
vn 0.8845 -0.1219 -0.4503
vn 0.7898 -0.0885 -0.6069
vn 0.7781 -0.0879 -0.6219
vn 0.6191 -0.0579 -0.7832
vn 0.6072 -0.0486 -0.7931
vn 0.5210 -0.3201 -0.7913
vn 0.6526 -0.1136 -0.7491
vn 0.9760 0.0605 -0.2093
vn 0.9841 0.1206 -0.1306
vn 0.0041 0.9383 -0.3458
vn 0.0772 0.9445 -0.3194
vn 0.0206 0.9402 -0.3401
vn 0.0902 0.9450 -0.3145
vn -0.0502 0.5464 0.8360
vn -0.3386 0.6719 0.6587
vn -0.3111 0.6108 0.7281
vn 0.0024 0.5454 0.8382
vn -0.4774 0.8030 0.3569
vn -0.5077 0.8131 0.2849
vn 0.2248 0.6235 0.7488
vn 0.2365 0.7403 0.6294
vn 0.0291 0.4920 0.8701
vn 0.0000 0.4895 0.8720
vn 0.2802 0.8721 0.4011
vn 0.2896 0.8775 0.3823
vn -0.0188 0.9494 -0.3136
vn 0.0000 0.9506 -0.3104
vn -0.1135 0.9379 -0.3279
vn -0.1364 0.9337 -0.3309
vn 0.6437 0.5042 0.5757
vn -0.0046 0.9515 0.3076
vn -0.0052 0.9495 0.3137
vn 0.0041 0.9751 0.2217
vn 0.0048 0.9767 0.2144
vn -0.9789 0.0132 -0.2037
vn -0.9802 0.1143 0.1616
vn -0.9848 0.1004 0.1419
vn -0.9751 -0.0825 -0.2056
vn -0.4251 0.0399 -0.9043
vn -0.4143 0.0334 -0.9095
vn -0.6344 -0.0408 -0.7720
vn -0.6447 -0.0437 -0.7632
vn -0.5713 -0.0564 -0.8188
vn -0.5650 -0.0494 -0.8236
vn -0.4162 -0.0216 -0.9090
vn -0.4187 -0.0258 -0.9077
vn -0.5177 -0.0498 -0.8541
vn -0.5131 -0.0461 -0.8571
vn -0.4048 0.1130 -0.9074
vn -0.3888 0.1074 -0.9150
vn -0.3112 0.2458 -0.9180
vn -0.3002 0.2487 -0.9209
vn -0.3649 0.2254 0.9033
vn 0.0085 0.3474 0.9377
vn 0.0092 0.3449 0.9386
vn -0.3731 0.2097 0.9038
vn -0.5892 0.0622 0.8056
vn -0.5989 0.0881 0.7960
vn -0.8735 -0.0745 0.4811
vn -0.9039 -0.2645 0.3361
vn 0.4109 0.2750 0.8692
vn 0.4419 0.2700 0.8555
vn 0.8235 0.0632 0.5637
vn 0.7999 0.0945 0.5927
vn 0.9204 -0.0580 0.3867
vn -0.2979 -0.8327 0.4668
vn -0.2048 -0.8489 0.4873
vn -0.7222 0.6911 -0.0274
vn -0.7911 0.5317 -0.3022
vn 0.0124 0.8956 -0.4448
vn -0.4797 0.8724 0.0942
vn 0.3755 0.9264 -0.0281
vn 0.6666 0.7411 -0.0794
vn -0.7205 0.2099 -0.6609
vn -0.9720 0.0519 -0.2293
vn -0.9561 0.2025 -0.2120
vn -0.3905 0.1227 -0.9124
vn 0.0561 0.5782 -0.8140
vn 0.5931 0.3448 -0.7276
vn 0.7890 0.5284 -0.3134
vn 0.9568 0.2298 -0.1779
vn 0.9722 0.1023 -0.2106
vn 0.2756 0.0568 -0.9596
vn 0.0950 0.1241 -0.9877
vn -0.1154 0.1189 -0.9862
vn -0.0155 0.0015 -0.9999
vn -0.0179 0.0038 -0.9998
vn -0.0166 -0.0000 -0.9999
vn -0.0102 -0.0132 -0.9999
vn -0.0044 -0.0302 -0.9995
vn 0.0011 -0.0445 -0.9990
vn -0.0362 -0.2694 -0.9623
vn 0.0359 -0.2764 -0.9604
vn 0.0404 -0.7619 -0.6465
vn 0.1356 -0.6827 -0.7180
vn 0.3028 -0.8891 -0.3433
vn 0.0370 -0.9652 -0.2588
vn 0.5935 -0.8017 -0.0708
vn 0.6507 -0.7589 0.0247
vn 0.4381 -0.8960 -0.0719
vn 0.0027 -0.9897 -0.1428
vn -0.4513 -0.8910 -0.0492
vn -0.6770 -0.7325 0.0714
vn -0.6095 -0.7913 -0.0497
vn -0.3229 -0.8673 -0.3788
vn -0.2036 -0.7390 -0.6422
vn -0.8975 -0.0754 0.4345
vn -0.4471 -0.2010 0.8716
vn -0.7658 -0.0908 0.6366
vn -0.9645 0.0272 0.2626
vn -0.9896 -0.0043 0.1435
vn -0.9949 0.0909 0.0441
vn -0.8970 -0.0881 0.4331
vn -0.3695 -0.1674 0.9140
vn 0.4131 -0.2257 0.8823
vn 0.3325 -0.1765 0.9264
vn 0.4901 -0.1571 0.8574
vn -0.5696 -0.1855 0.8007
vn -0.8553 -0.1161 0.5049
vn 0.8606 -0.1317 0.4919
vn 0.8984 -0.1784 0.4014
vn -0.9314 -0.1816 0.3155
vn -0.9747 -0.1327 0.1800
vn 0.9875 -0.1346 0.0820
vn 0.9889 -0.1056 0.1046
vn 0.9045 -0.1402 0.4028
vn 0.9012 -0.1187 0.4169
vn 0.7226 -0.0933 0.6849
vn 0.9716 0.0042 0.2366
vn -0.9822 -0.0385 0.1836
vn 0.9943 -0.0877 0.0612
vn 0.9990 -0.0007 0.0436
vn -0.9144 -0.1162 0.3877
vn -0.7091 -0.0632 0.7023
vn -0.9327 0.0418 0.3583
vn -0.0388 -0.0732 0.9966
vn -0.9333 0.1431 0.3293
vn -0.9488 0.1024 0.2989
vn -0.9530 0.0924 0.2886
vn -0.9537 0.0721 0.2921
vn 0.6910 -0.0152 0.7227
vn 0.8961 -0.0646 0.4390
vn 0.9253 0.0550 0.3751
vn 0.9284 0.1533 0.3386
vn 0.9337 0.1205 0.3373
vn 0.9327 0.1099 0.3434
vn 0.9302 0.1376 0.3403
vn -0.4344 0.2181 0.8739
vn -0.9005 0.0716 0.4290
vn -0.5311 0.2068 0.8217
vn -0.6066 0.3176 0.7288
vn -0.9441 0.1881 0.2708
vn -0.6371 0.4314 0.6387
vn -0.9361 0.2774 0.2163
vn 0.5148 0.3715 0.7727
vn 0.4566 0.2382 0.8572
vn 0.8744 0.0957 0.4757
vn 0.9348 0.1953 0.2965
vn 0.2915 0.1685 0.9416
vn -0.0452 0.1947 0.9798
vn -0.9459 0.2001 -0.2555
vn -0.7493 0.6192 -0.2347
vn -0.9672 0.2529 0.0260
vn -0.0552 0.5313 0.8454
vn -0.0336 0.5376 0.8426
vn 0.5955 0.3718 0.7121
vn 0.5967 0.4604 0.6572
vn 0.9177 0.3004 0.2599
vn 0.7703 0.5787 0.2677
vn 0.9909 0.1251 0.0506
vn 0.9596 0.2759 0.0549
vn 0.9902 -0.0991 -0.0988
vn 0.9601 -0.2430 -0.1382
vn -0.3400 0.7318 -0.5906
vn -0.2432 0.8909 -0.3837
vn -0.2150 0.9100 -0.3545
vn -0.0157 0.9278 -0.3728
vn -0.0156 0.9312 -0.3641
vn 0.1102 0.8474 -0.5194
vn 0.1353 0.8404 -0.5248
vn 0.3231 0.8163 -0.4788
vn 0.4391 0.7720 -0.4596
vn 0.6637 0.5782 -0.4746
vn 0.6545 0.5894 -0.4736
vn -0.0621 0.5721 -0.8178
vn -0.1806 0.5692 -0.8021
vn 0.9868 0.1562 0.0431
vn 0.8634 -0.4470 0.2342
vn 0.6598 0.1456 0.7372
vn 0.7221 0.6147 0.3172
vn 0.4182 0.7767 0.4711
vn 0.2999 0.5226 0.7981
vn 0.1764 0.0865 0.9805
vn -0.0099 0.6030 0.7977
vn -0.0137 0.2930 0.9560
vn 0.3401 -0.3553 0.8707
vn -0.1992 0.0865 0.9761
vn -0.3270 0.5345 0.7794
vn -0.6973 0.2401 0.6754
vn -0.4227 -0.3049 0.8534
vn -0.0073 0.8324 0.5542
vn -0.8658 0.4464 0.2262
vn -0.9027 -0.3784 0.2047
vn -0.5685 -0.6324 0.5262
vn -0.4715 0.7396 0.4803
vn 0.5831 -0.5668 0.5821
vn -0.9630 0.0224 -0.2687
vn -0.8135 0.2085 -0.5429
vn -0.8305 0.3345 -0.4453
vn -0.8351 0.3461 -0.4275
vn -0.8668 0.3892 -0.3117
vn -0.8693 0.3895 -0.3044
vn -0.6168 0.7345 -0.2829
vn -0.4919 0.8196 -0.2939
vn -0.0297 0.9940 -0.1054
vn -0.0428 0.9949 -0.0916
vn 0.6125 0.7757 -0.1523
vn 0.6038 0.7811 -0.1591
vn 0.8530 0.3892 -0.3477
vn 0.8331 0.4040 -0.3777
vn 0.6009 0.4595 -0.6540
vn 0.5760 0.4737 -0.6662
vn 0.7266 0.2278 -0.6481
vn 0.6530 0.3464 -0.6735
vn 0.7756 0.1286 -0.6180
vn -0.3978 0.0366 -0.9167
vn -0.3951 0.1856 -0.8997
vn -0.4042 0.2076 -0.8908
vn -0.4069 0.0441 -0.9124
vn -0.3519 0.2728 -0.8954
vn -0.3384 0.2674 -0.9022
vn -0.4851 -0.0485 -0.8731
vn -0.4996 -0.0557 -0.8645
vn -0.8806 -0.1266 -0.4567
vn -0.8845 -0.1217 -0.4504
vn -0.7882 -0.0886 -0.6091
vn -0.7766 -0.0880 -0.6238
vn -0.6208 -0.0577 -0.7819
vn -0.6090 -0.0484 -0.7917
vn -0.5210 -0.3202 -0.7912
vn -0.6525 -0.1139 -0.7492
vn -0.9760 0.0605 -0.2093
vn -0.9841 0.1206 -0.1306
vn -0.0041 0.9383 -0.3458
vn -0.0206 0.9402 -0.3401
vn -0.0773 0.9445 -0.3194
vn -0.0902 0.9450 -0.3145
vn 0.0501 0.5464 0.8360
vn -0.0024 0.5454 0.8382
vn 0.3106 0.6108 0.7283
vn 0.3380 0.6719 0.6590
vn 0.4763 0.8030 0.3582
vn 0.5067 0.8132 0.2863
vn -0.2248 0.6234 0.7489
vn -0.0291 0.4920 0.8701
vn -0.2365 0.7402 0.6294
vn -0.2802 0.8721 0.4011
vn -0.2896 0.8775 0.3823
vn 0.0188 0.9494 -0.3136
vn 0.1364 0.9337 -0.3309
vn 0.1134 0.9379 -0.3279
vn -0.6437 0.5042 0.5757
vn 0.0046 0.9515 0.3076
vn -0.0048 0.9767 0.2144
vn -0.0041 0.9751 0.2217
vn 0.0052 0.9495 0.3137
vn 0.9789 0.0132 -0.2037
vn 0.9751 -0.0825 -0.2056
vn 0.9848 0.1004 0.1419
vn 0.9802 0.1143 0.1616
vn 0.4251 0.0399 -0.9043
vn 0.4143 0.0334 -0.9095
vn 0.6344 -0.0408 -0.7720
vn 0.6447 -0.0437 -0.7632
vn 0.5713 -0.0564 -0.8188
vn 0.5650 -0.0494 -0.8236
vn 0.4163 -0.0215 -0.9090
vn 0.4187 -0.0256 -0.9077
vn 0.5177 -0.0496 -0.8541
vn 0.5131 -0.0459 -0.8571
vn 0.4048 0.1129 -0.9074
vn 0.3888 0.1073 -0.9151
vn 0.3112 0.2456 -0.9180
vn 0.3002 0.2485 -0.9209
vn 0.3657 0.2263 0.9028
vn 0.3731 0.2108 0.9035
vn -0.0092 0.3450 0.9386
vn -0.0085 0.3474 0.9377
vn 0.5891 0.0624 0.8057
vn 0.5987 0.0882 0.7961
vn 0.8736 -0.0746 0.4809
vn 0.9038 -0.2650 0.3359
vn -0.4109 0.2750 0.8692
vn -0.4419 0.2700 0.8555
vn -0.8223 0.0644 0.5653
vn -0.7990 0.0954 0.5938
vn -0.9191 -0.0558 0.3901
vn 0.2989 -0.8326 0.4663
vn 0.2061 -0.8488 0.4868
vn 0.7222 0.6911 -0.0274
vn -0.0122 0.8955 -0.4448
vn 0.7911 0.5318 -0.3021
vn 0.4798 0.8723 0.0939
vn -0.3755 0.9264 -0.0279
vn -0.6667 0.7411 -0.0793
vn 0.7206 0.2098 -0.6609
vn 0.9720 0.0521 -0.2291
vn 0.9560 0.2030 -0.2118
vn 0.3906 0.1228 -0.9124
vn -0.0563 0.5782 -0.8140
vn -0.5932 0.3451 -0.7274
vn -0.7891 0.5283 -0.3133
vn -0.9569 0.2293 -0.1781
vn -0.9722 0.1023 -0.2106
vn -0.2757 0.0567 -0.9596
vn -0.0950 0.1241 -0.9877
vn 0.1154 0.1189 -0.9862
vn 0.0155 0.0015 -0.9999
vn 0.0179 0.0038 -0.9998
vn 0.0166 -0.0000 -0.9999
vn 0.0102 -0.0132 -0.9999
vn 0.0044 -0.0302 -0.9995
vn -0.0011 -0.0445 -0.9990
vn 0.0362 -0.2694 -0.9623
vn -0.0359 -0.2763 -0.9604
vn -0.0404 -0.7619 -0.6465
vn -0.1356 -0.6827 -0.7180
vn -0.3026 -0.8891 -0.3434
vn -0.0371 -0.9652 -0.2588
vn -0.5933 -0.8018 -0.0707
vn -0.6506 -0.7590 0.0249
vn -0.4380 -0.8961 -0.0718
vn -0.0024 -0.9897 -0.1428
vn 0.4514 -0.8909 -0.0494
vn 0.6768 -0.7327 0.0710
vn 0.6086 -0.7919 -0.0508
vn 0.3221 -0.8676 -0.3788
vn 0.2036 -0.7395 -0.6416
vn 0.5762 0.6732 0.4635
vn 0.9565 0.2733 0.1017
vn 0.9763 0.2071 0.0633
vn 0.9713 0.2343 -0.0420
vn 0.9778 0.2086 -0.0188
vn 0.4332 0.7154 0.5482
vn -0.5550 0.6634 0.5019
vn -0.4895 0.6628 0.5666
vn -0.9116 0.2432 0.3313
vn -0.9500 0.1836 0.2524
vn -0.2696 0.9038 0.3325
vn -0.8043 0.5469 0.2325
vn -0.9549 0.2621 0.1393
vn -0.4004 0.8679 0.2939
vn 0.2534 0.9052 0.3413
vn 0.7751 0.5974 0.2058
vn 0.4539 0.8553 0.2498
vn -0.9489 0.3041 0.0839
vn -0.9186 0.3369 0.2065
vn 0.1755 0.5137 0.8398
vn 0.5814 0.5395 0.6091
vn -0.0988 0.4989 0.8610
vn -0.5239 0.5087 0.6832
vn -0.9655 0.2548 0.0534
vn -0.9726 0.1825 0.1442
vn -0.9659 0.2159 0.1430
vn -0.9799 0.1921 0.0533
vn 0.9338 0.3545 0.0486
vn 0.9616 0.2744 0.0061
vn 0.9759 0.2176 -0.0154
vn 0.9796 0.2003 0.0137
vn 0.9087 0.3833 0.1655
vn 0.9634 0.2192 0.1545
vn 0.7088 0.1349 0.6924
vn 0.6729 0.1179 0.7302
vn 0.0832 0.0669 0.9943
vn 0.0772 0.0462 0.9959
vn -0.5661 -0.0287 0.8239
vn -0.6239 0.0048 0.7815
vn -0.9678 0.1449 0.2058
vn -0.9842 0.1706 0.0469
vn 0.9811 0.1660 -0.0990
vn 0.9151 0.1071 -0.3888
vn 0.9608 0.0116 -0.2770
vn 0.9073 -0.0226 -0.4199
vn 0.4476 0.0569 -0.8924
vn 0.9165 0.1830 -0.3556
vn 0.4721 -0.0280 -0.8811
vn -0.5497 0.0459 -0.8341
vn 0.4421 0.1751 -0.8797
vn -0.5154 0.1462 -0.8444
vn -0.5022 -0.0165 -0.8646
vn -0.9358 0.1011 -0.3378
vn -0.9362 0.0005 -0.3513
vn -0.9824 0.0997 -0.1578
vn -0.9649 0.1888 -0.1824
vn -0.9869 0.0093 -0.1613
vn -0.9180 0.2049 -0.3396
vn -0.5813 0.2334 -0.7795
vn -0.9611 0.1202 -0.2486
vn -0.9571 0.0381 -0.2872
vn -0.6511 0.2166 -0.7274
vn 0.5543 0.2647 -0.7891
vn 0.4932 0.2589 -0.8305
vn 0.9337 0.1703 -0.3149
vn 0.0000 -1.0000 -0.0000
vn -0.0176 -0.9578 -0.2869
vn -0.0100 -0.9635 -0.2674
vn -0.0244 -0.8455 -0.5334
vn -0.0109 -0.8552 -0.5182
vn 0.0169 -0.0094 0.9998
vn 0.0163 -0.0077 0.9998
vn 0.0165 -0.0082 0.9998
vn 0.0171 -0.0099 0.9998
vn -0.6581 0.2055 0.7243
vn 0.0424 0.0674 0.9968
vn 0.7107 0.2699 0.6497
vn -0.1631 0.9828 0.0870
vn -0.0695 0.9923 0.1026
vn 0.0177 0.9970 0.0749
vn 0.0180 0.9972 0.0731
vn 0.0772 0.9946 0.0694
vn 0.0845 0.9942 0.0659
vn 0.1237 0.9917 0.0337
vn -0.2522 0.9649 0.0738
vn 0.9407 -0.2575 -0.2208
vn 0.5493 -0.0872 -0.8311
vn 0.9665 -0.0491 -0.2519
vn 0.9990 -0.0425 -0.0109
vn 0.9728 -0.2286 0.0387
vn 0.5887 -0.1815 -0.7877
vn 0.0156 -0.1240 -0.9922
vn 0.0065 -0.0950 -0.9955
vn -0.5962 -0.0922 -0.7975
vn -0.6386 0.0810 -0.7653
vn -0.6256 0.0741 -0.7766
vn -0.0250 0.0355 -0.9991
vn 0.6702 -0.0580 -0.7399
vn 0.9892 0.1213 -0.0817
vn -0.9605 -0.0594 -0.2718
vn -0.9629 -0.1831 -0.1982
vn -0.9963 -0.0723 -0.0458
vn -0.9706 0.1502 -0.1879
vn -0.5976 0.3713 -0.7106
vn -0.9735 -0.1327 -0.1861
vn -0.0053 -0.0518 -0.9986
vn 0.6647 -0.1166 -0.7380
vn 0.9214 -0.3869 -0.0355
vn 0.9523 -0.3037 0.0281
vn 0.9400 -0.1880 -0.2849
vn 0.9400 -0.1324 -0.3144
vn 0.5977 -0.1274 -0.7915
vn 0.6425 -0.2120 -0.7364
vn 0.9406 -0.1197 -0.3178
vn 0.5400 -0.0542 -0.8399
vn -0.6350 -0.1386 -0.7600
vn -0.6206 -0.0722 -0.7808
vn 0.0232 -0.1011 -0.9946
vn -0.9828 -0.1048 -0.1520
vn -0.9780 -0.1533 -0.1414
vn -0.6721 -0.1924 -0.7150
vn -0.9739 -0.1883 -0.1267
vn 0.0581 -0.0321 -0.9978
vn -0.7048 -0.0764 -0.7053
vn -0.6953 -0.0860 -0.7135
vn 0.0653 -0.0257 -0.9975
vn -0.9843 -0.1042 -0.1426
vn -0.9767 -0.1338 -0.1681
vn 0.6927 -0.1023 -0.7139
vn 0.7309 -0.1024 -0.6748
vn 0.9914 -0.1226 -0.0455
vn 0.9865 -0.1397 -0.0858
vn 0.9861 -0.0872 0.1412
vn -0.4051 -0.8926 -0.1980
vn -0.1209 -0.9651 -0.2322
vn 0.1423 -0.9497 -0.2788
vn 0.3456 -0.9034 -0.2536
vn -0.2654 -0.9627 -0.0532
vn -0.2542 -0.9659 -0.0499
vn 0.3937 -0.9081 -0.1426
vn 0.3850 -0.9125 -0.1385
vn -0.5966 -0.2962 -0.7459
vn -0.6002 0.0303 -0.7993
vn 0.5421 0.0451 -0.8391
vn 0.5148 -0.2957 -0.8047
vn -0.6792 0.3068 -0.6668
vn -0.9798 0.0998 -0.1731
vn -0.9824 0.0828 -0.1672
vn 0.6264 0.3100 -0.7152
vn 0.9542 0.0710 -0.2905
vn 0.9489 -0.0379 -0.3132
vn 0.9406 0.0519 -0.3356
vn -0.9775 -0.0109 -0.2105
vn 0.4371 0.8839 -0.1661
vn 0.4281 0.8888 -0.1636
vn 0.1350 0.9506 -0.2794
vn 0.4771 0.8361 -0.2707
vn -0.6984 0.6848 -0.2080
vn -0.1393 0.9602 -0.2420
vn -0.2022 0.9782 -0.0464
vn -0.1857 0.9816 -0.0442
vn -0.1859 -0.9824 -0.0195
vn -0.1887 -0.9818 -0.0195
vn -0.0945 -0.9920 -0.0837
vn -0.0843 -0.9928 -0.0848
vn -0.0006 -0.9992 -0.0409
vn 0.0009 -0.9995 -0.0317
vn -0.0232 -0.9997 0.0042
vn -0.0136 -0.9925 0.1218
vn 0.0999 -0.9948 -0.0214
vn 0.1184 -0.9927 -0.0227
vn -0.2069 0.9530 -0.2215
vn -0.2051 0.9541 -0.2184
vn -0.5449 0.8318 -0.1055
vn -0.5503 0.8281 -0.1069
vn 0.0188 0.8963 -0.4430
vn 0.0332 0.8940 -0.4469
vn 0.3066 0.9124 -0.2713
vn 0.2805 0.9124 -0.2981
vn 0.6710 0.7405 -0.0365
vn 0.6838 0.7266 -0.0669
vn 0.8443 -0.5245 0.1099
vn 0.7899 -0.6035 0.1088
vn -0.6132 0.0345 -0.7892
vn -0.6272 0.0339 -0.7781
vn 0.5796 0.0180 -0.8147
vn 0.5445 0.0226 -0.8385
vn -0.9716 0.0103 -0.2364
vn -0.9722 0.0127 -0.2338
vn 0.9322 -0.0129 -0.3617
vn 0.9318 -0.0116 -0.3629
vn -0.5761 0.6733 0.4635
vn -0.9762 0.2075 0.0633
vn -0.9565 0.2733 0.1017
vn -0.9712 0.2343 -0.0421
vn -0.9778 0.2086 -0.0188
vn -0.4332 0.7154 0.5482
vn 0.5552 0.6632 0.5019
vn 0.4895 0.6628 0.5666
vn 0.9118 0.2427 0.3313
vn 0.9501 0.1834 0.2525
vn 0.2695 0.9038 0.3325
vn 0.8041 0.5472 0.2324
vn 0.9549 0.2623 0.1395
vn 0.4004 0.8679 0.2938
vn -0.2534 0.9052 0.3413
vn -0.7750 0.5975 0.2059
vn -0.4538 0.8554 0.2496
vn 0.9489 0.3043 0.0838
vn 0.9186 0.3369 0.2065
vn -0.1756 0.5136 0.8399
vn -0.5817 0.5394 0.6088
vn 0.0986 0.4991 0.8609
vn 0.5238 0.5088 0.6832
vn 0.9654 0.2551 0.0533
vn 0.9723 0.1831 0.1450
vn 0.9658 0.2162 0.1435
vn 0.9799 0.1924 0.0532
vn -0.9337 0.3546 0.0488
vn -0.9616 0.2742 0.0063
vn -0.9760 0.2174 -0.0155
vn -0.9798 0.1997 0.0135
vn -0.9086 0.3836 0.1654
vn -0.9633 0.2197 0.1544
vn -0.7086 0.1350 0.6925
vn -0.6728 0.1180 0.7304
vn -0.0832 0.0669 0.9943
vn -0.0772 0.0462 0.9959
vn 0.5661 -0.0287 0.8239
vn 0.6239 0.0048 0.7815
vn 0.9678 0.1449 0.2058
vn 0.9842 0.1706 0.0469
vn -0.9812 0.1656 -0.0991
vn -0.9150 0.1071 -0.3889
vn -0.9165 0.1830 -0.3558
vn -0.4475 0.0568 -0.8925
vn -0.9071 -0.0226 -0.4202
vn -0.4721 -0.0280 -0.8811
vn 0.5497 0.0461 -0.8341
vn -0.4425 0.1751 -0.8795
vn 0.5149 0.1462 -0.8447
vn 0.5022 -0.0165 -0.8646
vn 0.9358 0.1011 -0.3378
vn 0.9363 0.0003 -0.3512
vn -0.9607 0.0118 -0.2773
vn 0.9825 0.0996 -0.1577
vn 0.9648 0.1892 -0.1824
vn 0.9870 0.0087 -0.1607
vn 0.9179 0.2051 -0.3397
vn 0.5814 0.2332 -0.7795
vn 0.9612 0.1203 -0.2484
vn 0.9572 0.0376 -0.2870
vn 0.6511 0.2166 -0.7274
vn -0.5543 0.2647 -0.7891
vn -0.4932 0.2590 -0.8305
vn -0.9337 0.1704 -0.3150
vn 0.0176 -0.9578 -0.2869
vn 0.0100 -0.9635 -0.2674
vn 0.0244 -0.8455 -0.5334
vn 0.0109 -0.8552 -0.5182
vn -0.0169 -0.0094 0.9998
vn -0.0171 -0.0099 0.9998
vn -0.0165 -0.0082 0.9998
vn -0.0163 -0.0077 0.9998
vn 0.6581 0.2055 0.7243
vn -0.0423 0.0674 0.9968
vn -0.7107 0.2692 0.6499
vn 0.1631 0.9828 0.0870
vn -0.0180 0.9972 0.0731
vn -0.0177 0.9970 0.0749
vn 0.0695 0.9923 0.1026
vn -0.0772 0.9946 0.0694
vn -0.0845 0.9942 0.0659
vn -0.1237 0.9917 0.0337
vn 0.2522 0.9649 0.0738
vn -0.9405 -0.2581 -0.2210
vn -0.9665 -0.0488 -0.2521
vn -0.5490 -0.0872 -0.8313
vn -0.9991 -0.0421 -0.0109
vn -0.9726 -0.2293 0.0387
vn -0.5885 -0.1815 -0.7879
vn -0.0156 -0.1239 -0.9922
vn -0.0066 -0.0951 -0.9954
vn 0.5959 -0.0922 -0.7978
vn 0.6387 0.0811 -0.7651
vn 0.6256 0.0739 -0.7766
vn 0.0250 0.0355 -0.9991
vn -0.6701 -0.0578 -0.7400
vn -0.9892 0.1220 -0.0817
vn 0.9605 -0.0596 -0.2719
vn 0.9630 -0.1827 -0.1980
vn 0.9963 -0.0726 -0.0458
vn 0.9706 0.1502 -0.1879
vn 0.5977 0.3714 -0.7105
vn 0.9738 -0.1309 -0.1862
vn 0.0053 -0.0518 -0.9986
vn -0.6644 -0.1169 -0.7382
vn -0.9208 -0.3884 -0.0355
vn -0.9519 -0.3052 0.0281
vn -0.9399 -0.1875 -0.2852
vn -0.6425 -0.2120 -0.7364
vn -0.5976 -0.1273 -0.7916
vn -0.9399 -0.1319 -0.3150
vn -0.9404 -0.1197 -0.3183
vn -0.5398 -0.0542 -0.8401
vn 0.6348 -0.1386 -0.7602
vn 0.6204 -0.0721 -0.7810
vn -0.0232 -0.1011 -0.9946
vn 0.9829 -0.1040 -0.1522
vn 0.9780 -0.1532 -0.1414
vn 0.6722 -0.1929 -0.7148
vn 0.9738 -0.1890 -0.1266
vn -0.0581 -0.0321 -0.9978
vn -0.0653 -0.0257 -0.9975
vn 0.6954 -0.0860 -0.7134
vn 0.7045 -0.0767 -0.7055
vn 0.9843 -0.1042 -0.1426
vn 0.9768 -0.1333 -0.1677
vn -0.6927 -0.1023 -0.7139
vn -0.7309 -0.1024 -0.6748
vn -0.9914 -0.1226 -0.0455
vn -0.9865 -0.1397 -0.0858
vn -0.9861 -0.0872 0.1412
vn 0.4051 -0.8926 -0.1980
vn -0.3431 -0.9047 -0.2527
vn -0.1424 -0.9499 -0.2782
vn 0.1209 -0.9651 -0.2322
vn 0.2654 -0.9627 -0.0532
vn 0.2542 -0.9659 -0.0499
vn -0.3955 -0.9072 -0.1435
vn -0.3870 -0.9115 -0.1395
vn 0.5966 -0.2962 -0.7459
vn -0.5148 -0.2957 -0.8047
vn -0.5420 0.0451 -0.8391
vn 0.6002 0.0303 -0.7993
vn 0.6792 0.3068 -0.6668
vn 0.9798 0.0998 -0.1731
vn 0.9824 0.0828 -0.1672
vn -0.6263 0.3099 -0.7153
vn -0.9542 0.0707 -0.2907
vn -0.9489 -0.0379 -0.3132
vn -0.9404 0.0510 -0.3362
vn 0.9775 -0.0109 -0.2105
vn -0.4391 0.8829 -0.1666
vn -0.4728 0.8389 -0.2696
vn -0.1351 0.9507 -0.2791
vn -0.4303 0.8876 -0.1642
vn 0.6974 0.6857 -0.2082
vn 0.1392 0.9602 -0.2420
vn 0.2022 0.9782 -0.0465
vn 0.1858 0.9816 -0.0443
vn 0.1859 -0.9824 -0.0196
vn 0.0848 -0.9928 -0.0848
vn 0.0947 -0.9920 -0.0840
vn 0.1887 -0.9818 -0.0196
vn 0.0006 -0.9992 -0.0409
vn -0.0009 -0.9995 -0.0317
vn 0.0232 -0.9997 0.0042
vn 0.0136 -0.9925 0.1218
vn -0.0999 -0.9948 -0.0214
vn -0.1184 -0.9927 -0.0227
vn 0.2070 0.9529 -0.2215
vn 0.5542 0.8254 -0.1076
vn 0.5487 0.8292 -0.1062
vn 0.2052 0.9541 -0.2184
vn -0.0188 0.8963 -0.4430
vn -0.0332 0.8940 -0.4469
vn -0.3066 0.9124 -0.2713
vn -0.2805 0.9124 -0.2981
vn -0.6711 0.7405 -0.0365
vn -0.6838 0.7266 -0.0669
vn -0.8443 -0.5245 0.1099
vn -0.7900 -0.6034 0.1088
vn 0.6133 0.0348 -0.7891
vn -0.5447 0.0225 -0.8383
vn -0.5798 0.0180 -0.8145
vn 0.6269 0.0341 -0.7783
vn 0.9715 0.0105 -0.2367
vn 0.9721 0.0127 -0.2343
vn -0.9324 -0.0129 -0.3613
vn -0.9319 -0.0116 -0.3625
vn 0.1751 -0.0307 0.9841
vn 0.2489 -0.1293 0.9599
vn 0.4505 -0.0570 0.8909
vn -0.2724 -0.1275 0.9537
vn -0.1710 -0.0397 0.9845
vn -0.4630 -0.1029 0.8804
vn -0.2487 -0.3081 0.9182
vn -0.5063 -0.2369 0.8292
vn -0.5645 -0.1530 0.8111
vn 0.2887 -0.3013 0.9088
vn 0.5568 -0.2456 0.7935
vn 0.5144 -0.1674 0.8411
vn 0.1857 -0.4189 0.8888
vn -0.1573 -0.4268 0.8905
vn 0.9997 0.0241 0.0011
vn 0.9971 0.0755 0.0000
vn 0.9972 0.0751 0.0009
vn 0.9995 0.0325 0.0019
vn 0.9399 -0.3406 -0.0232
vn 0.9450 -0.3249 -0.0372
vn 0.7911 -0.5784 -0.1990
vn 0.7899 -0.5707 -0.2243
vn 0.4164 0.9092 0.0000
vn 0.2192 0.9757 0.0000
vn 0.1628 0.9867 0.0000
vn -0.2262 0.9741 0.0000
vn -0.2798 0.9601 0.0000
vn -0.4672 0.8841 0.0000
vn -0.9974 0.0715 0.0008
vn -0.9999 -0.0131 -0.0008
vn -1.0000 -0.0009 -0.0005
vn -0.9974 0.0715 0.0000
vn -0.9455 -0.3249 -0.0214
vn -0.9430 -0.3308 -0.0372
vn -0.8050 -0.5630 -0.1870
vn -0.7951 -0.5645 -0.2219
vn 0.0172 -0.9305 -0.3658
vn -0.2274 0.2096 -0.9510
vn -0.1768 0.1981 -0.9641
vn 0.0061 0.1969 -0.9804
vn -0.1475 0.2161 -0.9652
vn -0.2507 0.1712 -0.9528
vn 0.1332 0.2137 -0.9678
vn 0.2442 0.2525 -0.9363
vn 0.2463 0.1757 -0.9531
vn 0.1846 0.1583 -0.9700
vn -0.1067 0.1879 -0.9764
vn 0.0707 0.2044 -0.9763
vn -0.1751 -0.0307 0.9841
vn -0.4505 -0.0570 0.8909
vn -0.2489 -0.1293 0.9599
vn 0.2724 -0.1275 0.9537
vn 0.1710 -0.0397 0.9845
vn 0.4630 -0.1029 0.8804
vn 0.2487 -0.3081 0.9182
vn 0.5063 -0.2369 0.8292
vn 0.5645 -0.1530 0.8111
vn -0.2887 -0.3013 0.9088
vn -0.5568 -0.2456 0.7935
vn -0.5144 -0.1674 0.8411
vn -0.1857 -0.4189 0.8888
vn 0.1573 -0.4268 0.8905
vn -0.9997 0.0241 0.0011
vn -0.9995 0.0325 0.0019
vn -0.9972 0.0751 0.0009
vn -0.9971 0.0755 0.0000
vn -0.9399 -0.3406 -0.0232
vn -0.9450 -0.3249 -0.0372
vn -0.7911 -0.5784 -0.1990
vn -0.7899 -0.5707 -0.2243
vn -0.4164 0.9092 0.0000
vn -0.1628 0.9867 0.0000
vn -0.2192 0.9757 0.0000
vn 0.2262 0.9741 0.0000
vn 0.2798 0.9601 0.0000
vn 0.4672 0.8841 0.0000
vn 0.9974 0.0715 0.0008
vn 0.9974 0.0715 0.0000
vn 1.0000 -0.0009 -0.0005
vn 0.9999 -0.0131 -0.0008
vn 0.9455 -0.3249 -0.0214
vn 0.9430 -0.3308 -0.0372
vn 0.8050 -0.5630 -0.1870
vn 0.7951 -0.5645 -0.2219
vn -0.0172 -0.9305 -0.3658
vn 0.2274 0.2096 -0.9510
vn -0.0061 0.1969 -0.9804
vn 0.1768 0.1981 -0.9641
vn 0.1475 0.2161 -0.9652
vn 0.2507 0.1712 -0.9528
vn -0.1332 0.2137 -0.9678
vn -0.2442 0.2525 -0.9363
vn -0.2463 0.1757 -0.9531
vn -0.1846 0.1583 -0.9700
vn 0.1067 0.1879 -0.9764
vn -0.0707 0.2044 -0.9763
vn 0.4514 -0.0488 0.8910
vn 0.4538 -0.0443 0.8900
vn 0.9435 -0.0369 0.3294
vn -0.4343 -0.0383 0.9000
vn -0.4513 -0.0510 0.8909
vn -0.9139 -0.0425 0.4037
vn 0.9432 -0.0238 0.3313
vn -0.9119 -0.0179 0.4101
vn -0.9867 -0.0368 0.1583
vn -0.9738 -0.0580 0.2200
vn 0.9782 -0.0379 -0.2042
vn 0.9762 -0.0546 -0.2099
vn 0.6277 -0.0361 -0.7776
vn 0.6331 -0.0255 -0.7737
vn -0.0666 -0.0282 -0.9974
vn -0.0725 -0.0195 -0.9972
vn -0.7408 -0.0564 -0.6693
vn -0.7428 -0.0657 -0.6663
vn -0.9657 -0.0696 -0.2502
vn -0.9654 -0.0706 -0.2512
vn -0.0017 1.0000 0.0001
vn -0.0021 1.0000 -0.0010
vn -0.0005 1.0000 -0.0017
vn 0.0001 1.0000 -0.0009
vn -0.0007 1.0000 -0.0028
vn 0.0000 1.0000 -0.0012
vn -0.0003 1.0000 -0.0018
vn -0.0002 1.0000 -0.0021
vn -0.0004 1.0000 -0.0023
vn -0.0007 1.0000 -0.0022
vn 0.0019 -1.0000 -0.0053
vn 0.0009 -1.0000 -0.0061
vn 0.0017 -1.0000 -0.0044
vn 0.0021 -1.0000 -0.0058
vn 0.0027 -1.0000 -0.0050
vn -0.0001 -1.0000 -0.0064
vn 0.0006 -1.0000 -0.0047
vn 0.0016 -1.0000 -0.0032
vn 0.0021 -1.0000 -0.0032
vn 0.0017 -1.0000 -0.0038
vn -0.4513 -0.0488 0.8911
vn -0.9435 -0.0370 0.3294
vn -0.4537 -0.0444 0.8900
vn 0.4342 -0.0385 0.9000
vn 0.4514 -0.0511 0.8908
vn 0.9139 -0.0427 0.4037
vn -0.9432 -0.0241 0.3313
vn 0.9117 -0.0182 0.4104
vn 0.9866 -0.0370 0.1590
vn 0.9738 -0.0580 0.2200
vn -0.9782 -0.0379 -0.2042
vn -0.9761 -0.0546 -0.2102
vn -0.6278 -0.0360 -0.7776
vn -0.6333 -0.0253 -0.7735
vn 0.0665 -0.0282 -0.9974
vn 0.0725 -0.0195 -0.9972
vn 0.7408 -0.0562 -0.6693
vn 0.7427 -0.0656 -0.6664
vn 0.9657 -0.0695 -0.2503
vn 0.9653 -0.0706 -0.2516
vn 0.0017 1.0000 0.0001
vn 0.0005 1.0000 -0.0017
vn 0.0021 1.0000 -0.0010
vn -0.0001 1.0000 -0.0009
vn 0.0007 1.0000 -0.0028
vn 0.0003 1.0000 -0.0018
vn 0.0002 1.0000 -0.0021
vn 0.0004 1.0000 -0.0023
vn 0.0007 1.0000 -0.0022
vn -0.0019 -1.0000 -0.0053
vn -0.0017 -1.0000 -0.0044
vn -0.0009 -1.0000 -0.0061
vn -0.0021 -1.0000 -0.0058
vn -0.0027 -1.0000 -0.0050
vn 0.0001 -1.0000 -0.0064
vn -0.0006 -1.0000 -0.0047
vn -0.0016 -1.0000 -0.0032
vn -0.0021 -1.0000 -0.0032
vn -0.0017 -1.0000 -0.0038
vn 0.2169 0.0270 0.9758
vn 0.1961 0.0397 0.9798
vn 0.3290 -0.0559 0.9427
vn 0.1524 0.0022 0.9883
vn 0.1529 0.0587 0.9865
vn 0.1604 0.0084 0.9870
vn 0.1842 0.1176 0.9758
vn 0.4270 -0.0512 0.9028
vn 0.7841 -0.1641 0.5985
vn 0.8075 -0.1341 0.5744
vn 0.9727 -0.2092 0.1007
vn 0.9632 -0.2589 0.0718
vn 0.9913 -0.0805 -0.1040
vn 0.9995 0.0058 -0.0295
vn 0.0986 -0.0398 0.9943
vn 0.1012 -0.0385 0.9941
vn 0.0571 0.0717 0.9958
vn 0.0621 0.0748 0.9953
vn 0.2785 0.0754 -0.9575
vn 0.4203 -0.1126 -0.9004
vn 0.2372 0.1324 -0.9624
vn 0.1808 0.2926 -0.9390
vn 0.2569 0.3050 -0.9171
vn 0.1431 0.2998 -0.9432
vn 0.2909 0.3265 -0.8993
vn 0.4513 -0.1731 -0.8754
vn 0.0742 0.2898 -0.9542
vn 0.1394 0.3052 -0.9420
vn 0.3593 0.3309 -0.8726
vn 0.3693 0.3339 -0.8672
vn 0.7513 -0.1860 -0.6333
vn 0.7900 -0.0893 -0.6066
vn 0.9215 -0.1294 -0.3661
vn 0.9000 0.0022 -0.4358
vn 0.0035 -0.1103 0.9939
vn 0.5351 -0.3169 0.7831
vn 0.6351 -0.2870 0.7172
vn 0.0050 -0.0873 0.9962
vn 0.6680 -0.1824 0.7214
vn 0.9705 -0.2334 0.0603
vn 0.9169 -0.3951 -0.0564
vn 0.9338 -0.3537 -0.0544
vn 0.9851 -0.1283 0.1142
vn 0.6747 -0.1164 0.7289
vn 0.4541 -0.3467 -0.8207
vn 0.5596 -0.3405 -0.7556
vn -0.7225 -0.0140 -0.6913
vn 0.0802 -0.1230 -0.9892
vn -0.8150 0.0068 -0.5794
vn 0.6102 -0.2971 -0.7344
vn 0.9424 -0.3068 -0.1332
vn -0.9916 0.1291 0.0129
vn -0.9916 0.1282 0.0152
vn -0.9876 0.1013 0.1197
vn -0.6023 -0.0525 -0.7966
vn -0.7101 0.0743 -0.7002
vn -0.9801 0.1530 0.1261
vn -0.9872 0.1426 0.0710
vn 0.0091 -0.0195 -0.9998
vn 0.0050 -0.0539 0.9985
vn 0.0351 0.9960 0.0824
vn 0.0425 0.9968 0.0679
vn 0.0411 0.9971 0.0647
vn -0.0049 0.9989 0.0474
vn 0.0312 0.9962 0.0819
vn -0.0100 0.9988 0.0473
vn -0.0466 -0.9933 -0.1054
vn -0.0556 -0.9984 0.0134
vn -0.0488 -0.9986 0.0209
vn -0.0323 -0.9947 -0.0979
vn -0.0026 -0.9778 -0.2095
vn 0.0331 -0.9816 -0.1879
vn 0.0986 0.9451 -0.3114
vn 0.1686 0.9613 -0.2178
vn 0.7364 0.6364 -0.2296
vn 0.7824 0.5670 -0.2576
vn -0.1979 0.5833 -0.7877
vn 0.5079 0.4828 -0.7134
vn 0.9540 0.1065 -0.2804
vn -0.5693 0.5331 -0.6258
vn 0.5485 -0.0114 -0.8361
vn 0.9783 -0.0920 -0.1858
vn 0.9886 -0.0686 -0.1341
vn -0.5299 0.1185 -0.8398
vn -0.7528 0.1410 -0.6430
vn 0.1116 0.9889 0.0981
vn 0.0407 0.9928 0.1129
vn 0.0965 0.9914 0.0880
vn 0.1314 0.9840 0.1204
vn 0.1212 0.9824 0.1422
vn -0.2121 0.0399 0.9764
vn -0.3217 -0.0204 0.9466
vn -0.1899 0.0513 0.9805
vn -0.1517 0.0034 0.9884
vn -0.1523 0.0605 0.9865
vn -0.1604 0.0084 0.9870
vn -0.1842 0.1176 0.9758
vn -0.3966 -0.0115 0.9179
vn -0.8050 -0.1485 0.5744
vn -0.8283 -0.1142 0.5486
vn -0.9799 -0.1943 0.0459
vn -0.9757 -0.2183 0.0195
vn -0.9923 -0.1007 -0.0720
vn -0.9987 -0.0421 -0.0273
vn -0.0987 -0.0398 0.9943
vn -0.1014 -0.0383 0.9941
vn -0.0571 0.0717 0.9958
vn -0.0621 0.0748 0.9953
vn -0.2424 0.0496 -0.9689
vn -0.1838 0.0999 -0.9779
vn -0.4022 -0.1401 -0.9048
vn -0.1869 0.2909 -0.9383
vn -0.2641 0.3140 -0.9120
vn -0.1407 0.2934 -0.9456
vn -0.2947 0.3233 -0.8993
vn -0.4406 -0.2006 -0.8750
vn -0.0821 0.2827 -0.9557
vn -0.2032 0.3102 -0.9287
vn -0.4105 0.3332 -0.8488
vn -0.3715 0.3235 -0.8703
vn -0.7464 -0.1867 -0.6388
vn -0.7910 -0.1009 -0.6035
vn -0.9228 -0.1530 -0.3537
vn -0.9089 -0.0412 -0.4150
vn -0.0035 -0.1103 0.9939
vn -0.0050 -0.0873 0.9962
vn -0.6349 -0.2868 0.7174
vn -0.5348 -0.3168 0.7834
vn -0.6680 -0.1824 0.7215
vn -0.9705 -0.2334 0.0603
vn -0.9169 -0.3952 -0.0560
vn -0.9338 -0.3535 -0.0543
vn -0.9851 -0.1283 0.1142
vn -0.6747 -0.1164 0.7289
vn -0.4542 -0.3467 -0.8207
vn -0.5595 -0.3403 -0.7558
vn 0.7225 -0.0140 -0.6913
vn -0.0803 -0.1230 -0.9892
vn 0.8150 0.0068 -0.5795
vn -0.6102 -0.2971 -0.7344
vn -0.9424 -0.3067 -0.1334
vn 0.9916 0.1291 0.0129
vn 0.9916 0.1282 0.0152
vn 0.9876 0.1013 0.1197
vn 0.6023 -0.0525 -0.7966
vn 0.7101 0.0743 -0.7002
vn 0.9801 0.1531 0.1263
vn 0.9872 0.1427 0.0716
vn -0.0091 -0.0195 -0.9998
vn -0.0050 -0.0539 0.9985
vn -0.0351 0.9960 0.0824
vn -0.0411 0.9971 0.0647
vn -0.0425 0.9968 0.0679
vn 0.0049 0.9989 0.0474
vn -0.0312 0.9962 0.0819
vn 0.0100 0.9988 0.0473
vn 0.0466 -0.9933 -0.1054
vn 0.0322 -0.9947 -0.0979
vn 0.0488 -0.9986 0.0209
vn 0.0556 -0.9984 0.0134
vn 0.0026 -0.9778 -0.2095
vn -0.0330 -0.9816 -0.1879
vn -0.0986 0.9451 -0.3114
vn -0.7825 0.5669 -0.2575
vn -0.7365 0.6363 -0.2296
vn -0.1686 0.9613 -0.2178
vn 0.1979 0.5833 -0.7877
vn -0.5079 0.4828 -0.7134
vn -0.9540 0.1064 -0.2804
vn 0.5693 0.5331 -0.6258
vn -0.5480 -0.0114 -0.8364
vn -0.9782 -0.0921 -0.1861
vn -0.9886 -0.0687 -0.1337
vn 0.5299 0.1185 -0.8397
vn 0.7528 0.1410 -0.6430
vn -0.1117 0.9889 0.0981
vn -0.0965 0.9914 0.0879
vn -0.0407 0.9928 0.1129
vn -0.1315 0.9840 0.1204
vn -0.1213 0.9824 0.1423
vn -0.3586 0.9010 0.2443
vn -0.2196 0.7497 0.6243
vn -0.2009 0.8403 0.5035
vn -0.6072 0.7932 -0.0462
vn -0.7026 0.7110 -0.0281
vn 0.1863 0.7714 0.6084
vn 0.3592 0.3633 0.8596
vn 0.3303 0.2974 0.8958
vn 0.7858 -0.0744 0.6140
vn 0.7851 -0.0791 0.6143
vn 0.9504 -0.3050 -0.0617
vn 0.9501 -0.3060 -0.0599
vn 0.6864 -0.2038 -0.6981
vn 0.7003 -0.2003 -0.6852
vn 0.0931 0.0748 -0.9928
vn 0.1310 0.1264 -0.9833
vn -0.0797 0.5994 -0.7964
vn -0.4979 0.6413 -0.5839
vn -0.5755 0.7403 -0.3474
vn -0.5310 0.5243 -0.6657
vn 0.7546 0.3851 -0.5313
vn 0.5554 0.8068 -0.2013
vn 0.9259 0.3360 -0.1726
vn 0.4112 0.5472 -0.7291
vn 0.1139 0.8506 -0.5133
vn -0.0335 0.9915 -0.1254
vn 0.8669 0.4712 0.1624
vn 0.5578 0.7444 0.3671
vn 0.1730 0.9651 0.1967
vn -0.1226 -0.9510 -0.2839
vn -0.6098 -0.7627 0.2156
vn -0.5180 -0.6813 -0.5172
vn -0.8751 -0.3485 -0.3357
vn -0.9830 -0.1182 0.1407
vn 0.1231 -0.9782 0.1675
vn -0.7362 -0.1901 0.6496
vn -0.3343 -0.4327 0.8372
vn -0.0192 -0.7812 0.6240
vn -0.9615 -0.0315 0.2732
vn -0.9565 0.2868 0.0534
vn -0.9877 0.1436 0.0615
vn -0.7785 -0.2542 0.5739
vn -0.7320 -0.2757 0.6230
vn -0.2268 -0.5420 0.8092
vn -0.2033 -0.5560 0.8059
vn 0.2459 -0.7883 0.5640
vn 0.2480 -0.7666 0.5923
vn 0.4863 -0.8722 0.0525
vn 0.5027 -0.8631 0.0476
vn -0.9842 -0.1300 -0.1201
vn -0.8495 -0.4074 -0.3353
vn 0.1675 -0.8812 -0.4420
vn 0.1964 -0.8970 -0.3961
vn -0.4008 -0.7372 -0.5439
vn -0.7938 -0.4525 -0.4064
vn -0.3824 -0.7521 -0.5369
vn 0.5970 -0.4068 0.6914
vn 0.1964 0.0375 0.9798
vn 0.2017 -0.0890 0.9754
vn 0.6281 -0.4801 0.6123
vn 0.7184 -0.6956 0.0082
vn 0.7285 -0.6845 0.0269
vn 0.4449 -0.6515 -0.6144
vn 0.4400 -0.6674 -0.6008
vn -0.0411 -0.3844 -0.9222
vn -0.1223 -0.2824 -0.9515
vn -0.4875 -0.0214 -0.8728
vn -0.6064 -0.0648 -0.7925
vn -0.8101 0.1748 -0.5596
vn -0.7883 0.3407 -0.5124
vn -0.9337 0.1795 -0.3099
vn -0.9212 0.3803 -0.0823
vn -0.4652 0.2167 -0.8583
vn -0.4084 0.1429 -0.9016
vn -0.5581 0.5514 -0.6200
vn -0.5940 0.5677 -0.5700
vn -0.5911 0.5715 -0.5692
vn -0.9057 -0.2808 0.3176
vn -0.9774 0.1884 0.0959
vn -0.9782 0.1843 0.0956
vn -0.9651 -0.2198 0.1423
vn -0.9722 0.1585 0.1726
vn -0.8108 0.5834 0.0463
vn -0.8092 -0.3392 0.4797
vn -0.8151 0.5788 0.0252
vn -0.8003 0.5992 0.0203
vn -0.8154 0.5787 0.0144
vn -0.8106 0.5825 0.0603
vn -0.8239 0.5663 0.0212
vn -0.8237 0.5666 0.0225
vn -0.9423 -0.3320 0.0424
vn -0.9787 0.1752 0.1065
vn -0.8162 0.5777 0.0021
vn -0.8123 0.5822 0.0357
vn -0.9871 0.1453 0.0671
vn -0.9000 -0.4289 0.0776
vn -0.8905 -0.4378 0.1236
vn -0.8195 0.5729 -0.0109
vn -0.8224 0.5680 0.0319
vn -0.8225 0.5679 0.0302
vn -0.7742 -0.6064 0.1812
vn -0.7912 -0.5919 0.1536
vn -0.9907 -0.0656 0.1190
vn -0.9879 -0.0859 0.1287
vn -0.9531 0.2946 0.0690
vn -0.8779 0.4779 0.0292
vn -0.9903 -0.0516 0.1288
vn -0.7813 -0.5902 0.2030
vn -0.8777 0.4784 0.0286
vn -0.8128 -0.5522 0.1855
vn -0.9531 0.2945 0.0690
vn -0.6201 0.5519 0.5576
vn -0.2572 0.3802 0.8884
vn -0.2686 0.3871 0.8821
vn -0.6187 0.5515 0.5595
vn -0.1367 0.3095 0.9410
vn -0.1448 0.3132 0.9386
vn -0.1458 0.3132 0.9384
vn -0.8227 0.5679 0.0273
vn -0.8236 0.5665 0.0281
vn -0.7574 0.4044 -0.5126
vn -0.7522 0.3980 -0.5251
vn -0.5021 0.1561 -0.8506
vn -0.4952 0.1497 -0.8558
vn -0.4099 0.0793 -0.9087
vn -0.4201 0.0859 -0.9034
vn -0.4197 0.0860 -0.9036
vn 0.0593 0.1180 0.9912
vn 0.0673 0.0829 0.9943
vn 0.0567 0.1291 0.9900
vn 0.0483 0.1647 0.9852
vn -0.8852 0.3464 0.3104
vn -0.7182 0.3931 0.5742
vn -0.9053 0.4200 0.0640
vn -0.5191 0.2430 0.8195
vn -0.1609 0.2036 0.9657
vn -0.6174 0.4219 0.6639
vn -0.0585 0.4860 0.8720
vn 0.0711 0.4730 0.8782
vn -0.3261 0.7793 0.5352
vn -0.5239 0.6036 0.6010
vn -0.5508 0.5344 0.6411
vn 0.5304 0.8277 -0.1833
vn 0.5290 0.8284 -0.1841
vn 0.5444 0.8163 -0.1931
vn 0.5330 0.8263 -0.1819
vn 0.5701 0.7928 -0.2157
vn 0.5903 0.7724 -0.2344
vn 0.6143 0.7672 -0.1844
vn 0.5561 0.8078 -0.1955
vn 0.5814 0.7896 -0.1961
vn 0.5479 0.8129 -0.1974
vn 0.5579 0.8093 -0.1839
vn 0.5644 0.8011 -0.1993
vn 0.5299 0.8252 -0.1955
vn 0.4972 0.8486 -0.1808
vn -0.5650 -0.8046 0.1827
vn -0.5630 -0.8032 0.1948
vn -0.5526 -0.8096 0.1980
vn -0.5849 -0.7866 0.1978
vn -0.6198 -0.7628 0.1845
vn -0.5714 -0.7962 0.1990
vn -0.5418 -0.8175 0.1955
vn -0.5118 -0.8397 0.1812
vn 0.1234 0.1567 0.9799
vn 0.1187 0.1662 0.9789
vn 0.1301 0.1433 0.9811
vn 0.1380 0.1273 0.9822
vn -0.5331 -0.8338 0.1438
vn -0.5519 -0.8239 0.1286
vn -0.5266 -0.8369 0.1489
vn -0.5041 -0.8475 0.1663
vn 0.2088 0.0248 0.9777
vn 0.0958 0.1794 0.9791
vn -0.3816 0.4307 0.8178
vn -0.4198 0.4861 0.7665
vn -0.7623 0.5901 0.2659
vn -0.7523 0.5824 0.3082
vn 0.1603 0.1542 0.9749
vn 0.1748 0.1623 0.9711
vn 0.1429 0.1445 0.9791
vn 0.1291 0.1368 0.9822
vn 0.5730 0.8046 -0.1560
vn 0.5371 0.8252 -0.1747
vn 0.5459 0.8203 -0.1706
vn 0.5029 0.8428 -0.1919
vn 0.5039 0.8426 -0.1901
vn -0.1261 -0.2117 -0.9692
vn -0.1270 -0.1995 -0.9716
vn -0.1261 -0.2115 -0.9692
vn -0.1251 -0.2243 -0.9664
vn -0.1251 -0.1396 -0.9823
vn -0.1262 -0.1356 -0.9827
vn -0.1254 -0.1384 -0.9824
vn -0.1245 -0.1416 -0.9821
vn -0.5906 -0.7727 0.2329
vn -0.5756 -0.7920 0.2035
vn -0.6023 -0.7558 0.2570
vn -0.5630 -0.8068 0.1795
vn -0.0200 -0.2951 -0.9553
vn -0.5778 0.1692 -0.7984
vn -0.1456 -0.1277 -0.9811
vn -0.6289 0.2779 -0.7261
vn -0.8274 0.5202 -0.2117
vn -0.8279 0.5144 -0.2237
vn -0.0586 0.0360 -0.9976
vn -0.2156 -0.0688 -0.9741
vn -0.1690 -0.0374 -0.9849
vn 0.0063 0.0785 -0.9969
vn 0.5530 0.7703 -0.3176
vn 0.5077 0.8127 -0.2860
vn 0.4864 0.8343 -0.2594
vn 0.4234 0.8824 -0.2051
vn 0.4152 0.8942 -0.1675
vn 0.5668 0.8032 -0.1833
vn 0.5663 0.8035 -0.1838
vn 0.5668 0.8031 -0.1838
vn 0.5671 0.8029 -0.1837
vn 0.5676 0.8022 -0.1853
vn 0.5674 0.8028 -0.1831
vn -0.8137 0.5805 0.0303
vn -0.8134 0.5808 0.0315
vn -0.5281 0.1825 -0.8294
vn -0.5278 0.1822 -0.8296
vn 0.3014 -0.4096 -0.8610
vn 0.3022 -0.4100 -0.8606
vn 0.6506 -0.5729 -0.4985
vn 0.6507 -0.5729 -0.4983
vn -0.3013 0.4096 0.8611
vn -0.3017 0.4098 0.8608
vn 0.5289 -0.1830 0.8287
vn 0.5268 -0.1816 0.8304
vn 0.7772 -0.4463 0.4436
vn 0.7765 -0.4458 0.4453
vn -0.1064 0.9872 -0.1190
vn 0.0903 0.7370 -0.6698
vn 0.0981 0.7307 -0.6756
vn -0.1066 0.9872 -0.1186
vn 0.6241 0.3518 -0.6977
vn 0.6331 0.3469 -0.6920
vn 0.8608 0.1709 -0.4794
vn 0.8611 0.1736 -0.4779
vn 0.2339 0.8819 0.4092
vn 0.2434 0.8767 0.4149
vn 0.7805 0.4902 0.3881
vn 0.7708 0.5000 0.3948
vn 0.9483 0.2601 0.1819
vn 0.9479 0.2619 0.1816
vn -0.9345 0.3427 0.0958
vn -0.9331 0.3494 0.0849
vn -0.6599 -0.0747 -0.7476
vn -0.6587 -0.0904 -0.7470
vn 0.1041 -0.6330 -0.7671
vn 0.1197 -0.6211 -0.7745
vn 0.4839 -0.7476 -0.4548
vn 0.4689 -0.7144 -0.5194
vn -0.4473 0.1577 0.8804
vn -0.4530 0.1370 0.8809
vn 0.3094 -0.4065 0.8596
vn 0.3249 -0.4029 0.8557
vn 0.5928 -0.6093 0.5266
vn 0.6306 -0.6134 0.4756
vn -0.5997 -0.7975 0.0663
vn -0.5670 -0.8029 0.1841
vn -0.6050 -0.7745 0.1848
vn -0.5579 -0.8273 0.0656
vn -0.5276 -0.8294 0.1835
vn -0.5261 -0.7961 0.2992
vn -0.5677 -0.7666 0.3001
vn -0.5672 -0.8029 0.1835
vn -0.8996 0.4327 0.0599
vn -0.6178 0.0308 -0.7857
vn 0.1881 -0.5459 -0.8165
vn 0.5471 -0.6843 -0.4822
vn -0.3939 0.2536 0.8834
vn 0.4107 -0.3250 0.8519
vn 0.6742 -0.5599 0.4816
vn -0.8529 0.5203 0.0433
vn -0.5761 0.1131 -0.8095
vn 0.2543 -0.4789 -0.8403
vn 0.6169 -0.6247 -0.4788
vn 0.4785 -0.2489 0.8421
vn 0.7467 -0.4986 0.4402
vn -0.3537 0.3409 0.8710
vn -0.6009 -0.7802 0.1738
vn -0.9822 0.1628 0.0938
vn -0.5490 -0.3251 -0.7700
vn -0.0864 -0.5922 -0.8012
vn -0.3651 -0.0834 0.9272
vn 0.3469 -0.7349 0.5828
vn 0.4815 -0.8738 0.0682
vn -0.8194 0.5731 0.0107
vn -0.8252 0.5645 -0.0205
vn -0.3287 0.0193 -0.9442
vn -0.3460 0.0369 -0.9375
vn 0.1543 -0.3111 -0.9378
vn 0.1408 -0.3008 -0.9432
vn -0.1469 0.3093 0.9395
vn -0.1276 0.3009 0.9451
vn 0.7317 -0.3674 0.5741
vn 0.7444 -0.3751 0.5524
vn 0.8302 -0.5572 -0.0191
vn 0.8300 -0.5573 -0.0213
vn -0.5487 -0.8147 0.1878
vn -0.9915 0.0914 0.0925
vn -0.4937 -0.3915 -0.7765
vn -0.0282 -0.6146 -0.7883
vn -0.3332 -0.0962 0.9379
vn 0.3965 -0.7063 0.5865
vn 0.5321 -0.8422 0.0873
vn -0.8510 0.5251 -0.0086
vn -0.8558 0.5161 -0.0357
vn -0.3751 0.0180 -0.9268
vn -0.3562 0.0008 -0.9344
vn 0.0937 -0.2756 -0.9567
vn 0.1548 -0.3200 -0.9347
vn -0.1854 0.3272 0.9266
vn -0.2592 0.3504 0.9000
vn 0.7161 -0.3262 0.6171
vn 0.6871 -0.3043 0.6597
vn 0.8338 -0.5520 -0.0111
vn 0.8171 -0.5535 -0.1610
vn 0.4976 0.4778 0.7240
vn 0.4977 0.4778 0.7239
vn -0.6721 -0.3171 0.6691
vn -0.6699 -0.3137 0.6729
vn -0.6702 -0.3141 0.6724
vn -0.6724 -0.3175 0.6687
vn -0.4978 -0.4776 -0.7239
vn 0.6725 0.3164 -0.6690
vn 0.6694 0.3146 -0.6731
vn 0.6697 0.3148 -0.6726
vn 0.6729 0.3166 -0.6686
vn 0.5628 0.3678 0.7403
vn -0.6130 -0.4007 0.6809
vn -0.4355 -0.5655 -0.7004
vn 0.7397 0.2028 -0.6417
vn 0.1272 -0.1574 -0.9793
vn 0.1139 -0.1471 -0.9825
vn 0.8283 0.5599 -0.0190
vn 0.8273 0.5607 -0.0347
vn -0.0318 0.1805 0.9831
vn -0.0339 0.1998 0.9792
vn -0.7435 -0.4022 0.5343
vn -0.7451 -0.4092 0.5267
vn -0.6567 -0.5766 -0.4861
vn -0.6613 -0.5759 -0.4807
vn 0.7314 0.0626 -0.6791
vn 0.9908 0.0424 0.1284
vn 0.8021 -0.4812 -0.3537
vn 0.5471 0.2490 -0.7992
vn 0.8614 0.5078 -0.0120
vn 0.5803 0.3578 0.7316
vn 0.4813 0.4733 0.7378
vn 0.7175 -0.2479 0.6510
vn 0.8107 -0.5645 0.1557
vn 0.1225 -0.0751 -0.9896
vn -0.5151 -0.4437 -0.7333
vn -0.7418 -0.3529 0.5702
vn -0.6717 -0.0808 0.7364
vn -0.8513 -0.5234 0.0376
vn -0.8212 -0.5700 -0.0277
vn -0.8211 -0.5700 -0.0282
vn -0.8079 -0.5873 0.0488
vn -0.8273 0.5136 0.2275
vn -0.6322 0.7206 0.2846
vn -0.8705 0.4762 -0.1244
vn -0.8680 0.4736 -0.1494
vn -0.5271 0.6027 -0.5992
vn -0.7553 0.4233 -0.5004
vn -0.3264 0.8379 -0.4375
vn -0.0507 0.9162 -0.3974
vn 0.1106 0.8624 -0.4941
vn -0.4106 0.9115 0.0229
vn -0.1362 0.9903 0.0289
vn 0.0306 0.9796 0.1986
vn 0.4978 0.4776 0.7240
vn 0.4978 0.4776 0.7239
vn -0.6702 -0.3141 0.6725
vn -0.6723 -0.3174 0.6687
vn -0.6721 -0.3170 0.6692
vn -0.4977 -0.4778 -0.7239
vn 0.6725 0.3164 -0.6691
vn 0.5631 0.3673 0.7403
vn -0.6095 -0.3976 0.6858
vn -0.4361 -0.5647 -0.7007
vn 0.7369 0.2007 -0.6455
vn 0.4981 0.4772 0.7240
vn -0.6710 -0.3149 0.6712
vn -0.6725 -0.3171 0.6687
vn -0.6723 -0.3169 0.6690
vn -0.6709 -0.3146 0.6715
vn -0.4976 -0.4783 -0.7236
vn -0.4996 -0.4787 -0.7219
vn -0.4994 -0.4787 -0.7221
vn -0.4974 -0.4782 -0.7238
vn 0.6706 0.3153 -0.6715
vn 0.6717 0.3159 -0.6700
vn 0.6716 0.3158 -0.6702
vn 0.6705 0.3152 -0.6716
vn 0.5623 0.3688 0.7401
vn -0.6112 -0.3982 0.6840
vn 0.7379 0.2006 -0.6445
vn 0.5470 0.6837 0.4830
vn 0.4753 0.6338 0.6103
vn 0.0717 0.5967 0.7993
vn -0.2232 0.3592 0.9062
vn 0.4934 0.8674 -0.0644
vn -0.2903 0.2972 0.9096
vn -0.8265 0.0092 0.5628
vn -0.8360 -0.0009 0.5487
vn -0.9789 -0.1699 -0.1138
vn -0.9804 -0.1638 -0.1095
vn 0.4671 0.8824 -0.0559
vn -0.6907 -0.1565 -0.7060
vn -0.7008 -0.1643 -0.6941
vn -0.0863 0.1029 -0.9909
vn 0.0029 0.1738 -0.9848
vn 0.3304 0.4271 -0.8417
vn 0.5318 0.5368 -0.6550
vn 0.5549 0.6684 -0.4952
vn -0.7912 0.4013 -0.4615
vn -0.9317 0.3367 -0.1365
vn -0.5482 0.8164 -0.1813
vn -0.4139 0.6027 -0.6823
vn -0.0691 0.8981 -0.4342
vn 0.0690 0.9899 -0.1242
vn -0.8698 0.4679 0.1568
vn -0.5650 0.7417 0.3615
vn -0.1466 0.9770 0.1551
vn 0.1867 -0.9011 -0.3913
vn 0.5223 -0.6715 -0.5256
vn 0.6232 -0.7540 0.2074
vn 0.8795 -0.3346 -0.3383
vn 0.9834 -0.1174 0.1386
vn -0.0302 -0.9900 0.1375
vn 0.7258 -0.2038 0.6570
vn 0.3224 -0.4345 0.8410
vn 0.0613 -0.7241 0.6870
vn 0.9206 -0.2564 0.2944
vn 0.9619 -0.2231 0.1582
vn 0.9743 -0.1605 0.1582
vn 0.7106 -0.3191 0.6271
vn 0.6388 -0.3279 0.6960
vn 0.1029 -0.3987 0.9113
vn 0.0697 -0.3435 0.9366
vn -0.3359 -0.7379 0.5853
vn -0.2862 -0.7264 0.6249
vn -0.3801 -0.9169 0.1218
vn -0.3980 -0.9090 0.1236
vn 0.9599 -0.2792 0.0258
vn 0.8300 -0.4582 -0.3181
vn -0.0241 -0.9436 -0.3303
vn 0.0274 -0.9339 -0.3565
vn 0.4009 -0.7191 -0.5676
vn 0.7940 -0.4541 -0.4042
vn 0.3794 -0.7211 -0.5797
vn -0.6238 -0.4547 0.6357
vn -0.5979 -0.4505 0.6630
vn -0.1870 -0.0562 0.9807
vn -0.0924 0.0493 0.9945
vn 0.3085 0.1435 0.9403
vn 0.2799 0.3550 0.8920
vn 0.4717 0.2659 0.8407
vn 0.3863 0.4538 0.8030
vn -0.7352 -0.6765 0.0426
vn -0.7347 -0.6784 -0.0074
vn 0.8261 0.1520 0.5427
vn 0.9305 0.3564 0.0848
vn -0.4690 -0.6357 -0.6131
vn -0.4534 -0.6257 -0.6348
vn 0.0720 -0.3239 -0.9433
vn 0.1745 -0.2285 -0.9578
vn 0.5191 -0.1275 -0.8452
vn 0.5491 0.1579 -0.8207
vn 0.7051 0.0329 -0.7084
vn 0.6128 0.2754 -0.7407
vn 0.9485 -0.0266 -0.3157
vn 0.9511 0.3004 0.0725
vn 0.9173 -0.3639 0.1619
vn 0.9206 -0.3538 0.1653
vn 0.9862 0.1236 0.1098
vn 0.9873 0.1159 0.1085
vn 0.8235 0.5670 0.0186
vn 0.8201 0.5714 0.0287
vn 0.9879 0.1107 0.1083
vn 0.8229 0.5676 0.0262
vn 0.3120 0.9460 -0.0885
vn 0.9180 -0.3600 0.1666
vn 0.9183 -0.3574 0.1701
vn 0.9281 -0.3043 0.2144
vn 0.9865 0.1170 0.1147
vn 0.8206 0.5700 0.0422
vn 0.9804 0.1398 0.1391
vn 0.8221 0.5684 0.0319
vn 0.3126 0.9461 -0.0844
vn 0.9532 -0.2295 0.1970
vn 0.9670 -0.2077 0.1477
vn -0.3717 0.9198 -0.1259
vn 0.3120 0.9460 -0.0886
vn -0.3414 0.9318 -0.1234
vn -0.2696 0.9494 -0.1608
vn -0.2078 0.9658 -0.1552
vn -0.3314 0.9200 -0.2093
vn -0.3615 0.9081 -0.2115
vn 0.3126 0.9461 -0.0845
vn 0.8191 -0.5474 0.1712
vn 0.9919 0.0019 0.1272
vn 0.9930 0.0451 0.1088
vn 0.8416 -0.5216 0.1398
vn 0.8292 0.5579 0.0325
vn 0.8293 0.5579 0.0321
vn 0.9905 0.0631 0.1222
vn 0.8153 -0.5480 0.1872
vn 0.8293 0.5579 0.0317
vn -0.1322 0.1516 0.9796
vn -0.2263 0.0602 0.9722
vn -0.2142 0.0723 0.9741
vn -0.1246 0.1587 0.9794
vn 0.8224 0.5676 0.0369
vn 0.8224 0.5679 0.0337
vn 0.8230 0.5672 0.0298
vn 0.8234 0.5666 0.0302
vn 0.8242 0.5658 0.0233
vn 0.8235 0.5667 0.0257
vn -0.1032 0.0278 0.9943
vn -0.0592 0.1700 0.9837
vn -0.0849 0.0878 0.9925
vn -0.1253 -0.0468 0.9910
vn -0.1995 0.1016 0.9746
vn -0.1991 0.1018 0.9747
vn -0.2030 0.0998 0.9741
vn -0.2040 0.0992 0.9739
vn -0.5570 0.8109 -0.1794
vn -0.5576 0.8103 -0.1800
vn -0.5563 0.8113 -0.1796
vn -0.5558 0.8117 -0.1794
vn -0.5564 0.8112 -0.1800
vn -0.5568 0.8110 -0.1797
vn 0.9864 -0.0894 0.1382
vn 0.9876 -0.1005 0.1209
vn 0.9876 -0.0913 0.1280
vn 0.9872 -0.0811 0.1372
vn 0.9850 -0.0885 0.1485
vn 0.9829 -0.0956 0.1574
vn 0.0808 -0.1458 -0.9860
vn 0.0856 -0.1413 -0.9863
vn 0.0248 -0.1976 -0.9800
vn 0.0173 -0.2043 -0.9787
vn 0.0332 -0.2980 -0.9540
vn 0.0056 -0.3540 -0.9352
vn 0.0696 -0.2219 -0.9726
vn 0.1005 -0.1548 -0.9828
vn 0.0505 -0.1604 -0.9858
vn 0.0468 -0.1622 -0.9856
vn 0.0476 -0.1618 -0.9857
vn 0.0509 -0.1602 -0.9858
vn 0.1694 0.0401 -0.9847
vn 0.8972 0.2476 -0.3658
vn 0.8985 0.2481 -0.3622
vn 0.1588 0.0375 -0.9866
vn -0.3361 -0.1004 -0.9365
vn -0.3360 -0.1003 -0.9365
vn 0.7485 0.2133 0.6279
vn 0.7580 0.2159 0.6155
vn -0.1612 -0.0379 0.9862
vn -0.1632 -0.0386 0.9858
vn -0.8975 -0.2477 0.3650
vn -0.8983 -0.2481 0.3628
vn -0.9545 -0.2671 -0.1324
vn -0.9546 -0.2674 -0.1314
vn -0.0382 0.6172 -0.7859
vn 0.7928 0.4999 -0.3486
vn 0.7917 0.5026 -0.3474
vn 0.1028 0.2689 -0.9577
vn -0.5201 0.5753 -0.6313
vn -0.3811 0.0688 -0.9220
vn 0.6725 0.4404 0.5948
vn 0.6650 0.4323 0.6090
vn -0.2300 0.1742 0.9575
vn -0.2140 0.1844 0.9593
vn -0.9373 0.0104 0.3484
vn -0.9374 0.0075 0.3482
vn -0.9912 -0.0345 -0.1280
vn -0.9946 -0.0456 -0.0935
vn -0.2863 0.9581 0.0034
vn 0.0490 0.9911 -0.1237
vn -0.5775 0.8059 0.1304
vn -0.2999 0.8979 0.3223
vn -0.0175 0.9824 0.1859
vn 0.3128 -0.7037 -0.6379
vn 0.3292 -0.7010 -0.6326
vn 0.7979 -0.5491 -0.2488
vn 0.8024 -0.5453 -0.2424
vn 0.7313 -0.5495 0.4041
vn 0.7081 -0.5537 0.4382
vn 0.0710 -0.7588 0.6475
vn 0.1287 -0.7386 0.6617
vn -0.3485 -0.9114 0.2189
vn -0.3416 -0.9107 0.2321
vn -0.4172 -0.9064 -0.0663
vn -0.4155 -0.9071 -0.0675
vn -0.0314 -0.7516 -0.6589
vn -0.0310 -0.7518 -0.6587
vn 0.2921 -0.9564 0.0065
vn 0.2953 -0.9554 0.0015
vn 0.2821 -0.9593 -0.0112
vn 0.2866 -0.9580 0.0084
vn 0.2955 -0.9550 0.0272
vn 0.2971 -0.9548 0.0093
vn 0.9139 0.3494 -0.2066
vn 0.8968 0.3822 -0.2230
vn 0.7895 0.3682 -0.4910
vn 0.8324 0.3612 -0.4202
vn 0.3949 0.4840 -0.7809
vn 0.4515 0.4866 -0.7479
vn 0.1921 0.4989 -0.8451
vn 0.1814 0.4896 -0.8528
vn 0.0063 0.4765 -0.8791
vn 0.0004 0.4660 -0.8848
vn -0.1911 0.4878 -0.8518
vn -0.1782 0.4687 -0.8652
vn -0.4632 0.3659 -0.8072
vn -0.5100 0.3666 -0.7781
vn -0.8592 0.2749 -0.4314
vn -0.8497 0.2734 -0.4509
vn -0.9587 0.2091 -0.1929
vn -0.9625 0.1962 -0.1871
vn 0.7692 0.4330 -0.4698
vn 0.6854 0.4755 -0.5514
vn 0.8817 0.4012 -0.2484
vn 0.6195 0.3872 -0.6829
vn 0.8821 0.3984 -0.2515
vn -0.7830 0.4210 -0.4580
vn -0.7846 0.4277 -0.4489
vn -0.9209 0.3580 -0.1543
vn -0.5566 0.4624 -0.6902
vn -0.9209 0.3581 -0.1542
vn 0.9350 0.3490 0.0625
vn 0.8597 0.2754 0.4301
vn 0.9317 0.3585 0.0581
vn 0.8220 0.2842 0.4935
vn 0.4966 0.0290 0.8675
vn 0.5586 0.0337 0.8287
vn 0.2475 -0.0759 0.9659
vn 0.2277 -0.0969 0.9689
vn 0.0205 -0.1095 0.9938
vn 0.0189 -0.1257 0.9919
vn -0.2052 -0.0630 0.9767
vn -0.2208 -0.0385 0.9746
vn -0.4973 0.0287 0.8671
vn -0.5514 0.0317 0.8336
vn -0.8860 0.1504 0.4385
vn -0.8390 0.1506 0.5228
vn -0.9695 0.1907 0.1542
vn -0.9680 0.2009 0.1501
vn 0.2137 0.4810 -0.8502
vn 0.1691 0.4982 -0.8504
vn 0.1055 0.5352 -0.8381
vn 0.3033 0.4251 -0.8528
vn -0.0184 0.5592 -0.8288
vn -0.0417 0.5683 -0.8217
vn -0.1198 0.5714 -0.8119
vn -0.1290 0.5657 -0.8145
vn -0.1526 0.5585 -0.8154
vn -0.1769 0.5405 -0.8225
vn 0.8610 0.3047 0.4072
vn 0.8106 0.2947 0.5061
vn 0.9382 0.3328 0.0951
vn 0.9350 0.3389 0.1043
vn 0.4975 0.1750 0.8496
vn 0.5491 0.2212 0.8059
vn 0.3013 0.0894 0.9493
vn 0.2303 0.0511 0.9718
vn 0.1311 0.0463 0.9903
vn 0.1762 0.0395 0.9836
vn -0.8257 0.3085 0.4723
vn -0.9387 0.3069 0.1572
vn -0.8104 0.2948 0.5063
vn -0.9459 0.2918 0.1419
vn -0.5278 0.1815 0.8297
vn -0.5558 0.2343 0.7976
vn -0.2765 0.0523 0.9596
vn -0.2453 0.0081 0.9694
vn -0.1323 0.0024 0.9912
vn -0.1377 0.0004 0.9905
vn -0.1422 -0.0043 0.9898
vn -0.1359 0.0005 0.9907
vn 0.0028 0.0076 1.0000
vn 0.0374 -0.0067 0.9993
vn 0.1729 0.0118 0.9849
vn 0.1374 0.0349 0.9899
vn 0.1791 -0.9740 -0.1387
vn 0.3036 -0.9442 -0.1276
vn 0.3151 -0.9430 -0.1069
vn 0.0264 -0.9993 0.0258
vn 0.0195 -0.9994 0.0278
vn 0.1500 -0.9710 -0.1861
vn 0.1730 -0.9761 -0.1319
vn 0.1791 -0.9740 -0.1386
vn 0.1670 -0.9677 -0.1889
vn 0.0687 -0.9757 -0.2080
vn 0.0703 -0.9759 -0.2064
vn 0.0064 -0.9880 -0.1546
vn 0.0048 -0.9886 -0.1505
vn -0.0032 -0.9932 -0.1163
vn -0.0001 -0.9947 -0.1031
vn 0.0816 -0.9966 -0.0139
vn 0.0604 -0.9982 0.0048
vn -0.4698 -0.8643 -0.1796
vn -0.5104 -0.8389 -0.1889
vn 0.3590 -0.9046 -0.2297
vn 0.3761 -0.9020 -0.2118
vn 0.0710 -0.9691 -0.2364
vn 0.0507 -0.9708 -0.2344
vn 0.2754 -0.9413 -0.1950
vn 0.2957 -0.9333 -0.2037
vn 0.1137 -0.9510 -0.2877
vn 0.1349 -0.9476 -0.2897
vn 0.0824 -0.9740 -0.2109
vn 0.0889 -0.9856 -0.1437
vn 0.0837 -0.9445 -0.3177
vn 0.0923 -0.9704 -0.2234
vn 0.0034 -0.9664 -0.2570
vn 0.1152 -0.9933 0.0076
vn 0.0904 -0.9959 0.0046
vn 0.0658 -0.9978 0.0037
vn 0.0266 -0.9668 -0.2540
vn -0.1247 -0.9636 -0.2366
vn -0.1197 -0.9672 -0.2242
vn -0.3108 -0.9399 -0.1412
vn -0.3219 -0.9359 -0.1431
vn -0.4831 -0.8665 -0.1254
vn -0.4878 -0.8641 -0.1242
vn -0.1508 0.9627 0.2245
vn -0.1796 0.9442 0.2760
vn -0.1514 0.9480 0.2800
vn -0.1798 0.9524 0.2461
vn -0.2516 0.9346 0.2515
vn -0.3466 0.9044 0.2489
vn -0.1681 0.9801 0.1056
vn -0.1950 0.9755 0.1013
vn -0.1143 0.9925 0.0437
vn -0.0916 0.9948 0.0441
vn -0.0910 0.9958 0.0136
vn -0.0640 0.9975 0.0292
vn -0.0909 0.9958 -0.0053
vn -0.1224 0.9924 -0.0077
vn -0.0613 0.9981 -0.0040
vn -0.0163 0.9977 0.0658
vn -0.0154 0.9973 0.0720
vn 0.0699 0.9870 0.1450
vn 0.0678 0.9856 0.1552
vn 0.0862 0.9787 0.1862
vn 0.0821 0.9776 0.1936
vn 0.0502 0.9826 0.1788
vn 0.0408 0.9819 0.1851
vn -0.2020 0.9646 0.1694
vn -0.1973 0.9783 0.0640
vn -0.2052 0.9746 0.0892
vn -0.2241 0.9582 0.1779
vn -0.1883 0.9802 0.0612
vn -0.1851 0.9810 0.0589
vn -0.2281 0.9594 0.1657
vn -0.1619 0.9613 0.2229
vn -0.2019 0.9646 0.1694
vn -0.1555 0.9589 0.2374
vn -0.0756 0.9610 0.2658
vn -0.0700 0.9608 0.2681
vn -0.0022 0.9752 0.2213
vn -0.0120 0.9722 0.2339
vn 0.0187 0.9866 0.1623
vn -0.0008 0.9825 0.1864
vn -0.3179 0.9441 0.0874
vn 0.0552 0.9953 0.0798
vn -0.1089 0.9828 0.1489
vn 0.0021 0.9945 0.1051
vn -0.0197 0.9952 0.0960
vn -0.0821 0.9879 0.1319
vn -0.0021 0.9798 0.2001
vn 0.0401 0.9791 0.1992
vn 0.2172 -0.9741 -0.0625
vn 0.0769 -0.9970 -0.0125
vn 0.0866 -0.9962 -0.0132
vn 0.2561 -0.9647 -0.0609
vn 0.1453 -0.9894 0.0036
vn 0.1503 -0.9886 -0.0118
vn 0.1113 -0.9926 -0.0480
vn 0.0971 -0.9936 -0.0580
vn 0.0307 -0.9965 -0.0774
vn 0.0311 -0.9966 -0.0767
vn -0.0171 -0.9977 -0.0658
vn -0.0147 -0.9977 -0.0666
vn -0.0180 -0.9976 -0.0674
vn -0.0148 -0.9984 -0.0548
vn 0.0517 -0.9980 -0.0359
vn 0.0474 -0.9986 -0.0229
vn 0.0129 -0.9919 -0.1263
vn -0.0178 -0.9890 -0.1466
vn 0.1385 -0.9434 -0.3015
vn 0.1854 -0.9387 -0.2906
vn 0.1876 -0.9378 -0.2920
vn 0.1446 -0.9439 -0.2968
vn 0.0301 -0.9782 -0.2054
vn 0.0326 -0.9781 -0.2056
vn 0.1688 -0.9395 -0.2982
vn 0.1772 -0.9368 -0.3017
vn 0.2250 -0.9439 -0.2417
vn 0.2633 -0.9404 -0.2152
vn -0.0237 -0.9591 -0.2822
vn -0.0309 -0.9537 -0.2991
vn -0.0735 -0.9456 -0.3171
vn -0.0857 -0.9461 -0.3124
vn -0.1068 -0.9653 -0.2383
vn -0.1051 -0.9680 -0.2277
vn -0.0357 -0.9865 -0.1596
vn -0.0180 -0.9876 -0.1557
vn 0.9816 0.1906 0.0127
vn 0.9794 0.2015 -0.0088
vn 0.9797 0.2005 -0.0067
vn 0.9817 0.1899 0.0141
vn -0.9921 0.1156 0.0487
vn -0.9907 0.0916 0.1008
vn -0.9908 0.0926 0.0986
vn -0.9921 0.1173 0.0450
vn 0.9925 0.1204 -0.0216
vn -0.9964 -0.0820 0.0209
vn 0.6390 0.2370 0.7317
vn 0.4206 0.6994 0.5779
vn 0.0000 0.0000 1.0000
vn 0.4253 0.6966 -0.5778
vn 0.6390 0.2370 -0.7317
vn 0.0000 0.0000 -1.0000
vn -0.2333 0.9724 0.0011
vn 0.7736 -0.2618 0.5771
vn -0.2203 0.9754 0.0053
vn 0.7779 -0.2493 -0.5769
vn 0.1233 -0.9923 -0.0061
vn 0.1601 -0.9871 0.0010
vn -0.1978 -0.9802 -0.0129
vn -0.1886 -0.9820 -0.0107
vn -0.9780 -0.2083 0.0080
vn -0.9777 -0.2097 0.0101
vn -0.9782 -0.2074 0.0066
vn -0.9785 -0.2060 0.0046
vn -0.4207 0.6993 0.5779
vn -0.6391 0.2369 0.7317
vn -0.4253 0.6966 -0.5778
vn -0.6391 0.2369 -0.7317
vn 0.2332 0.9724 0.0011
vn -0.7735 -0.2618 0.5772
vn 0.2203 0.9754 0.0053
vn -0.7778 -0.2493 -0.5769
vn -0.1236 -0.9923 -0.0061
vn -0.1604 -0.9870 0.0010
vn 0.1976 -0.9802 -0.0128
vn 0.1885 -0.9820 -0.0107
vn 0.9783 -0.2073 0.0066
vn 0.9778 -0.2095 0.0099
vn 0.9781 -0.2082 0.0079
vn 0.9785 -0.2060 0.0046
usemtl 03_-_Default
s 1
f 3111/3111/3064 3113/3112/3065 3112/3113/3066
f 3111/3111/3064 3112/3113/3066 3114/3114/3067
f 3111/3111/3064 3115/3115/3068 3113/3112/3065
f 3113/3112/3065 3116/3116/3069 3112/3113/3066
f 3115/3115/3068 3117/3117/3070 3113/3112/3065
f 3118/3118/3071 3117/3117/3070 3115/3115/3068
f 3115/3115/3068 3119/3119/3072 3118/3118/3071
f 3118/3118/3071 3119/3119/3072 3120/3120/3073
f 3120/3120/3073 3121/3121/3074 3118/3118/3071
f 3121/3121/3074 3120/3120/3073 3122/3122/3075
f 3122/3122/3075 3123/3123/3076 3121/3121/3074
f 3114/3114/3067 3112/3113/3066 3124/3124/3077
f 3124/3124/3077 3112/3113/3066 3116/3116/3069
f 3114/3114/3067 3124/3124/3077 3125/3125/3078
f 3126/3126/3079 3124/3124/3077 3116/3116/3069
f 3127/3127/3080 3125/3125/3078 3124/3124/3077
f 3124/3124/3077 3128/3128/3081 3127/3127/3080
f 3128/3128/3081 3124/3124/3077 3126/3126/3079
f 3128/3128/3081 3126/3126/3079 3129/3129/3082
f 3128/3128/3081 3129/3129/3082 3130/3130/3083
f 3131/3131/3084 3130/3130/3083 3129/3129/3082
f 3131/3131/3084 3132/3132/3085 3130/3130/3083
f 3131/3131/3084 3129/3129/3082 3133/3133/3086
f 3129/3129/3082 3126/3126/3079 3133/3133/3086
f 3133/3133/3086 3126/3126/3079 3134/3134/3087
f 3116/3116/3069 3134/3134/3087 3126/3126/3079
f 3135/3135/3088 3134/3134/3087 3116/3116/3069
f 3136/3136/3089 3134/3134/3087 3135/3135/3088
f 3136/3136/3089 3135/3135/3088 3137/3137/3090
f 3137/3137/3090 3138/3138/3091 3136/3136/3089
f 3113/3112/3065 3135/3135/3088 3116/3116/3069
f 3139/3139/3092 3136/3136/3089 3138/3138/3091
f 3138/3138/3091 3140/3140/3093 3139/3139/3092
f 3141/3141/3094 3136/3136/3089 3139/3139/3092
f 3136/3136/3089 3141/3141/3094 3134/3134/3087
f 3139/3139/3092 3142/3142/3095 3141/3141/3094
f 3139/3139/3092 3143/3143/3096 3142/3142/3095
f 3139/3139/3092 3144/3144/3097 3143/3143/3096
f 3144/3144/3097 3139/3139/3092 3140/3140/3093
f 3142/3142/3095 3145/3145/3098 3141/3141/3094
f 3140/3140/3093 3138/3138/3091 3146/3146/3099
f 3146/3146/3099 3147/3147/3100 3140/3140/3093
f 3148/3148/3101 3141/3141/3094 3145/3145/3098
f 3148/3148/3101 3145/3145/3098 3149/3149/3102
f 3149/3149/3102 3145/3145/3098 3150/3150/3103
f 3150/3150/3103 3142/3142/3095 3143/3143/3096
f 3142/3142/3095 3150/3150/3103 3145/3145/3098
f 3150/3150/3103 3151/3151/3104 3149/3149/3102
f 3152/3152/3105 3149/3149/3102 3151/3151/3104
f 3151/3151/3104 3153/3153/3106 3152/3152/3105
f 3153/3153/3106 3151/3151/3104 3154/3154/3107
f 3154/3154/3107 3151/3151/3104 3155/3155/3108
f 3155/3155/3108 3151/3151/3104 3150/3150/3103
f 3155/3155/3108 3150/3150/3103 3156/3156/3109
f 3150/3150/3103 3143/3143/3096 3156/3156/3109
f 3148/3148/3101 3134/3134/3087 3141/3141/3094
f 3156/3156/3109 3143/3143/3096 3157/3157/3110
f 3157/3157/3110 3143/3143/3096 3144/3144/3097
f 3157/3157/3110 3158/3158/3111 3156/3156/3109
f 3159/3159/3112 3154/3154/3107 3155/3155/3108
f 3155/3155/3108 3160/3160/3113 3159/3159/3112
f 3160/3160/3113 3155/3155/3108 3156/3156/3109
f 3156/3156/3109 3158/3158/3111 3160/3160/3113
f 3160/3160/3113 3158/3158/3111 3161/3161/3114
f 3161/3161/3114 3162/3162/3115 3160/3160/3113
f 3159/3159/3112 3160/3160/3113 3162/3162/3115
f 3162/3162/3115 3163/3163/3116 3159/3159/3112
f 3159/3159/3112 3163/3163/3116 3164/3164/3117
f 3165/3165/3118 3161/3161/3114 3158/3158/3111
f 3158/3158/3111 3157/3157/3110 3165/3165/3118
f 3162/3162/3115 3161/3161/3114 3166/3166/3119
f 3166/3166/3119 3167/3167/3120 3162/3162/3115
f 3162/3162/3115 3167/3167/3120 3163/3163/3116
f 3163/3163/3116 3168/3168/3121 3164/3164/3117
f 3163/3163/3116 3167/3167/3120 3168/3168/3121
f 3161/3161/3114 3165/3165/3118 3169/3169/3122
f 3169/3169/3122 3166/3166/3119 3161/3161/3114
f 3170/3170/3123 3169/3169/3122 3165/3165/3118
f 3157/3157/3110 3170/3170/3123 3165/3165/3118
f 3157/3157/3110 3171/3171/3124 3170/3170/3123
f 3171/3171/3124 3172/3172/3125 3170/3170/3123
f 3173/3173/3126 3172/3172/3125 3171/3171/3124
f 3173/3173/3126 3174/3174/3127 3172/3172/3125
f 3175/3175/3128 3173/3173/3126 3171/3171/3124
f 3171/3171/3124 3144/3144/3097 3175/3175/3128
f 3175/3175/3128 3144/3144/3097 3140/3140/3093
f 3144/3144/3097 3171/3171/3124 3157/3157/3110
f 3175/3175/3128 3140/3140/3093 3147/3147/3100
f 3147/3147/3100 3176/3176/3129 3175/3175/3128
f 3173/3173/3126 3175/3175/3128 3176/3176/3129
f 3176/3176/3129 3147/3147/3100 3177/3177/3130
f 3177/3177/3130 3178/3178/3131 3176/3176/3129
f 3179/3179/3132 3176/3176/3129 3178/3178/3131
f 3176/3176/3129 3179/3179/3132 3173/3173/3126
f 3174/3174/3127 3173/3173/3126 3179/3179/3132
f 3178/3178/3131 3180/3180/3133 3179/3179/3132
f 3181/3181/3134 3180/3180/3133 3178/3178/3131
f 3181/3181/3134 3178/3178/3131 3182/3182/3135
f 3178/3178/3131 3177/3177/3130 3182/3182/3135
f 3183/3183/3136 3182/3182/3135 3177/3177/3130
f 3177/3177/3130 3184/3184/3137 3183/3183/3136
f 3182/3182/3135 3183/3183/3136 3185/3185/3138
f 3185/3185/3138 3186/3186/3139 3182/3182/3135
f 3182/3182/3135 3186/3186/3139 3181/3181/3134
f 3186/3186/3139 3187/3187/3140 3181/3181/3134
f 3181/3181/3134 3187/3187/3140 3188/3188/3141
f 3188/3188/3141 3189/3189/3142 3181/3181/3134
f 3181/3181/3134 3189/3189/3142 3180/3180/3133
f 3146/3146/3099 3184/3184/3137 3177/3177/3130
f 3177/3177/3130 3147/3147/3100 3146/3146/3099
f 3190/3190/3143 3184/3184/3137 3146/3146/3099
f 3190/3190/3143 3146/3146/3099 3138/3138/3091
f 3138/3138/3091 3137/3137/3090 3190/3190/3143
f 3117/3117/3070 3190/3190/3143 3137/3137/3090
f 3117/3117/3070 3137/3137/3090 3135/3135/3088
f 3135/3135/3088 3113/3112/3065 3117/3117/3070
f 3190/3190/3143 3191/3191/3144 3184/3184/3137
f 3191/3191/3144 3183/3183/3136 3184/3184/3137
f 3192/3192/3145 3191/3191/3144 3190/3190/3143
f 3118/3118/3071 3192/3192/3145 3190/3190/3143
f 3190/3190/3143 3117/3117/3070 3118/3118/3071
f 3121/3121/3074 3192/3192/3145 3118/3118/3071
f 3121/3121/3074 3193/3193/3146 3192/3192/3145
f 3193/3193/3146 3191/3191/3144 3192/3192/3145
f 3191/3191/3144 3193/3193/3146 3194/3194/3147
f 3189/3189/3142 3188/3188/3141 3195/3195/3148
f 3195/3195/3148 3196/3196/3149 3189/3189/3142
f 3196/3196/3149 3197/3197/3150 3189/3189/3142
f 3198/3198/3151 3196/3196/3149 3195/3195/3148
f 3196/3196/3149 3198/3198/3151 3197/3197/3150
f 3199/3199/3152 3197/3197/3150 3198/3198/3151
f 3199/3199/3152 3200/3200/3153 3197/3197/3150
f 3200/3200/3153 3199/3199/3152 3201/3201/3154
f 3201/3201/3154 3202/3202/3155 3200/3200/3153
f 3180/3180/3133 3197/3197/3150 3200/3200/3153
f 3180/3180/3133 3200/3200/3153 3202/3202/3155
f 3202/3202/3155 3201/3201/3154 3203/3203/3156
f 3203/3203/3156 3174/3174/3127 3202/3202/3155
f 3202/3202/3155 3179/3179/3132 3180/3180/3133
f 3179/3179/3132 3202/3202/3155 3174/3174/3127
f 3203/3203/3156 3172/3172/3125 3174/3174/3127
f 3203/3203/3156 3204/3204/3157 3172/3172/3125
f 3172/3172/3125 3204/3204/3157 3170/3170/3123
f 3204/3204/3157 3169/3169/3122 3170/3170/3123
f 3197/3197/3150 3180/3180/3133 3189/3189/3142
f 3205/3205/3158 3207/3206/3159 3206/3207/3160
f 3206/3207/3160 3207/3206/3159 3208/3208/3161
f 3208/3208/3161 3207/3206/3159 3209/3209/3162
f 3207/3206/3159 3205/3205/3158 3194/3194/3147
f 3194/3194/3147 3193/3193/3146 3207/3206/3159
f 3123/3123/3076 3207/3206/3159 3193/3193/3146
f 3193/3193/3146 3121/3121/3074 3123/3123/3076
f 3210/3210/3163 3207/3206/3159 3123/3123/3076
f 3207/3206/3159 3210/3210/3163 3209/3209/3162
f 3123/3123/3076 3211/3211/3164 3210/3210/3163
f 3211/3211/3164 3123/3123/3076 3122/3122/3075
f 3122/3122/3075 3212/3212/3165 3211/3211/3164
f 3213/3213/3166 3211/3211/3164 3212/3212/3165
f 3212/3212/3165 3214/3214/3167 3213/3213/3166
f 3213/3213/3166 3214/3214/3167 3215/3215/3168
f 3215/3215/3168 3216/3216/3169 3213/3213/3166
f 3215/3215/3168 3217/3217/3170 3216/3216/3169
f 3218/3218/3171 3217/3217/3170 3215/3215/3168
f 3218/3218/3171 3219/3219/3172 3217/3217/3170
f 3218/3218/3171 3220/3220/3173 3219/3219/3172
f 3217/3217/3170 3219/3219/3172 3221/3221/3174
f 3220/3220/3173 3222/3222/3175 3219/3219/3172
f 3222/3222/3175 3221/3221/3174 3219/3219/3172
f 3220/3220/3173 3223/3223/3176 3222/3222/3175
f 3224/3224/3177 3221/3221/3174 3222/3222/3175
f 3222/3222/3175 3223/3223/3176 3225/3225/3178
f 3225/3225/3178 3226/3226/3179 3222/3222/3175
f 3226/3226/3179 3224/3224/3177 3222/3222/3175
f 3226/3226/3179 3227/3227/3180 3224/3224/3177
f 3226/3226/3179 3130/3130/3083 3227/3227/3180
f 3228/3228/3181 3227/3227/3180 3130/3130/3083
f 3228/3228/3181 3130/3130/3083 3132/3132/3085
f 3221/3221/3174 3224/3224/3177 3229/3229/3182
f 3230/3230/3183 3221/3221/3174 3229/3229/3182
f 3217/3217/3170 3221/3221/3174 3230/3230/3183
f 3231/3231/3184 3230/3230/3183 3229/3229/3182
f 3232/3232/3185 3230/3230/3183 3231/3231/3184
f 3231/3231/3184 3233/3233/3186 3232/3232/3185
f 3228/3228/3181 3234/3234/3187 3227/3227/3180
f 3234/3234/3187 3229/3229/3182 3224/3224/3177
f 3227/3227/3180 3234/3234/3187 3224/3224/3177
f 3233/3233/3186 3231/3231/3184 3235/3235/3188
f 3235/3235/3188 3236/3236/3189 3233/3233/3186
f 3235/3235/3188 3231/3231/3184 3237/3237/3190
f 3231/3231/3184 3229/3229/3182 3237/3237/3190
f 3237/3237/3190 3238/3238/3191 3235/3235/3188
f 3235/3235/3188 3238/3238/3191 3239/3239/3192
f 3235/3235/3188 3239/3239/3192 3240/3240/3193
f 3240/3240/3193 3236/3236/3189 3235/3235/3188
f 3238/3238/3191 3237/3237/3190 3241/3241/3194
f 3242/3242/3195 3233/3233/3186 3236/3236/3189
f 3236/3236/3189 3243/3243/3196 3242/3242/3195
f 3244/3244/3197 3241/3241/3194 3237/3237/3190
f 3244/3244/3197 3237/3237/3190 3229/3229/3182
f 3229/3229/3182 3234/3234/3187 3244/3244/3197
f 3244/3244/3197 3245/3245/3198 3241/3241/3194
f 3246/3246/3199 3241/3241/3194 3245/3245/3198
f 3246/3246/3199 3239/3239/3192 3238/3238/3191
f 3238/3238/3191 3241/3241/3194 3246/3246/3199
f 3245/3245/3198 3247/3247/3200 3246/3246/3199
f 3247/3247/3200 3245/3245/3198 3248/3248/3201
f 3248/3248/3201 3249/3249/3202 3247/3247/3200
f 3249/3249/3202 3250/3250/3203 3247/3247/3200
f 3250/3250/3203 3251/3251/3204 3247/3247/3200
f 3251/3251/3204 3246/3246/3199 3247/3247/3200
f 3251/3251/3204 3252/3252/3205 3246/3246/3199
f 3246/3246/3199 3252/3252/3205 3239/3239/3192
f 3253/3253/3206 3239/3239/3192 3252/3252/3205
f 3240/3240/3193 3239/3239/3192 3253/3253/3206
f 3252/3252/3205 3254/3254/3207 3253/3253/3206
f 3251/3251/3204 3250/3250/3203 3255/3255/3208
f 3255/3255/3208 3256/3256/3209 3251/3251/3204
f 3256/3256/3209 3254/3254/3207 3252/3252/3205
f 3252/3252/3205 3251/3251/3204 3256/3256/3209
f 3257/3257/3210 3254/3254/3207 3256/3256/3209
f 3256/3256/3209 3258/3258/3211 3257/3257/3210
f 3258/3258/3211 3256/3256/3209 3255/3255/3208
f 3255/3255/3208 3259/3259/3212 3258/3258/3211
f 3255/3255/3208 3260/3260/3213 3259/3259/3212
f 3261/3261/3214 3253/3253/3206 3254/3254/3207
f 3254/3254/3207 3257/3257/3210 3261/3261/3214
f 3262/3262/3215 3257/3257/3210 3258/3258/3211
f 3258/3258/3211 3263/3263/3216 3262/3262/3215
f 3258/3258/3211 3259/3259/3212 3263/3263/3216
f 3259/3259/3212 3260/3260/3213 3264/3264/3217
f 3259/3259/3212 3264/3264/3217 3263/3263/3216
f 3257/3257/3210 3262/3262/3215 3265/3265/3218
f 3265/3265/3218 3261/3261/3214 3257/3257/3210
f 3266/3266/3219 3261/3261/3214 3265/3265/3218
f 3253/3253/3206 3261/3261/3214 3266/3266/3219
f 3253/3253/3206 3266/3266/3219 3267/3267/3220
f 3267/3267/3220 3266/3266/3219 3268/3268/3221
f 3269/3269/3222 3267/3267/3220 3268/3268/3221
f 3269/3269/3222 3268/3268/3221 3270/3270/3223
f 3267/3267/3220 3269/3269/3222 3271/3271/3224
f 3271/3271/3224 3240/3240/3193 3267/3267/3220
f 3271/3271/3224 3236/3236/3189 3240/3240/3193
f 3253/3253/3206 3267/3267/3220 3240/3240/3193
f 3243/3243/3196 3236/3236/3189 3271/3271/3224
f 3271/3271/3224 3272/3272/3225 3243/3243/3196
f 3272/3272/3225 3271/3271/3224 3269/3269/3222
f 3273/3273/3226 3243/3243/3196 3272/3272/3225
f 3272/3272/3225 3274/3274/3227 3273/3273/3226
f 3274/3274/3227 3272/3272/3225 3275/3275/3228
f 3269/3269/3222 3275/3275/3228 3272/3272/3225
f 3275/3275/3228 3269/3269/3222 3270/3270/3223
f 3275/3275/3228 3276/3276/3229 3274/3274/3227
f 3277/3277/3230 3274/3274/3227 3276/3276/3229
f 3277/3277/3230 3278/3278/3231 3274/3274/3227
f 3274/3274/3227 3278/3278/3231 3273/3273/3226
f 3273/3273/3226 3278/3278/3231 3279/3279/3232
f 3279/3279/3232 3280/3280/3233 3273/3273/3226
f 3281/3281/3234 3279/3279/3232 3278/3278/3231
f 3278/3278/3231 3282/3282/3235 3281/3281/3234
f 3278/3278/3231 3277/3277/3230 3282/3282/3235
f 3282/3282/3235 3277/3277/3230 3283/3283/3236
f 3284/3284/3237 3283/3283/3236 3277/3277/3230
f 3277/3277/3230 3285/3285/3238 3284/3284/3237
f 3277/3277/3230 3276/3276/3229 3285/3285/3238
f 3242/3242/3195 3243/3243/3196 3273/3273/3226
f 3273/3273/3226 3280/3280/3233 3242/3242/3195
f 3286/3286/3239 3242/3242/3195 3280/3280/3233
f 3233/3233/3186 3242/3242/3195 3286/3286/3239
f 3286/3286/3239 3232/3232/3185 3233/3233/3186
f 3216/3216/3169 3232/3232/3185 3286/3286/3239
f 3230/3230/3183 3232/3232/3185 3216/3216/3169
f 3216/3216/3169 3217/3217/3170 3230/3230/3183
f 3286/3286/3239 3280/3280/3233 3287/3287/3240
f 3287/3287/3240 3280/3280/3233 3279/3279/3232
f 3288/3288/3241 3286/3286/3239 3287/3287/3240
f 3213/3213/3166 3286/3286/3239 3288/3288/3241
f 3286/3286/3239 3213/3213/3166 3216/3216/3169
f 3211/3211/3164 3213/3213/3166 3288/3288/3241
f 3211/3211/3164 3288/3288/3241 3210/3210/3163
f 3210/3210/3163 3288/3288/3241 3287/3287/3240
f 3289/3289/3242 3284/3284/3237 3285/3285/3238
f 3285/3285/3238 3290/3290/3243 3289/3289/3242
f 3290/3290/3243 3285/3285/3238 3291/3291/3244
f 3292/3292/3245 3289/3289/3242 3290/3290/3243
f 3290/3290/3243 3291/3291/3244 3292/3292/3245
f 3293/3293/3246 3292/3292/3245 3291/3291/3244
f 3293/3293/3246 3291/3291/3244 3294/3294/3247
f 3295/3295/3248 3293/3293/3246 3294/3294/3247
f 3294/3294/3247 3296/3296/3249 3295/3295/3248
f 3276/3276/3229 3294/3294/3247 3291/3291/3244
f 3296/3296/3249 3294/3294/3247 3276/3276/3229
f 3297/3297/3250 3295/3295/3248 3296/3296/3249
f 3296/3296/3249 3270/3270/3223 3297/3297/3250
f 3276/3276/3229 3275/3275/3228 3296/3296/3249
f 3270/3270/3223 3296/3296/3249 3275/3275/3228
f 3297/3297/3250 3270/3270/3223 3268/3268/3221
f 3297/3297/3250 3268/3268/3221 3298/3298/3251
f 3268/3268/3221 3266/3266/3219 3298/3298/3251
f 3298/3298/3251 3266/3266/3219 3265/3265/3218
f 3291/3291/3244 3285/3285/3238 3276/3276/3229
f 3131/3131/3084 3148/3148/3101 3299/3299/3252
f 3300/3300/3253 3131/3131/3084 3299/3299/3252
f 3299/3299/3252 3301/3301/3254 3300/3300/3253
f 3133/3133/3086 3148/3148/3101 3131/3131/3084
f 3134/3134/3087 3148/3148/3101 3133/3133/3086
f 3148/3148/3101 3149/3149/3102 3299/3299/3252
f 3299/3299/3252 3149/3149/3102 3152/3152/3105
f 3299/3299/3252 3152/3152/3105 3301/3301/3254
f 3132/3132/3085 3131/3131/3084 3300/3300/3253
f 3300/3300/3253 3302/3302/3255 3132/3132/3085
f 3132/3132/3085 3302/3302/3255 3303/3303/3256
f 3303/3303/3256 3228/3228/3181 3132/3132/3085
f 3304/3304/3257 3228/3228/3181 3303/3303/3256
f 3228/3228/3181 3304/3304/3257 3244/3244/3197
f 3303/3303/3256 3305/3305/3258 3304/3304/3257
f 3234/3234/3187 3228/3228/3181 3244/3244/3197
f 3244/3244/3197 3304/3304/3257 3245/3245/3198
f 3304/3304/3257 3248/3248/3201 3245/3245/3198
f 3304/3304/3257 3305/3305/3258 3248/3248/3201
f 3306/3306/3259 3308/3307/3260 3307/3308/3261
f 3307/3308/3261 3309/3309/3262 3306/3306/3259
f 3308/3307/3260 3306/3306/3259 3310/3310/3263
f 3310/3310/3263 3311/3311/3264 3308/3307/3260
f 3306/3306/3259 3309/3309/3262 3191/3191/3144
f 3307/3308/3261 3185/3185/3138 3309/3309/3262
f 3309/3309/3262 3185/3185/3138 3183/3183/3136
f 3309/3309/3262 3183/3183/3136 3191/3191/3144
f 3312/3312/3265 3311/3311/3264 3310/3310/3263
f 3310/3310/3263 3313/3313/3266 3312/3312/3265
f 3314/3314/3267 3312/3312/3265 3313/3313/3266
f 3313/3313/3266 3315/3315/3268 3314/3314/3267
f 3313/3313/3266 3287/3287/3240 3315/3315/3268
f 3313/3313/3266 3209/3209/3162 3287/3287/3240
f 3314/3314/3267 3315/3315/3268 3281/3281/3234
f 3315/3315/3268 3279/3279/3232 3281/3281/3234
f 3315/3315/3268 3287/3287/3240 3279/3279/3232
f 3209/3209/3162 3210/3210/3163 3287/3287/3240
f 3209/3209/3162 3313/3313/3266 3208/3208/3161
f 3208/3208/3161 3313/3313/3266 3310/3310/3263
f 3310/3310/3263 3206/3207/3160 3208/3208/3161
f 3206/3207/3160 3310/3310/3263 3306/3306/3259
f 3194/3194/3147 3306/3306/3259 3191/3191/3144
f 3306/3306/3259 3205/3205/3158 3206/3207/3160
f 3205/3205/3158 3306/3306/3259 3194/3194/3147
f 3316/3316/3269 3318/3317/3270 3317/3318/3271
f 3316/3316/3269 3317/3318/3271 3319/3319/3272
f 3316/3316/3269 3319/3319/3272 3320/3320/3273
f 3320/3320/3273 3319/3319/3272 3321/3321/3274
f 3321/3321/3274 3322/3322/3275 3320/3320/3273
f 3323/3323/3276 3322/3322/3275 3321/3321/3274
f 3323/3323/3276 3324/3324/3277 3322/3322/3275
f 3324/3324/3277 3323/3323/3276 3325/3325/3278
f 3323/3323/3276 3326/3326/3279 3325/3325/3278
f 3316/3316/3269 3327/3327/3280 3318/3317/3270
f 3318/3317/3270 3327/3327/3280 3328/3328/3281
f 3329/3329/3282 3318/3317/3270 3328/3328/3281
f 3318/3317/3270 3329/3329/3282 3317/3318/3271
f 3329/3329/3282 3328/3328/3281 3330/3330/3283
f 3331/3331/3284 3330/3330/3283 3328/3328/3281
f 3332/3332/3285 3331/3331/3284 3328/3328/3281
f 3331/3331/3284 3332/3332/3285 3333/3333/3286
f 3334/3334/3287 3332/3332/3285 3328/3328/3281
f 3335/3335/3288 3334/3334/3287 3328/3328/3281
f 3327/3327/3280 3335/3335/3288 3328/3328/3281
f 3332/3332/3285 3334/3334/3287 3336/3336/3289
f 3332/3332/3285 3336/3336/3289 3333/3333/3286
f 3337/3337/3290 3339/3338/3291 3338/3339/3292
f 3338/3339/3292 3340/3340/3293 3337/3337/3290
f 3340/3340/3293 3341/3341/3294 3337/3337/3290
f 3342/3342/3295 3337/3337/3290 3341/3341/3294
f 3342/3342/3295 3339/3338/3291 3337/3337/3290
f 3343/3343/3296 3339/3338/3291 3342/3342/3295
f 3342/3342/3295 3344/3344/3297 3343/3343/3296
f 3345/3345/3298 3343/3343/3296 3344/3344/3297
f 3344/3344/3297 3346/3346/3299 3345/3345/3298
f 3346/3346/3299 3344/3344/3297 3347/3347/3300
f 3347/3347/3300 3348/3348/3301 3346/3346/3299
f 3344/3344/3297 3342/3342/3295 3349/3349/3302
f 3349/3349/3302 3347/3347/3300 3344/3344/3297
f 3349/3349/3302 3342/3342/3295 3341/3341/3294
f 3349/3349/3302 3341/3341/3294 3350/3350/3303
f 3349/3349/3302 3350/3350/3303 3351/3351/3304
f 3347/3347/3300 3349/3349/3302 3351/3351/3304
f 3347/3347/3300 3351/3351/3304 3352/3352/3305
f 3352/3352/3305 3353/3353/3306 3347/3347/3300
f 3353/3353/3306 3348/3348/3301 3347/3347/3300
f 3354/3354/3307 3350/3350/3303 3341/3341/3294
f 3340/3340/3293 3354/3354/3307 3341/3341/3294
f 3355/3355/3308 3345/3345/3298 3346/3346/3299
f 3355/3355/3308 3346/3346/3299 3348/3348/3301
f 3345/3345/3298 3355/3355/3308 3356/3356/3309
f 3355/3355/3308 3357/3357/3310 3356/3356/3309
f 3355/3355/3308 3358/3358/3311 3357/3357/3310
f 3358/3358/3311 3355/3355/3308 3348/3348/3301
f 3359/3359/3312 3358/3358/3311 3348/3348/3301
f 3359/3359/3312 3348/3348/3301 3353/3353/3306
f 3350/3350/3303 3354/3354/3307 3360/3360/3313
f 3350/3350/3303 3360/3360/3313 3361/3361/3314
f 3360/3360/3313 3354/3354/3307 3362/3362/3315
f 3361/3361/3314 3360/3360/3313 3363/3363/3316
f 3363/3363/3316 3360/3360/3313 3362/3362/3315
f 3364/3364/3317 3363/3363/3316 3362/3362/3315
f 3365/3365/3318 3364/3364/3317 3362/3362/3315
f 3362/3362/3315 3366/3366/3319 3365/3365/3318
f 3362/3362/3315 3340/3340/3293 3366/3366/3319
f 3362/3362/3315 3354/3354/3307 3340/3340/3293
f 3367/3367/3320 3364/3364/3317 3365/3365/3318
f 3367/3367/3320 3363/3363/3316 3364/3364/3317
f 3365/3365/3318 3368/3368/3321 3367/3367/3320
f 3363/3363/3316 3369/3369/3322 3361/3361/3314
f 3369/3369/3322 3363/3363/3316 3370/3370/3323
f 3367/3367/3320 3370/3370/3323 3363/3363/3316
f 3370/3370/3323 3371/3371/3324 3369/3369/3322
f 3372/3372/3325 3370/3370/3323 3367/3367/3320
f 3372/3372/3325 3367/3367/3320 3368/3368/3321
f 3372/3372/3325 3368/3368/3321 3373/3373/3326
f 3372/3372/3325 3374/3374/3327 3370/3370/3323
f 3369/3369/3322 3375/3375/3328 3361/3361/3314
f 3375/3375/3328 3369/3369/3322 3371/3371/3324
f 3375/3375/3328 3371/3371/3324 3376/3376/3329
f 3377/3377/3330 3376/3376/3329 3371/3371/3324
f 3378/3378/3331 3377/3377/3330 3371/3371/3324
f 3374/3374/3327 3378/3378/3331 3370/3370/3323
f 3371/3371/3324 3370/3370/3323 3378/3378/3331
f 3340/3340/3293 3338/3339/3292 3366/3366/3319
f 3375/3375/3328 3379/3379/3332 3361/3361/3314
f 3379/3379/3332 3380/3380/3333 3361/3361/3314
f 3361/3361/3314 3380/3380/3333 3350/3350/3303
f 3381/3381/3334 3350/3350/3303 3380/3380/3333
f 3382/3382/3335 3381/3381/3334 3380/3380/3333
f 3380/3380/3333 3383/3383/3336 3382/3382/3335
f 3384/3384/3337 3382/3382/3335 3383/3383/3336
f 3383/3383/3336 3385/3385/3338 3384/3384/3337
f 3386/3386/3339 3384/3384/3337 3385/3385/3338
f 3385/3385/3338 3387/3387/3340 3386/3386/3339
f 3386/3386/3339 3387/3387/3340 3388/3388/3341
f 3389/3389/3342 3384/3384/3337 3386/3386/3339
f 3389/3389/3342 3381/3381/3334 3382/3382/3335
f 3382/3382/3335 3384/3384/3337 3389/3389/3342
f 3386/3386/3339 3390/3390/3343 3389/3389/3342
f 3390/3390/3343 3386/3386/3339 3388/3388/3341
f 3359/3359/3312 3390/3390/3343 3388/3388/3341
f 3353/3353/3306 3389/3389/3342 3390/3390/3343
f 3359/3359/3312 3353/3353/3306 3390/3390/3343
f 3381/3381/3334 3351/3351/3304 3350/3350/3303
f 3351/3351/3304 3381/3381/3334 3389/3389/3342
f 3352/3352/3305 3351/3351/3304 3389/3389/3342
f 3353/3353/3306 3352/3352/3305 3389/3389/3342
f 3127/3127/3080 3128/3128/3081 3391/3391/3344
f 3391/3391/3344 3392/3392/3345 3127/3127/3080
f 3391/3391/3344 3128/3128/3081 3130/3130/3083
f 3225/3225/3178 3392/3392/3345 3391/3391/3344
f 3391/3391/3344 3226/3226/3179 3225/3225/3178
f 3391/3391/3344 3130/3130/3083 3226/3226/3179
f 3393/3393/3346 3395/3394/3347 3394/3395/3348
f 3393/3393/3346 3396/3396/3349 3395/3394/3347
f 3393/3393/3346 3397/3397/3350 3396/3396/3349
f 3398/3398/3351 3396/3396/3349 3397/3397/3350
f 3397/3397/3350 3399/3399/3352 3398/3398/3351
f 3400/3400/3353 3398/3398/3351 3399/3399/3352
f 3400/3400/3353 3399/3399/3352 3401/3401/3354
f 3401/3401/3354 3402/3402/3355 3400/3400/3353
f 3400/3400/3353 3402/3402/3355 3403/3403/3356
f 3393/3393/3346 3394/3395/3348 3404/3404/3357
f 3394/3395/3348 3405/3405/3358 3404/3404/3357
f 3406/3406/3359 3405/3405/3358 3394/3395/3348
f 3394/3395/3348 3395/3394/3347 3406/3406/3359
f 3406/3406/3359 3407/3407/3360 3405/3405/3358
f 3408/3408/3361 3405/3405/3358 3407/3407/3360
f 3409/3409/3362 3405/3405/3358 3408/3408/3361
f 3408/3408/3361 3410/3410/3363 3409/3409/3362
f 3411/3411/3364 3405/3405/3358 3409/3409/3362
f 3412/3412/3365 3405/3405/3358 3411/3411/3364
f 3404/3404/3357 3405/3405/3358 3412/3412/3365
f 3409/3409/3362 3413/3413/3366 3411/3411/3364
f 3409/3409/3362 3410/3410/3363 3413/3413/3366
f 3414/3414/3367 3416/3415/3368 3415/3416/3369
f 3415/3416/3369 3417/3417/3370 3414/3414/3367
f 3416/3415/3368 3414/3414/3367 3418/3418/3371
f 3419/3419/3372 3418/3418/3371 3414/3414/3367
f 3419/3419/3372 3414/3414/3367 3417/3417/3370
f 3419/3419/3372 3417/3417/3370 3420/3420/3373
f 3420/3420/3373 3421/3421/3374 3419/3419/3372
f 3421/3421/3374 3420/3420/3373 3422/3422/3375
f 3422/3422/3375 3423/3423/3376 3421/3421/3374
f 3424/3424/3377 3421/3421/3374 3423/3423/3376
f 3423/3423/3376 3425/3425/3378 3424/3424/3377
f 3421/3421/3374 3424/3424/3377 3426/3426/3379
f 3426/3426/3379 3419/3419/3372 3421/3421/3374
f 3426/3426/3379 3418/3418/3371 3419/3419/3372
f 3426/3426/3379 3427/3427/3380 3418/3418/3371
f 3426/3426/3379 3428/3428/3381 3427/3427/3380
f 3424/3424/3377 3428/3428/3381 3426/3426/3379
f 3424/3424/3377 3429/3429/3382 3428/3428/3381
f 3429/3429/3382 3424/3424/3377 3430/3430/3383
f 3430/3430/3383 3424/3424/3377 3425/3425/3378
f 3431/3431/3384 3418/3418/3371 3427/3427/3380
f 3416/3415/3368 3418/3418/3371 3431/3431/3384
f 3432/3432/3385 3423/3423/3376 3422/3422/3375
f 3432/3432/3385 3425/3425/3378 3423/3423/3376
f 3422/3422/3375 3433/3433/3386 3432/3432/3385
f 3432/3432/3385 3433/3433/3386 3434/3434/3387
f 3432/3432/3385 3434/3434/3387 3435/3435/3388
f 3435/3435/3388 3425/3425/3378 3432/3432/3385
f 3436/3436/3389 3425/3425/3378 3435/3435/3388
f 3436/3436/3389 3430/3430/3383 3425/3425/3378
f 3427/3427/3380 3437/3437/3390 3431/3431/3384
f 3427/3427/3380 3438/3438/3391 3437/3437/3390
f 3437/3437/3390 3439/3439/3392 3431/3431/3384
f 3440/3440/3393 3437/3437/3390 3438/3438/3391
f 3440/3440/3393 3439/3439/3392 3437/3437/3390
f 3441/3441/3394 3439/3439/3392 3440/3440/3393
f 3439/3439/3392 3441/3441/3394 3442/3442/3395
f 3442/3442/3395 3443/3443/3396 3439/3439/3392
f 3439/3439/3392 3443/3443/3396 3416/3415/3368
f 3439/3439/3392 3416/3415/3368 3431/3431/3384
f 3442/3442/3395 3441/3441/3394 3444/3444/3397
f 3444/3444/3397 3441/3441/3394 3440/3440/3393
f 3444/3444/3397 3445/3445/3398 3442/3442/3395
f 3438/3438/3391 3446/3446/3399 3440/3440/3393
f 3447/3447/3400 3440/3440/3393 3446/3446/3399
f 3444/3444/3397 3440/3440/3393 3447/3447/3400
f 3446/3446/3399 3448/3448/3401 3447/3447/3400
f 3449/3449/3402 3444/3444/3397 3447/3447/3400
f 3449/3449/3402 3445/3445/3398 3444/3444/3397
f 3449/3449/3402 3450/3450/3403 3445/3445/3398
f 3449/3449/3402 3447/3447/3400 3451/3451/3404
f 3446/3446/3399 3438/3438/3391 3452/3452/3405
f 3452/3452/3405 3448/3448/3401 3446/3446/3399
f 3452/3452/3405 3453/3453/3406 3448/3448/3401
f 3454/3454/3407 3448/3448/3401 3453/3453/3406
f 3455/3455/3408 3448/3448/3401 3454/3454/3407
f 3451/3451/3404 3447/3447/3400 3455/3455/3408
f 3448/3448/3401 3455/3455/3408 3447/3447/3400
f 3416/3415/3368 3443/3443/3396 3415/3416/3369
f 3452/3452/3405 3438/3438/3391 3456/3456/3409
f 3456/3456/3409 3438/3438/3391 3457/3457/3410
f 3438/3438/3391 3427/3427/3380 3457/3457/3410
f 3458/3458/3411 3457/3457/3410 3427/3427/3380
f 3459/3459/3412 3457/3457/3410 3458/3458/3411
f 3457/3457/3410 3459/3459/3412 3460/3460/3413
f 3460/3460/3413 3459/3459/3412 3461/3461/3414
f 3461/3461/3414 3462/3462/3415 3460/3460/3413
f 3462/3462/3415 3461/3461/3414 3463/3463/3416
f 3463/3463/3416 3464/3464/3417 3462/3462/3415
f 3463/3463/3416 3465/3465/3418 3464/3464/3417
f 3463/3463/3416 3461/3461/3414 3466/3466/3419
f 3466/3466/3419 3461/3461/3414 3459/3459/3412
f 3459/3459/3412 3458/3458/3411 3466/3466/3419
f 3466/3466/3419 3467/3467/3420 3463/3463/3416
f 3467/3467/3420 3465/3465/3418 3463/3463/3416
f 3436/3436/3389 3465/3465/3418 3467/3467/3420
f 3430/3430/3383 3467/3467/3420 3466/3466/3419
f 3436/3436/3389 3467/3467/3420 3430/3430/3383
f 3458/3458/3411 3427/3427/3380 3428/3428/3381
f 3428/3428/3381 3466/3466/3419 3458/3458/3411
f 3429/3429/3382 3466/3466/3419 3428/3428/3381
f 3430/3430/3383 3466/3466/3419 3429/3429/3382
f 3468/3468/3421 3470/3469/3422 3469/3470/3423
f 3471/3471/3424 3470/3469/3422 3468/3468/3421
f 3471/3471/3424 3468/3468/3421 3472/3472/3425
f 3473/3473/3426 3471/3471/3424 3472/3472/3425
f 3474/3474/3427 3468/3468/3421 3469/3470/3423
f 3472/3472/3425 3468/3468/3421 3474/3474/3427
f 3475/3475/3428 3474/3474/3427 3469/3470/3423
f 3475/3475/3428 3469/3470/3423 3476/3476/3429
f 3476/3476/3429 3477/3477/3430 3475/3475/3428
f 3475/3475/3428 3477/3477/3430 3478/3478/3431
f 3478/3478/3431 3479/3479/3432 3475/3475/3428
f 3475/3475/3428 3479/3479/3432 3480/3480/3433
f 3475/3475/3428 3480/3480/3433 3474/3474/3427
f 3477/3477/3430 3481/3481/3434 3478/3478/3431
f 3477/3477/3430 3482/3482/3435 3481/3481/3434
f 3477/3477/3430 3476/3476/3429 3482/3482/3435
f 3480/3480/3433 3479/3479/3432 3483/3483/3436
f 3483/3483/3436 3484/3484/3437 3480/3480/3433
f 3481/3481/3434 3482/3482/3435 3485/3485/3438
f 3485/3485/3438 3486/3486/3439 3481/3481/3434
f 3486/3486/3439 3487/3487/3440 3481/3481/3434
f 3481/3481/3434 3487/3487/3440 3478/3478/3431
f 3476/3476/3429 3488/3488/3441 3482/3482/3435
f 3488/3488/3441 3476/3476/3429 3489/3489/3442
f 3490/3490/3443 3488/3488/3441 3489/3489/3442
f 3491/3491/3444 3480/3480/3433 3484/3484/3437
f 3474/3474/3427 3480/3480/3433 3491/3491/3444
f 3492/3492/3445 3488/3488/3441 3490/3490/3443
f 3492/3492/3445 3485/3485/3438 3482/3482/3435
f 3482/3482/3435 3488/3488/3441 3492/3492/3445
f 3490/3490/3443 3493/3493/3446 3492/3492/3445
f 3474/3474/3427 3491/3491/3444 3472/3472/3425
f 3494/3494/3447 3483/3483/3436 3479/3479/3432
f 3495/3495/3448 3494/3494/3447 3479/3479/3432
f 3496/3496/3449 3494/3494/3447 3495/3495/3448
f 3495/3495/3448 3479/3479/3432 3497/3497/3450
f 3498/3498/3451 3496/3496/3449 3495/3495/3448
f 3496/3496/3449 3498/3498/3451 3499/3499/3452
f 3499/3499/3452 3500/3500/3453 3496/3496/3449
f 3501/3501/3454 3500/3500/3453 3499/3499/3452
f 3479/3479/3432 3478/3478/3431 3497/3497/3450
f 3478/3478/3431 3502/3502/3455 3497/3497/3450
f 3502/3502/3455 3478/3478/3431 3503/3503/3456
f 3502/3502/3455 3503/3503/3456 3504/3504/3457
f 3502/3502/3455 3504/3504/3457 3505/3505/3458
f 3505/3505/3458 3504/3504/3457 3506/3506/3459
f 3506/3506/3459 3507/3507/3460 3505/3505/3458
f 3507/3507/3460 3506/3506/3459 3508/3508/3461
f 3478/3478/3431 3487/3487/3440 3503/3503/3456
f 3509/3509/3462 3511/3510/3463 3510/3511/3464
f 3510/3511/3464 3511/3510/3463 3512/3512/3465
f 3512/3512/3465 3513/3513/3466 3510/3511/3464
f 3513/3513/3466 3512/3512/3465 3514/3514/3467
f 3514/3514/3467 3515/3515/3468 3513/3513/3466
f 3516/3516/3469 3512/3512/3465 3511/3510/3463
f 3511/3510/3463 3517/3517/3470 3516/3516/3469
f 3516/3516/3469 3517/3517/3470 3518/3518/3471
f 3518/3518/3471 3519/3519/3472 3516/3516/3469
f 3520/3520/3473 3518/3518/3471 3517/3517/3470
f 3517/3517/3470 3521/3521/3474 3520/3520/3473
f 3517/3517/3470 3511/3510/3463 3521/3521/3474
f 3511/3510/3463 3509/3509/3462 3521/3521/3474
f 3513/3513/3466 3515/3515/3468 3522/3522/3475
f 3522/3522/3475 3515/3515/3468 3523/3523/3476
f 3523/3523/3476 3524/3524/3477 3522/3522/3475
f 3514/3514/3467 3512/3512/3465 3525/3525/3478
f 3525/3525/3478 3512/3512/3465 3516/3516/3469
f 3514/3514/3467 3525/3525/3478 3526/3526/3479
f 3526/3526/3479 3525/3525/3478 3527/3527/3480
f 3525/3525/3478 3516/3516/3469 3527/3527/3480
f 3527/3527/3480 3528/3528/3481 3526/3526/3479
f 3529/3529/3482 3528/3528/3481 3527/3527/3480
f 3529/3529/3482 3527/3527/3480 3516/3516/3469
f 3516/3516/3469 3519/3519/3472 3529/3529/3482
f 3528/3528/3481 3529/3529/3482 3530/3530/3483
f 3530/3530/3483 3529/3529/3482 3531/3531/3484
f 3529/3529/3482 3519/3519/3472 3531/3531/3484
f 3531/3531/3484 3532/3532/3485 3530/3530/3483
f 3532/3532/3485 3531/3531/3484 3533/3533/3486
f 3533/3533/3486 3534/3534/3487 3532/3532/3485
f 3524/3524/3477 3523/3523/3476 3535/3535/3488
f 3535/3535/3488 3523/3523/3476 3536/3536/3489
f 3536/3536/3489 3537/3537/3490 3535/3535/3488
f 3537/3537/3490 3536/3536/3489 3538/3538/3491
f 3538/3538/3491 3539/3539/3492 3537/3537/3490
f 3540/3540/3493 3539/3539/3492 3538/3538/3491
f 3538/3538/3491 3541/3541/3494 3540/3540/3493
f 3542/3542/3495 3540/3540/3493 3541/3541/3494
f 3541/3541/3494 3543/3543/3496 3542/3542/3495
f 3544/3544/3497 3542/3542/3495 3543/3543/3496
f 3543/3543/3496 3545/3545/3498 3544/3544/3497
f 3544/3544/3497 3545/3545/3498 3546/3546/3499
f 3545/3545/3498 3547/3547/3500 3546/3546/3499
f 3548/3548/3501 3534/3534/3487 3549/3549/3502
f 3548/3548/3501 3549/3549/3502 3550/3550/3503
f 3550/3550/3503 3551/3551/3504 3548/3548/3501
f 3552/3552/3505 3551/3551/3504 3550/3550/3503
f 3550/3550/3503 3553/3553/3506 3552/3552/3505
f 3553/3553/3506 3550/3550/3503 3554/3554/3507
f 3555/3555/3508 3553/3553/3506 3554/3554/3507
f 3554/3554/3507 3556/3556/3509 3555/3555/3508
f 3554/3554/3507 3550/3550/3503 3557/3557/3510
f 3549/3549/3502 3557/3557/3510 3550/3550/3503
f 3555/3555/3508 3556/3556/3509 3558/3558/3511
f 3558/3558/3511 3559/3559/3512 3555/3555/3508
f 3559/3559/3512 3558/3558/3511 3560/3560/3513
f 3561/3561/3514 3560/3560/3513 3558/3558/3511
f 3553/3553/3506 3555/3555/3508 3562/3562/3515
f 3562/3562/3515 3552/3552/3505 3553/3553/3506
f 3559/3559/3512 3560/3560/3513 3563/3563/3516
f 3524/3524/3477 3563/3563/3516 3560/3560/3513
f 3560/3560/3513 3564/3564/3517 3524/3524/3477
f 3560/3560/3513 3561/3561/3514 3564/3564/3517
f 3524/3524/3477 3564/3564/3517 3565/3565/3518
f 3561/3561/3514 3565/3565/3518 3564/3564/3517
f 3563/3563/3516 3566/3566/3519 3559/3559/3512
f 3555/3555/3508 3559/3559/3512 3566/3566/3519
f 3566/3566/3519 3562/3562/3515 3555/3555/3508
f 3549/3549/3502 3567/3567/3520 3557/3557/3510
f 3534/3534/3487 3567/3567/3520 3549/3549/3502
f 3524/3524/3477 3568/3568/3521 3522/3522/3475
f 3569/3569/3522 3522/3522/3475 3568/3568/3521
f 3522/3522/3475 3569/3569/3522 3570/3570/3523
f 3570/3570/3523 3571/3571/3524 3522/3522/3475
f 3571/3571/3524 3570/3570/3523 3572/3572/3525
f 3572/3572/3525 3573/3573/3526 3571/3571/3524
f 3573/3573/3526 3572/3572/3525 3574/3574/3527
f 3574/3574/3527 3575/3575/3528 3573/3573/3526
f 3576/3576/3529 3575/3575/3528 3574/3574/3527
f 3574/3574/3527 3577/3577/3530 3576/3576/3529
f 3576/3576/3529 3577/3577/3530 3578/3578/3531
f 3578/3578/3531 3579/3579/3532 3576/3576/3529
f 3579/3579/3532 3578/3578/3531 3580/3580/3533
f 3579/3579/3532 3580/3580/3533 3581/3581/3534
f 3581/3581/3534 3580/3580/3533 3582/3582/3535
f 3582/3582/3535 3583/3583/3536 3581/3581/3534
f 3583/3583/3536 3582/3582/3535 3584/3584/3537
f 3584/3584/3537 3585/3585/3538 3583/3583/3536
f 3585/3585/3538 3584/3584/3537 3586/3586/3539
f 3587/3587/3540 3589/3588/3541 3588/3589/3542
f 3588/3589/3542 3590/3590/3543 3587/3587/3540
f 3590/3590/3543 3588/3589/3542 3591/3591/3544
f 3591/3591/3544 3592/3592/3545 3590/3590/3543
f 3589/3588/3541 3587/3587/3540 3593/3593/3546
f 3593/3593/3546 3594/3594/3547 3589/3588/3541
f 3594/3594/3547 3593/3593/3546 3595/3595/3548
f 3595/3595/3548 3596/3596/3549 3594/3594/3547
f 3596/3596/3549 3595/3595/3548 3597/3597/3550
f 3597/3597/3550 3598/3598/3551 3596/3596/3549
f 3598/3598/3551 3597/3597/3550 3599/3599/3552
f 3599/3599/3552 3600/3600/3553 3598/3598/3551
f 3600/3600/3553 3599/3599/3552 3601/3601/3554
f 3601/3601/3554 3602/3602/3555 3600/3600/3553
f 3602/3602/3555 3601/3601/3554 3603/3603/3556
f 3603/3603/3556 3604/3604/3557 3602/3602/3555
f 3605/3605/3558 3607/3606/3559 3606/3607/3560
f 3607/3606/3559 3608/3608/3561 3606/3607/3560
f 3609/3609/3562 3611/3610/3563 3610/3611/3564
f 3610/3611/3564 3612/3612/3565 3609/3609/3562
f 3613/3613/3566 3610/3611/3564 3611/3610/3563
f 3610/3611/3564 3613/3613/3566 3614/3614/3567
f 3615/3615/3568 3617/3616/3569 3616/3617/3570
f 3616/3617/3570 3618/3618/3571 3615/3615/3568
f 3617/3616/3569 3615/3615/3568 3619/3619/3572
f 3620/3620/3573 3619/3619/3572 3615/3615/3568
f 3621/3621/3574 3623/3622/3575 3622/3623/3576
f 3622/3623/3576 3624/3624/3577 3621/3621/3574
f 3526/3526/3479 3625/3625/3578 3514/3514/3467
f 3514/3514/3467 3625/3625/3578 3515/3515/3468
f 3515/3515/3468 3625/3625/3578 3523/3523/3476
f 3626/3626/3579 3628/3627/3580 3627/3628/3581
f 3627/3628/3581 3629/3629/3582 3626/3626/3579
f 3630/3630/3583 3632/3631/3584 3631/3632/3585
f 3631/3632/3585 3633/3633/3586 3630/3630/3583
f 3630/3630/3583 3633/3633/3586 3634/3634/3587
f 3634/3634/3587 3635/3635/3588 3630/3630/3583
f 3635/3635/3588 3634/3634/3587 3636/3636/3589
f 3636/3636/3589 3637/3637/3590 3635/3635/3588
f 3637/3637/3590 3636/3636/3589 3638/3638/3591
f 3638/3638/3591 3639/3639/3592 3637/3637/3590
f 3639/3639/3592 3638/3638/3591 3640/3640/3593
f 3640/3640/3593 3641/3641/3594 3639/3639/3592
f 3641/3641/3594 3640/3640/3593 3642/3642/3595
f 3642/3642/3595 3643/3643/3596 3641/3641/3594
f 3643/3643/3596 3642/3642/3595 3644/3644/3597
f 3644/3644/3597 3645/3645/3598 3643/3643/3596
f 3645/3645/3598 3644/3644/3597 3646/3646/3599
f 3646/3646/3599 3647/3647/3600 3645/3645/3598
f 3648/3648/3601 3650/3649/3602 3649/3650/3603
f 3649/3650/3603 3651/3651/3604 3648/3648/3601
f 3652/3652/3605 3648/3648/3601 3651/3651/3604
f 3651/3651/3604 3653/3653/3606 3652/3652/3605
f 3654/3654/3607 3652/3652/3605 3653/3653/3606
f 3653/3653/3606 3655/3655/3608 3654/3654/3607
f 3649/3650/3603 3650/3649/3602 3656/3656/3609
f 3656/3656/3609 3657/3657/3610 3649/3650/3603
f 3657/3657/3610 3656/3656/3609 3658/3658/3611
f 3658/3658/3611 3659/3659/3612 3657/3657/3610
f 3660/3660/3613 3659/3659/3612 3658/3658/3611
f 3654/3654/3607 3655/3655/3608 3661/3661/3614
f 3654/3654/3607 3661/3661/3614 3662/3662/3615
f 3663/3663/3616 3665/3664/3617 3664/3665/3618
f 3666/3666/3619 3663/3663/3616 3664/3665/3618
f 3667/3667/3620 3666/3666/3619 3664/3665/3618
f 3668/3668/3621 3667/3667/3620 3664/3665/3618
f 3669/3669/3622 3664/3665/3618 3665/3664/3617
f 3670/3670/3623 3669/3669/3622 3665/3664/3617
f 3671/3671/3624 3670/3670/3623 3665/3664/3617
f 3663/3663/3616 3671/3671/3624 3665/3664/3617
f 3664/3665/3618 3669/3669/3622 3672/3672/3625
f 3672/3672/3625 3673/3673/3626 3664/3665/3618
f 3674/3674/3627 3664/3665/3618 3673/3673/3626
f 3674/3674/3627 3675/3675/3628 3664/3665/3618
f 3668/3668/3621 3664/3665/3618 3675/3675/3628
f 3676/3676/3629 3668/3668/3621 3675/3675/3628
f 3677/3677/3630 3676/3676/3629 3675/3675/3628
f 3674/3674/3627 3677/3677/3630 3675/3675/3628
f 3673/3673/3626 3678/3678/3631 3674/3674/3627
f 3679/3679/3632 3678/3678/3631 3673/3673/3626
f 3679/3679/3632 3673/3673/3626 3680/3680/3633
f 3673/3673/3626 3672/3672/3625 3680/3680/3633
f 3681/3681/3634 3679/3679/3632 3680/3680/3633
f 3680/3680/3633 3682/3682/3635 3681/3681/3634
f 3683/3683/3636 3681/3681/3634 3682/3682/3635
f 3682/3682/3635 3684/3684/3637 3683/3683/3636
f 3685/3685/3638 3683/3683/3636 3684/3684/3637
f 3684/3684/3637 3686/3686/3639 3685/3685/3638
f 3685/3685/3638 3686/3686/3639 3687/3687/3640
f 3687/3687/3640 3688/3688/3641 3685/3685/3638
f 3687/3687/3640 3689/3689/3642 3688/3688/3641
f 3690/3690/3643 3688/3688/3641 3689/3689/3642
f 3691/3691/3644 3690/3690/3643 3689/3689/3642
f 3689/3689/3642 3692/3692/3645 3691/3691/3644
f 3693/3693/3646 3691/3691/3644 3692/3692/3645
f 3694/3694/3647 3693/3693/3646 3692/3692/3645
f 3695/3695/3648 3694/3694/3647 3692/3692/3645
f 3696/3696/3649 3695/3695/3648 3692/3692/3645
f 3697/3697/3650 3696/3696/3649 3692/3692/3645
f 3698/3698/3651 3697/3697/3650 3692/3692/3645
f 3699/3699/3652 3698/3698/3651 3692/3692/3645
f 3700/3700/3653 3699/3699/3652 3692/3692/3645
f 3692/3692/3645 3689/3689/3642 3701/3701/3654
f 3701/3701/3654 3700/3700/3653 3692/3692/3645
f 3687/3687/3640 3701/3701/3654 3689/3689/3642
f 3702/3702/3655 3704/3703/3656 3703/3704/3657
f 3705/3705/3658 3702/3702/3655 3703/3704/3657
f 3705/3705/3658 3706/3706/3659 3702/3702/3655
f 3707/3707/3660 3706/3706/3659 3705/3705/3658
f 3708/3708/3661 3704/3703/3656 3702/3702/3655
f 3708/3708/3661 3702/3702/3655 3706/3706/3659
f 3709/3709/3662 3704/3703/3656 3708/3708/3661
f 3710/3710/3663 3704/3703/3656 3709/3709/3662
f 3709/3709/3662 3711/3711/3664 3710/3710/3663
f 3712/3712/3665 3711/3711/3664 3709/3709/3662
f 3709/3709/3662 3713/3713/3666 3712/3712/3665
f 3709/3709/3662 3714/3714/3667 3713/3713/3666
f 3709/3709/3662 3708/3708/3661 3714/3714/3667
f 3711/3711/3664 3712/3712/3665 3715/3715/3668
f 3711/3711/3664 3715/3715/3668 3716/3716/3669
f 3711/3711/3664 3716/3716/3669 3710/3710/3663
f 3714/3714/3667 3717/3717/3670 3713/3713/3666
f 3717/3717/3670 3714/3714/3667 3718/3718/3671
f 3719/3719/3672 3716/3716/3669 3715/3715/3668
f 3715/3715/3668 3720/3720/3673 3719/3719/3672
f 3720/3720/3673 3715/3715/3668 3721/3721/3674
f 3715/3715/3668 3712/3712/3665 3721/3721/3674
f 3710/3710/3663 3716/3716/3669 3722/3722/3675
f 3722/3722/3675 3723/3723/3676 3710/3710/3663
f 3724/3724/3677 3723/3723/3676 3722/3722/3675
f 3725/3725/3678 3718/3718/3671 3714/3714/3667
f 3708/3708/3661 3725/3725/3678 3714/3714/3667
f 3724/3724/3677 3722/3722/3675 3726/3726/3679
f 3726/3726/3679 3722/3722/3675 3716/3716/3669
f 3716/3716/3669 3719/3719/3672 3726/3726/3679
f 3726/3726/3679 3727/3727/3680 3724/3724/3677
f 3706/3706/3659 3725/3725/3678 3708/3708/3661
f 3728/3728/3681 3713/3713/3666 3717/3717/3670
f 3729/3729/3682 3713/3713/3666 3728/3728/3681
f 3730/3730/3683 3729/3729/3682 3728/3728/3681
f 3729/3729/3682 3731/3731/3684 3713/3713/3666
f 3732/3732/3685 3729/3729/3682 3730/3730/3683
f 3733/3733/3686 3732/3732/3685 3730/3730/3683
f 3730/3730/3683 3734/3734/3687 3733/3733/3686
f 3735/3735/3688 3733/3733/3686 3734/3734/3687
f 3713/3713/3666 3731/3731/3684 3712/3712/3665
f 3712/3712/3665 3731/3731/3684 3736/3736/3689
f 3736/3736/3689 3737/3737/3690 3712/3712/3665
f 3736/3736/3689 3738/3738/3691 3737/3737/3690
f 3736/3736/3689 3739/3739/3692 3738/3738/3691
f 3740/3740/3693 3738/3738/3691 3739/3739/3692
f 3739/3739/3692 3741/3741/3694 3740/3740/3693
f 3741/3741/3694 3742/3742/3695 3740/3740/3693
f 3712/3712/3665 3737/3737/3690 3721/3721/3674
f 3743/3743/3696 3745/3744/3697 3744/3745/3698
f 3746/3746/3699 3744/3745/3698 3745/3744/3697
f 3745/3744/3697 3747/3747/3700 3746/3746/3699
f 3748/3748/3701 3746/3746/3699 3747/3747/3700
f 3747/3747/3700 3749/3749/3702 3748/3748/3701
f 3744/3745/3698 3746/3746/3699 3750/3750/3703
f 3750/3750/3703 3751/3751/3704 3744/3745/3698
f 3752/3752/3705 3751/3751/3704 3750/3750/3703
f 3750/3750/3703 3753/3753/3706 3752/3752/3705
f 3754/3754/3707 3751/3751/3704 3752/3752/3705
f 3751/3751/3704 3754/3754/3707 3755/3755/3708
f 3751/3751/3704 3755/3755/3708 3744/3745/3698
f 3744/3745/3698 3755/3755/3708 3743/3743/3696
f 3747/3747/3700 3756/3756/3709 3749/3749/3702
f 3757/3757/3710 3749/3749/3702 3756/3756/3709
f 3756/3756/3709 3758/3758/3711 3757/3757/3710
f 3748/3748/3701 3759/3759/3712 3746/3746/3699
f 3759/3759/3712 3750/3750/3703 3746/3746/3699
f 3760/3760/3713 3759/3759/3712 3748/3748/3701
f 3761/3761/3714 3759/3759/3712 3760/3760/3713
f 3759/3759/3712 3761/3761/3714 3750/3750/3703
f 3760/3760/3713 3762/3762/3715 3761/3761/3714
f 3763/3763/3716 3761/3761/3714 3762/3762/3715
f 3763/3763/3716 3753/3753/3706 3750/3750/3703
f 3750/3750/3703 3761/3761/3714 3763/3763/3716
f 3762/3762/3715 3764/3764/3717 3763/3763/3716
f 3765/3765/3718 3763/3763/3716 3764/3764/3717
f 3763/3763/3716 3765/3765/3718 3753/3753/3706
f 3764/3764/3717 3766/3766/3719 3765/3765/3718
f 3767/3767/3720 3765/3765/3718 3766/3766/3719
f 3766/3766/3719 3768/3768/3721 3767/3767/3720
f 3769/3769/3722 3757/3757/3710 3758/3758/3711
f 3770/3770/3723 3757/3757/3710 3769/3769/3722
f 3769/3769/3722 3771/3771/3724 3770/3770/3723
f 3772/3772/3725 3770/3770/3723 3771/3771/3724
f 3771/3771/3724 3773/3773/3726 3772/3772/3725
f 3772/3772/3725 3773/3773/3726 3774/3774/3727
f 3774/3774/3727 3775/3775/3728 3772/3772/3725
f 3775/3775/3728 3774/3774/3727 3776/3776/3729
f 3776/3776/3729 3777/3777/3730 3775/3775/3728
f 3777/3777/3730 3776/3776/3729 3778/3778/3731
f 3778/3778/3731 3779/3779/3732 3777/3777/3730
f 3778/3778/3731 3780/3780/3733 3779/3779/3732
f 3779/3779/3732 3780/3780/3733 3781/3781/3734
f 3782/3782/3735 3783/3783/3736 3768/3768/3721
f 3784/3784/3737 3783/3783/3736 3782/3782/3735
f 3782/3782/3735 3785/3785/3738 3784/3784/3737
f 3784/3784/3737 3785/3785/3738 3786/3786/3739
f 3786/3786/3739 3787/3787/3740 3784/3784/3737
f 3787/3787/3740 3788/3788/3741 3784/3784/3737
f 3788/3788/3741 3787/3787/3740 3789/3789/3742
f 3789/3789/3742 3790/3790/3743 3788/3788/3741
f 3788/3788/3741 3791/3791/3744 3784/3784/3737
f 3783/3783/3736 3784/3784/3737 3791/3791/3744
f 3792/3792/3745 3790/3790/3743 3789/3789/3742
f 3789/3789/3742 3793/3793/3746 3792/3792/3745
f 3793/3793/3746 3794/3794/3747 3792/3792/3745
f 3795/3795/3748 3792/3792/3745 3794/3794/3747
f 3787/3787/3740 3786/3786/3739 3796/3796/3749
f 3796/3796/3749 3789/3789/3742 3787/3787/3740
f 3797/3797/3750 3794/3794/3747 3793/3793/3746
f 3794/3794/3747 3797/3797/3750 3758/3758/3711
f 3758/3758/3711 3798/3798/3751 3794/3794/3747
f 3794/3794/3747 3798/3798/3751 3795/3795/3748
f 3758/3758/3711 3799/3799/3752 3798/3798/3751
f 3795/3795/3748 3798/3798/3751 3799/3799/3752
f 3793/3793/3746 3800/3800/3753 3797/3797/3750
f 3789/3789/3742 3796/3796/3749 3800/3800/3753
f 3800/3800/3753 3793/3793/3746 3789/3789/3742
f 3783/3783/3736 3791/3791/3744 3801/3801/3754
f 3768/3768/3721 3783/3783/3736 3801/3801/3754
f 3756/3756/3709 3802/3802/3755 3758/3758/3711
f 3803/3803/3756 3802/3802/3755 3756/3756/3709
f 3804/3804/3757 3803/3803/3756 3756/3756/3709
f 3756/3756/3709 3805/3805/3758 3804/3804/3757
f 3806/3806/3759 3804/3804/3757 3805/3805/3758
f 3805/3805/3758 3807/3807/3760 3806/3806/3759
f 3808/3808/3761 3806/3806/3759 3807/3807/3760
f 3807/3807/3760 3809/3809/3762 3808/3808/3761
f 3808/3808/3761 3809/3809/3762 3810/3810/3763
f 3810/3810/3763 3811/3811/3764 3808/3808/3761
f 3812/3812/3765 3811/3811/3764 3810/3810/3763
f 3810/3810/3763 3813/3813/3766 3812/3812/3765
f 3813/3813/3766 3814/3814/3767 3812/3812/3765
f 3813/3813/3766 3815/3815/3768 3814/3814/3767
f 3816/3816/3769 3814/3814/3767 3815/3815/3768
f 3815/3815/3768 3817/3817/3770 3816/3816/3769
f 3818/3818/3771 3816/3816/3769 3817/3817/3770
f 3817/3817/3770 3819/3819/3772 3818/3818/3771
f 3819/3819/3772 3820/3820/3773 3818/3818/3771
f 3821/3821/3774 3823/3822/3775 3822/3823/3776
f 3822/3823/3776 3824/3824/3777 3821/3821/3774
f 3825/3825/3778 3822/3823/3776 3823/3822/3775
f 3823/3822/3775 3826/3826/3779 3825/3825/3778
f 3827/3827/3780 3821/3821/3774 3824/3824/3777
f 3824/3824/3777 3828/3828/3781 3827/3827/3780
f 3829/3829/3782 3827/3827/3780 3828/3828/3781
f 3828/3828/3781 3830/3830/3783 3829/3829/3782
f 3831/3831/3784 3829/3829/3782 3830/3830/3783
f 3830/3830/3783 3832/3832/3785 3831/3831/3784
f 3833/3833/3786 3831/3831/3784 3832/3832/3785
f 3832/3832/3785 3834/3834/3787 3833/3833/3786
f 3835/3835/3788 3833/3833/3786 3834/3834/3787
f 3834/3834/3787 3836/3836/3789 3835/3835/3788
f 3837/3837/3790 3835/3835/3788 3836/3836/3789
f 3836/3836/3789 3838/3838/3791 3837/3837/3790
f 3839/3839/3792 3841/3840/3793 3840/3841/3794
f 3840/3841/3794 3841/3840/3793 3842/3842/3795
f 3843/3843/3796 3845/3844/3797 3844/3845/3798
f 3844/3845/3798 3846/3846/3799 3843/3843/3796
f 3847/3847/3800 3846/3846/3799 3844/3845/3798
f 3844/3845/3798 3848/3848/3801 3847/3847/3800
f 3849/3849/3802 3851/3850/3571 3850/3851/3803
f 3850/3851/3803 3852/3852/3804 3849/3849/3802
f 3852/3852/3804 3853/3853/3805 3849/3849/3802
f 3854/3854/3806 3849/3849/3802 3853/3853/3805
f 3855/3855/3807 3857/3856/3808 3856/3857/3809
f 3856/3857/3809 3858/3858/3575 3855/3855/3807
f 3748/3748/3701 3859/3859/3810 3760/3760/3713
f 3748/3748/3701 3749/3749/3702 3859/3859/3810
f 3749/3749/3702 3757/3757/3710 3859/3859/3810
f 3860/3860/3811 3862/3861/3812 3861/3862/3813
f 3861/3862/3813 3863/3863/3814 3860/3860/3811
f 3864/3864/3815 3866/3865/3816 3865/3866/3817
f 3865/3866/3817 3867/3867/3818 3864/3864/3815
f 3868/3868/3819 3866/3865/3816 3864/3864/3815
f 3864/3864/3815 3869/3869/3820 3868/3868/3819
f 3870/3870/3821 3868/3868/3819 3869/3869/3820
f 3869/3869/3820 3871/3871/3822 3870/3870/3821
f 3872/3872/3823 3870/3870/3821 3871/3871/3822
f 3871/3871/3822 3873/3873/3824 3872/3872/3823
f 3874/3874/3825 3872/3872/3823 3873/3873/3824
f 3873/3873/3824 3875/3875/3826 3874/3874/3825
f 3876/3876/3827 3874/3874/3825 3875/3875/3826
f 3875/3875/3826 3877/3877/3828 3876/3876/3827
f 3878/3878/3829 3876/3876/3827 3877/3877/3828
f 3877/3877/3828 3879/3879/3830 3878/3878/3829
f 3880/3880/3831 3878/3878/3829 3879/3879/3830
f 3879/3879/3830 3881/3881/3832 3880/3880/3831
f 3882/3882/3833 3884/3883/3834 3883/3884/3835
f 3883/3884/3835 3885/3885/3836 3882/3882/3833
f 3884/3883/3834 3882/3882/3833 3886/3886/3837
f 3886/3886/3837 3887/3887/3838 3884/3883/3834
f 3887/3887/3838 3886/3886/3837 3888/3888/3839
f 3888/3888/3839 3889/3889/3840 3887/3887/3838
f 3890/3890/3841 3885/3885/3836 3883/3884/3835
f 3883/3884/3835 3891/3891/3842 3890/3890/3841
f 3892/3892/3843 3890/3890/3841 3891/3891/3842
f 3891/3891/3842 3893/3893/3844 3892/3892/3843
f 3892/3892/3843 3893/3893/3844 3894/3894/3845
f 3888/3888/3839 3895/3895/3846 3889/3889/3840
f 3888/3888/3839 3896/3896/3847 3895/3895/3846
f 3897/3897/3848 3899/3898/3849 3898/3899/3850
f 3900/3900/3851 3899/3898/3849 3897/3897/3848
f 3901/3901/3852 3899/3898/3849 3900/3900/3851
f 3902/3902/3853 3899/3898/3849 3901/3901/3852
f 3903/3903/3854 3898/3899/3850 3899/3898/3849
f 3904/3904/3855 3898/3899/3850 3903/3903/3854
f 3905/3905/3856 3898/3899/3850 3904/3904/3855
f 3897/3897/3848 3898/3899/3850 3905/3905/3856
f 3906/3906/3857 3903/3903/3854 3899/3898/3849
f 3899/3898/3849 3907/3907/3858 3906/3906/3857
f 3907/3907/3858 3899/3898/3849 3908/3908/3859
f 3908/3908/3859 3899/3898/3849 3909/3909/3860
f 3902/3902/3853 3909/3909/3860 3899/3898/3849
f 3910/3910/3861 3909/3909/3860 3902/3902/3853
f 3911/3911/3862 3909/3909/3860 3910/3910/3861
f 3908/3908/3859 3909/3909/3860 3911/3911/3862
f 3908/3908/3859 3912/3912/3863 3907/3907/3858
f 3913/3913/3864 3907/3907/3858 3912/3912/3863
f 3913/3913/3864 3914/3914/3865 3907/3907/3858
f 3907/3907/3858 3914/3914/3865 3906/3906/3857
f 3914/3914/3865 3913/3913/3864 3915/3915/3866
f 3915/3915/3866 3916/3916/3867 3914/3914/3865
f 3916/3916/3867 3915/3915/3866 3917/3917/3868
f 3917/3917/3868 3918/3918/3869 3916/3916/3867
f 3918/3918/3869 3917/3917/3868 3919/3919/3870
f 3919/3919/3870 3920/3920/3871 3918/3918/3869
f 3921/3921/3872 3920/3920/3871 3919/3919/3870
f 3919/3919/3870 3922/3922/3873 3921/3921/3872
f 3921/3921/3872 3922/3922/3873 3923/3923/3874
f 3924/3924/3875 3923/3923/3874 3922/3922/3873
f 3923/3923/3874 3924/3924/3875 3925/3925/3876
f 3925/3925/3876 3926/3926/3877 3923/3923/3874
f 3927/3927/3878 3926/3926/3877 3925/3925/3876
f 3928/3928/3879 3926/3926/3877 3927/3927/3878
f 3929/3929/3880 3926/3926/3877 3928/3928/3879
f 3930/3930/3881 3926/3926/3877 3929/3929/3880
f 3931/3931/3882 3926/3926/3877 3930/3930/3881
f 3932/3932/3883 3926/3926/3877 3931/3931/3882
f 3933/3933/3884 3926/3926/3877 3932/3932/3883
f 3934/3934/3885 3926/3926/3877 3933/3933/3884
f 3926/3926/3877 3934/3934/3885 3935/3935/3886
f 3935/3935/3886 3923/3923/3874 3926/3926/3877
f 3921/3921/3872 3923/3923/3874 3935/3935/3886
f 3936/3936/3887 3938/3937/3888 3937/3938/3889
f 3937/3938/3889 3938/3937/3888 3939/3939/3890
f 3936/3936/3887 3937/3938/3889 3940/3940/3891
f 3936/3936/3887 3940/3940/3891 3941/3941/3892
f 3942/3942/3893 3936/3936/3887 3941/3941/3892
f 3941/3941/3892 3943/3943/3894 3942/3942/3893
f 3944/3944/3895 3942/3942/3893 3943/3943/3894
f 3945/3945/3896 3942/3942/3893 3944/3944/3895
f 3936/3936/3887 3942/3942/3893 3946/3946/3897
f 3942/3942/3893 3947/3947/3898 3946/3946/3897
f 3942/3942/3893 3948/3948/3899 3947/3947/3898
f 3942/3942/3893 3945/3945/3896 3948/3948/3899
f 3949/3949/3900 3946/3946/3897 3947/3947/3898
f 3946/3946/3897 3950/3950/3901 3936/3936/3887
f 3950/3950/3901 3946/3946/3897 3949/3949/3900
f 3936/3936/3887 3950/3950/3901 3951/3951/3902
f 3936/3936/3887 3951/3951/3902 3938/3937/3888
f 3951/3951/3902 3950/3950/3901 3952/3952/3903
f 3949/3949/3900 3952/3952/3903 3950/3950/3901
f 3949/3949/3900 3947/3947/3898 3953/3953/3904
f 3953/3953/3904 3954/3954/3905 3949/3949/3900
f 3955/3955/3906 3952/3952/3903 3949/3949/3900
f 3952/3952/3903 3955/3955/3906 3956/3956/3907
f 3949/3949/3900 3957/3957/3908 3955/3955/3906
f 3949/3949/3900 3958/3958/3909 3957/3957/3908
f 3958/3958/3909 3949/3949/3900 3954/3954/3905
f 3947/3947/3898 3959/3959/3910 3953/3953/3904
f 3948/3948/3899 3959/3959/3910 3947/3947/3898
f 3948/3948/3899 3945/3945/3896 3960/3960/3911
f 3948/3948/3899 3960/3960/3911 3961/3961/3912
f 3961/3961/3912 3962/3962/3913 3948/3948/3899
f 3948/3948/3899 3962/3962/3913 3959/3959/3910
f 3963/3963/3914 3951/3951/3902 3952/3952/3903
f 3964/3964/3915 3951/3951/3902 3963/3963/3914
f 3964/3964/3915 3963/3963/3914 3965/3965/3916
f 3965/3965/3916 3966/3966/3917 3964/3964/3915
f 3964/3964/3915 3966/3966/3917 3938/3937/3888
f 3952/3952/3903 3967/3967/3918 3963/3963/3914
f 3968/3968/3919 3963/3963/3914 3967/3967/3918
f 3963/3963/3914 3968/3968/3919 3965/3965/3916
f 3968/3968/3919 3967/3967/3918 3969/3969/3920
f 3970/3970/3921 3968/3968/3919 3969/3969/3920
f 3971/3971/3922 3970/3970/3921 3969/3969/3920
f 3969/3969/3920 3972/3972/3923 3971/3971/3922
f 3973/3973/3924 3971/3971/3922 3972/3972/3923
f 3972/3972/3923 3974/3974/3925 3973/3973/3924
f 3973/3973/3924 3974/3974/3925 3975/3975/3926
f 3974/3974/3925 3954/3954/3905 3975/3975/3926
f 3953/3953/3904 3975/3975/3926 3954/3954/3905
f 3953/3953/3904 3976/3976/3927 3975/3975/3926
f 3976/3976/3927 3953/3953/3904 3959/3959/3910
f 3959/3959/3910 3962/3962/3913 3976/3976/3927
f 3938/3937/3888 3966/3966/3917 3977/3977/3928
f 3978/3978/3929 3977/3977/3928 3979/3979/3930
f 3979/3979/3930 3980/3980/3931 3978/3978/3929
f 3981/3981/3932 3978/3978/3929 3980/3980/3931
f 3978/3978/3929 3981/3981/3932 3982/3982/3933
f 3978/3978/3929 3982/3982/3933 3939/3939/3890
f 3939/3939/3890 3977/3977/3928 3978/3978/3929
f 3980/3980/3931 3983/3983/3934 3981/3981/3932
f 3984/3984/3935 3981/3981/3932 3983/3983/3934
f 3985/3985/3936 3981/3981/3932 3984/3984/3935
f 3981/3981/3932 3985/3985/3936 3982/3982/3933
f 3984/3984/3935 3986/3986/3937 3985/3985/3936
f 3983/3983/3934 3987/3987/3938 3984/3984/3935
f 3988/3988/3939 3984/3984/3935 3987/3987/3938
f 3987/3987/3938 3989/3989/3940 3988/3988/3939
f 3990/3990/3941 3988/3988/3939 3989/3989/3940
f 3988/3988/3939 3990/3990/3941 3991/3991/3942
f 3989/3989/3940 3992/3992/3943 3990/3990/3941
f 3986/3986/3937 3984/3984/3935 3993/3993/3944
f 3993/3993/3944 3988/3988/3939 3991/3991/3942
f 3984/3984/3935 3988/3988/3939 3993/3993/3944
f 3994/3994/3945 3986/3986/3937 3993/3993/3944
f 3985/3985/3936 3986/3986/3937 3994/3994/3945
f 3995/3995/3946 3993/3993/3944 3991/3991/3942
f 3995/3995/3946 3994/3994/3945 3993/3993/3944
f 3996/3996/3947 3994/3994/3945 3995/3995/3946
f 3996/3996/3947 3997/3997/3948 3994/3994/3945
f 3994/3994/3945 3997/3997/3948 3998/3998/3949
f 3998/3998/3949 3999/3999/3950 3994/3994/3945
f 3994/3994/3945 3999/3999/3950 3985/3985/3936
f 3999/3999/3950 3998/3998/3949 3940/3940/3891
f 3999/3999/3950 3940/3940/3891 4000/4000/3951
f 3982/3982/3933 3999/3999/3950 4000/4000/3951
f 3985/3985/3936 3999/3999/3950 3982/3982/3933
f 3940/3940/3891 3937/3938/3889 4000/4000/3951
f 4000/4000/3951 3937/3938/3889 3939/3939/3890
f 3939/3939/3890 3982/3982/3933 4000/4000/3951
f 3938/3937/3888 3977/3977/3928 3939/3939/3890
f 3951/3951/3902 3964/3964/3915 3938/3937/3888
f 4001/4001/3952 4003/4002/3952 4002/4003/3952
f 4003/4002/3952 4004/4004/3953 4002/4003/3952
f 4003/4002/3952 4005/4005/3954 4004/4004/3953
f 4006/4006/3955 4004/4004/3953 4005/4005/3954
f 4005/4005/3954 4007/4007/3956 4006/4006/3955
f 4008/4008/3952 4005/4005/3954 4003/4002/3952
f 4003/4002/3952 4009/4009/3952 4008/4008/3952
f 4003/4002/3952 4010/4010/3952 4009/4009/3952
f 4003/4002/3952 4011/4011/3952 4010/4010/3952
f 4003/4002/3952 4012/4012/3952 4011/4011/3952
f 4003/4002/3952 4001/4001/3952 4012/4012/3952
f 4013/4013/3952 4015/4014/3952 4014/4015/3952
f 4014/4015/3952 4016/4016/3952 4013/4013/3952
f 4017/4017/3952 4015/4014/3952 4013/4013/3952
f 4013/4013/3952 4018/4018/3952 4017/4017/3952
f 4019/4019/3957 4021/4020/3958 4020/4021/3959
f 4020/4021/3959 4022/4022/3960 4019/4019/3957
f 4023/4023/3961 3958/3958/3909 3954/3954/3905
f 3958/3958/3909 4023/4023/3961 4024/4024/3962
f 4024/4024/3962 3957/3957/3908 3958/3958/3909
f 3957/3957/3908 4024/4024/3962 3955/3955/3906
f 3956/3956/3907 3955/3955/3906 4024/4024/3962
f 4024/4024/3962 4025/4025/3963 3956/3956/3907
f 3967/3967/3918 3956/3956/3907 4025/4025/3963
f 3967/3967/3918 3952/3952/3903 3956/3956/3907
f 4026/4026/3964 4028/4027/3965 4027/4028/3966
f 4027/4028/3966 4029/4029/3967 4026/4026/3964
f 4029/4029/3967 4027/4028/3966 4030/4030/3968
f 4030/4030/3968 4031/4031/3969 4029/4029/3967
f 4032/4032/3970 4031/4031/3969 4030/4030/3968
f 4028/4027/3965 4026/4026/3964 4033/4033/3971
f 4034/4034/3972 4036/4035/3973 4035/4036/3974
f 4037/4037/3975 4034/4034/3972 4035/4036/3974
f 4037/4037/3975 4038/4038/3976 4034/4034/3972
f 4036/4035/3973 4039/4039/3977 4035/4036/3974
f 4039/4039/3977 4036/4035/3973 4040/4040/3978
f 4040/4040/3978 4041/4041/3979 4039/4039/3977
f 4042/4042/3980 4041/4041/3979 4040/4040/3978
f 4040/4040/3978 4043/4043/3981 4042/4042/3980
f 4044/4044/3982 4041/4041/3979 4042/4042/3980
f 4044/4044/3982 4045/4045/3983 4041/4041/3979
f 4045/4045/3983 4046/4046/3984 4041/4041/3979
f 4046/4046/3984 4039/4039/3977 4041/4041/3979
f 4039/4039/3977 4046/4046/3984 4035/4036/3974
f 4047/4047/3985 4035/4036/3974 4046/4046/3984
f 4047/4047/3985 4037/4037/3975 4035/4036/3974
f 4048/4048/3986 4042/4042/3980 4043/4043/3981
f 4044/4044/3982 4042/4042/3980 4048/4048/3986
f 4049/4049/3987 4048/4048/3986 4043/4043/3981
f 4048/4048/3986 4049/4049/3987 4050/4050/3988
f 4051/4051/3989 4048/4048/3986 4050/4050/3988
f 4051/4051/3989 4044/4044/3982 4048/4048/3986
f 4049/4049/3987 4043/4043/3981 4052/4052/3990
f 4049/4049/3987 4052/4052/3990 4053/4053/3991
f 4043/4043/3981 4040/4040/3978 4054/4054/3992
f 4054/4054/3992 4052/4052/3990 4043/4043/3981
f 4054/4054/3992 4040/4040/3978 4036/4035/3973
f 4036/4035/3973 4055/4055/3993 4054/4054/3992
f 4055/4055/3993 4036/4035/3973 4034/4034/3972
f 4055/4055/3993 4034/4034/3972 4056/4056/3994
f 4056/4056/3994 4034/4034/3972 4038/4038/3976
f 4038/4038/3976 4057/4057/3995 4056/4056/3994
f 4058/4058/3996 4060/4059/3997 4059/4060/3998
f 4059/4060/3998 4061/4061/3999 4058/4058/3996
f 4059/4060/3998 4060/4059/3997 4062/4062/4000
f 4062/4062/4000 4063/4063/4001 4059/4060/3998
f 4064/4064/4002 4059/4060/3998 4063/4063/4001
f 4063/4063/4001 4065/4065/4003 4064/4064/4002
f 4064/4064/4002 4066/4066/4004 4059/4060/3998
f 4066/4066/4004 4061/4061/3999 4059/4060/3998
f 4064/4064/4002 4065/4065/4003 4067/4067/4005
f 4067/4067/4005 4068/4068/4006 4064/4064/4002
f 4069/4069/4007 4064/4064/4002 4068/4068/4006
f 4064/4064/4002 4069/4069/4007 4066/4066/4004
f 4068/4068/4006 4070/4070/4008 4069/4069/4007
f 4071/4071/4009 4073/4072/4010 4072/4073/4011
f 4072/4073/4011 4074/4074/4012 4071/4071/4009
f 4072/4073/4011 4073/4072/4010 4075/4075/4013
f 4075/4075/4013 4076/4076/4014 4072/4073/4011
f 4077/4077/4015 4071/4071/4009 4074/4074/4012
f 4074/4074/4012 4078/4078/4016 4077/4077/4015
f 4077/4077/4015 4078/4078/4016 4079/4079/4017
f 4080/4080/4018 4077/4077/4015 4079/4079/4017
f 4080/4080/4018 4079/4079/4017 4081/4081/4019
f 4082/4082/4020 4084/4083/4021 4083/4084/4022
f 4083/4084/4022 4085/4085/4023 4082/4082/4020
f 4086/4086/4024 4084/4083/4021 4082/4082/4020
f 4082/4082/4020 4087/4087/4025 4086/4086/4024
f 4085/4085/4023 4083/4084/4022 4088/4088/4026
f 4088/4088/4026 4089/4089/4027 4085/4085/4023
f 4090/4090/4028 4092/4091/4029 4091/4092/4030
f 4091/4092/4030 4093/4093/4031 4090/4090/4028
f 4091/4092/4030 4092/4091/4029 4094/4094/4032
f 4095/4095/4033 4094/4094/4032 4092/4091/4029
f 4092/4091/4029 4096/4096/4034 4095/4095/4033
f 4094/4094/4032 4097/4097/4035 4091/4092/4030
f 4098/4098/4036 4091/4092/4030 4097/4097/4035
f 4099/4099/4037 4091/4092/4030 4098/4098/4036
f 4099/4099/4037 4093/4093/4031 4091/4092/4030
f 4097/4097/4035 4100/4100/4038 4098/4098/4036
f 4092/4091/4029 4101/4101/4039 4096/4096/4034
f 4092/4091/4029 4090/4090/4028 4101/4101/4039
f 4102/4102/4040 4104/4103/4041 4103/4104/4042
f 4103/4104/4042 4105/4105/4043 4102/4102/4040
f 4106/4106/4044 4105/4105/4043 4103/4104/4042
f 4107/4107/4045 4106/4106/4044 4103/4104/4042
f 4108/4108/4046 4106/4106/4044 4107/4107/4045
f 4107/4107/4045 4109/4109/4047 4108/4108/4046
f 4110/4110/4048 4112/4111/4049 4111/4112/4050
f 4111/4112/4050 4113/4113/4051 4110/4110/4048
f 4113/4113/4051 4111/4112/4050 4114/4114/4052
f 4114/4114/4052 4115/4115/4053 4113/4113/4051
f 4114/4114/4052 4116/4116/4054 4115/4115/4053
f 4115/4115/4053 4116/4116/4054 4117/4117/4055
f 4118/4118/4056 4117/4117/4055 4116/4116/4054
f 4116/4116/4054 4119/4119/4057 4118/4118/4056
f 4120/4120/4058 4122/4121/4059 4121/4122/4060
f 4121/4122/4060 4123/4123/4061 4120/4120/4058
f 4124/4124/4062 4122/4121/4059 4120/4120/4058
f 4120/4120/4058 4125/4125/4063 4124/4124/4062
f 4124/4124/4062 4125/4125/4063 4126/4126/4064
f 4126/4126/4064 4127/4127/4065 4124/4124/4062
f 4127/4127/4065 4126/4126/4064 4128/4128/4066
f 4128/4128/4066 4129/4129/4067 4127/4127/4065
f 4129/4129/4067 4128/4128/4066 4130/4130/4068
f 4130/4130/4068 4131/4131/4069 4129/4129/4067
f 4132/4132/4070 4134/4133/4071 4133/4134/4072
f 4133/4134/4072 4135/4135/4073 4132/4132/4070
f 4134/4133/4071 4132/4132/4070 4136/4136/4074
f 4136/4136/4074 4137/4137/4075 4134/4133/4071
f 4135/4135/4073 4133/4134/4072 4138/4138/4076
f 4138/4138/4076 4139/4139/4077 4135/4135/4073
f 4140/4140/4078 4142/4141/4079 4141/4142/4080
f 4142/4141/4079 4143/4143/4081 4141/4142/4080
f 4140/4140/4078 4144/4144/4082 4142/4141/4079
f 4140/4140/4078 4145/4145/4083 4144/4144/4082
f 4145/4145/4083 4140/4140/4078 4146/4146/4084
f 4146/4146/4084 4147/4147/4085 4145/4145/4083
f 4148/4148/4086 4147/4147/4085 4146/4146/4084
f 4149/4149/4087 4148/4148/4086 4146/4146/4084
f 4150/4150/4088 4146/4146/4084 4140/4140/4078
f 4146/4146/4084 4150/4150/4088 4151/4151/4089
f 4146/4146/4084 4151/4151/4089 4152/4152/4090
f 4146/4146/4084 4152/4152/4090 4149/4149/4087
f 4153/4153/4091 4151/4151/4089 4150/4150/4088
f 4140/4140/4078 4154/4154/4092 4150/4150/4088
f 4153/4153/4091 4150/4150/4088 4154/4154/4092
f 4140/4140/4078 4155/4155/4093 4154/4154/4092
f 4140/4140/4078 4141/4142/4080 4155/4155/4093
f 4155/4155/4093 4156/4156/4094 4154/4154/4092
f 4154/4154/4092 4156/4156/4094 4153/4153/4091
f 4157/4157/4095 4151/4151/4089 4153/4153/4091
f 4153/4153/4091 4158/4158/4096 4157/4157/4095
f 4153/4153/4091 4156/4156/4094 4159/4159/4097
f 4156/4156/4094 4160/4160/4098 4159/4159/4097
f 4159/4159/4097 4161/4161/4099 4153/4153/4091
f 4153/4153/4091 4161/4161/4099 4162/4162/4100
f 4162/4162/4100 4158/4158/4096 4153/4153/4091
f 4151/4151/4089 4157/4157/4095 4163/4163/4101
f 4152/4152/4090 4151/4151/4089 4163/4163/4101
f 4152/4152/4090 4164/4164/4102 4149/4149/4087
f 4165/4165/4103 4164/4164/4102 4152/4152/4090
f 4152/4152/4090 4166/4166/4104 4165/4165/4103
f 4152/4152/4090 4163/4163/4101 4166/4166/4104
f 4156/4156/4094 4155/4155/4093 4167/4167/4105
f 4168/4168/4106 4167/4167/4105 4155/4155/4093
f 4169/4169/4107 4167/4167/4105 4168/4168/4106
f 4168/4168/4106 4170/4170/4108 4169/4169/4107
f 4168/4168/4106 4141/4142/4080 4170/4170/4108
f 4167/4167/4105 4171/4171/4109 4156/4156/4094
f 4172/4172/4110 4171/4171/4109 4167/4167/4105
f 4167/4167/4105 4169/4169/4107 4172/4172/4110
f 4172/4172/4110 4173/4173/4111 4171/4171/4109
f 4174/4174/4112 4173/4173/4111 4172/4172/4110
f 4173/4173/4111 4174/4174/4112 4175/4175/4113
f 4175/4175/4113 4176/4176/4114 4173/4173/4111
f 4176/4176/4114 4175/4175/4113 4177/4177/4115
f 4177/4177/4115 4178/4178/4116 4176/4176/4114
f 4177/4177/4115 4179/4179/4117 4178/4178/4116
f 4178/4178/4116 4179/4179/4117 4158/4158/4096
f 4157/4157/4095 4158/4158/4096 4179/4179/4117
f 4157/4157/4095 4179/4179/4117 4180/4180/4118
f 4163/4163/4101 4157/4157/4095 4180/4180/4118
f 4180/4180/4118 4166/4166/4104 4163/4163/4101
f 4141/4142/4080 4181/4181/4119 4170/4170/4108
f 4141/4142/4080 4143/4143/4081 4181/4181/4119
f 4143/4143/4081 4182/4182/4120 4181/4181/4119
f 4182/4182/4120 4143/4143/4081 4183/4183/4121
f 4182/4182/4120 4183/4183/4121 4184/4184/4122
f 4185/4185/4123 4182/4182/4120 4184/4184/4122
f 4184/4184/4122 4186/4186/4124 4185/4185/4123
f 4186/4186/4124 4184/4184/4122 4187/4187/4125
f 4187/4187/4125 4184/4184/4122 4188/4188/4126
f 4184/4184/4122 4183/4183/4121 4188/4188/4126
f 4188/4188/4126 4189/4189/4127 4187/4187/4125
f 4187/4187/4125 4190/4190/4128 4186/4186/4124
f 4190/4190/4128 4187/4187/4125 4191/4191/4129
f 4191/4191/4129 4192/4192/4130 4190/4190/4128
f 4182/4182/4120 4185/4185/4123 4193/4193/4131
f 4193/4193/4131 4181/4181/4119 4182/4182/4120
f 4192/4192/4130 4191/4191/4129 4194/4194/4132
f 4191/4191/4129 4195/4195/4133 4194/4194/4132
f 4194/4194/4132 4196/4196/4134 4192/4192/4130
f 4189/4189/4127 4197/4197/4135 4187/4187/4125
f 4197/4197/4135 4195/4195/4133 4191/4191/4129
f 4187/4187/4125 4197/4197/4135 4191/4191/4129
f 4198/4198/4136 4197/4197/4135 4189/4189/4127
f 4198/4198/4136 4189/4189/4127 4188/4188/4126
f 4199/4199/4137 4195/4195/4133 4197/4197/4135
f 4199/4199/4137 4197/4197/4135 4198/4198/4136
f 4200/4200/4138 4199/4199/4137 4198/4198/4136
f 4200/4200/4138 4198/4198/4136 4201/4201/4139
f 4202/4202/4140 4201/4201/4139 4198/4198/4136
f 4198/4198/4136 4203/4203/4141 4202/4202/4140
f 4188/4188/4126 4203/4203/4141 4198/4198/4136
f 4203/4203/4141 4144/4144/4082 4202/4202/4140
f 4203/4203/4141 4204/4204/4142 4144/4144/4082
f 4183/4183/4121 4204/4204/4142 4203/4203/4141
f 4188/4188/4126 4183/4183/4121 4203/4203/4141
f 4144/4144/4082 4204/4204/4142 4142/4141/4079
f 4204/4204/4142 4183/4183/4121 4143/4143/4081
f 4143/4143/4081 4142/4141/4079 4204/4204/4142
f 4205/4205/3952 4207/4206/3952 4206/4207/3952
f 4206/4207/3952 4207/4206/3952 4208/4208/4143
f 4206/4207/3952 4208/4208/4143 4209/4209/4144
f 4209/4209/4144 4208/4208/4143 4210/4210/4145
f 4210/4210/4145 4211/4211/4146 4209/4209/4144
f 4212/4212/3952 4206/4207/3952 4209/4209/4144
f 4206/4207/3952 4212/4212/3952 4213/4213/3952
f 4206/4207/3952 4213/4213/3952 4214/4214/3952
f 4206/4207/3952 4214/4214/3952 4215/4215/3952
f 4206/4207/3952 4215/4215/3952 4216/4216/3952
f 4206/4207/3952 4216/4216/3952 4205/4205/3952
f 4217/4217/3952 4219/4218/3952 4218/4219/3952
f 4218/4219/3952 4220/4220/3952 4217/4217/3952
f 4217/4217/3952 4220/4220/3952 4221/4221/3952
f 4221/4221/3952 4222/4222/3952 4217/4217/3952
f 4223/4223/4147 4225/4224/4148 4224/4225/4149
f 4224/4225/4149 4226/4226/4150 4223/4223/4147
f 4227/4227/4151 4158/4158/4096 4162/4162/4100
f 4228/4228/4152 4227/4227/4151 4162/4162/4100
f 4162/4162/4100 4161/4161/4099 4228/4228/4152
f 4161/4161/4099 4159/4159/4097 4228/4228/4152
f 4228/4228/4152 4159/4159/4097 4160/4160/4098
f 4160/4160/4098 4229/4229/4153 4228/4228/4152
f 4171/4171/4109 4229/4229/4153 4160/4160/4098
f 4171/4171/4109 4160/4160/4098 4156/4156/4094
f 4155/4155/4093 4141/4142/4080 4168/4168/4106
f 4230/4230/4154 4232/4231/4155 4231/4232/4156
f 4231/4232/4156 4233/4233/4157 4230/4230/4154
f 4234/4234/4158 4231/4232/4156 4232/4231/4155
f 4232/4231/4155 4235/4235/4159 4234/4234/4158
f 4236/4236/4160 4234/4234/4158 4235/4235/4159
f 4233/4233/4157 4237/4237/4161 4230/4230/4154
f 4238/4238/4162 4240/4239/4163 4239/4240/4164
f 4241/4241/4165 4240/4239/4163 4238/4238/4162
f 4241/4241/4165 4238/4238/4162 4242/4242/4166
f 4239/4240/4164 4240/4239/4163 4243/4243/4167
f 4244/4244/4168 4239/4240/4164 4243/4243/4167
f 4243/4243/4167 4245/4245/4169 4244/4244/4168
f 4244/4244/4168 4245/4245/4169 4246/4246/4170
f 4246/4246/4170 4247/4247/4171 4244/4244/4168
f 4248/4248/4172 4246/4246/4170 4245/4245/4169
f 4248/4248/4172 4245/4245/4169 4249/4249/4173
f 4249/4249/4173 4245/4245/4169 4250/4250/4174
f 4250/4250/4174 4245/4245/4169 4243/4243/4167
f 4243/4243/4167 4240/4239/4163 4250/4250/4174
f 4251/4251/4175 4250/4250/4174 4240/4239/4163
f 4251/4251/4175 4240/4239/4163 4241/4241/4165
f 4252/4252/4176 4247/4247/4171 4246/4246/4170
f 4248/4248/4172 4252/4252/4176 4246/4246/4170
f 4253/4253/4177 4247/4247/4171 4252/4252/4176
f 4252/4252/4176 4254/4254/4178 4253/4253/4177
f 4255/4255/4179 4254/4254/4178 4252/4252/4176
f 4255/4255/4179 4252/4252/4176 4248/4248/4172
f 4253/4253/4177 4256/4256/4180 4247/4247/4171
f 4253/4253/4177 4257/4257/4181 4256/4256/4180
f 4247/4247/4171 4256/4256/4180 4258/4258/4182
f 4258/4258/4182 4244/4244/4168 4247/4247/4171
f 4239/4240/4164 4244/4244/4168 4258/4258/4182
f 4258/4258/4182 4259/4259/4183 4239/4240/4164
f 4259/4259/4183 4238/4238/4162 4239/4240/4164
f 4259/4259/4183 4260/4260/4184 4238/4238/4162
f 4242/4242/4166 4238/4238/4162 4260/4260/4184
f 4260/4260/4184 4261/4261/4185 4242/4242/4166
f 4262/4262/4186 4264/4263/4187 4263/4264/4188
f 4263/4264/4188 4265/4265/4189 4262/4262/4186
f 4266/4266/4190 4265/4265/4189 4263/4264/4188
f 4263/4264/4188 4267/4267/4191 4266/4266/4190
f 4267/4267/4191 4263/4264/4188 4268/4268/4192
f 4268/4268/4192 4269/4269/4193 4267/4267/4191
f 4268/4268/4192 4263/4264/4188 4270/4270/4194
f 4270/4270/4194 4263/4264/4188 4264/4263/4187
f 4271/4271/4195 4269/4269/4193 4268/4268/4192
f 4268/4268/4192 4272/4272/4196 4271/4271/4195
f 4272/4272/4196 4268/4268/4192 4273/4273/4197
f 4268/4268/4192 4270/4270/4194 4273/4273/4197
f 4273/4273/4197 4274/4274/4198 4272/4272/4196
f 4275/4275/4199 4277/4276/4200 4276/4277/4201
f 4276/4277/4201 4278/4278/4202 4275/4275/4199
f 4279/4279/4203 4278/4278/4202 4276/4277/4201
f 4276/4277/4201 4280/4280/4204 4279/4279/4203
f 4277/4276/4200 4275/4275/4199 4281/4281/4205
f 4281/4281/4205 4282/4282/4206 4277/4276/4200
f 4281/4281/4205 4283/4283/4207 4282/4282/4206
f 4284/4284/4208 4283/4283/4207 4281/4281/4205
f 4284/4284/4208 4285/4285/4209 4283/4283/4207
f 4286/4286/4210 4288/4287/4211 4287/4288/4212
f 4287/4288/4212 4289/4289/4213 4286/4286/4210
f 4286/4286/4210 4289/4289/4213 4290/4290/4214
f 4290/4290/4214 4291/4291/4215 4286/4286/4210
f 4292/4292/4216 4287/4288/4212 4288/4287/4211
f 4288/4287/4211 4293/4293/4217 4292/4292/4216
f 4294/4294/4218 4296/4295/4219 4295/4296/4220
f 4295/4296/4220 4297/4297/4221 4294/4294/4218
f 4298/4298/4222 4297/4297/4221 4295/4296/4220
f 4297/4297/4221 4298/4298/4222 4299/4299/4223
f 4299/4299/4223 4300/4300/4224 4297/4297/4221
f 4295/4296/4220 4301/4301/4225 4298/4298/4222
f 4301/4301/4225 4295/4296/4220 4302/4302/4226
f 4303/4303/4227 4302/4302/4226 4295/4296/4220
f 4303/4303/4227 4295/4296/4220 4296/4295/4219
f 4302/4302/4226 4304/4304/4228 4301/4301/4225
f 4297/4297/4221 4300/4300/4224 4305/4305/4229
f 4297/4297/4221 4305/4305/4229 4294/4294/4218
f 4306/4306/4230 4308/4307/4231 4307/4308/4232
f 4307/4308/4232 4309/4309/4233 4306/4306/4230
f 4310/4310/4234 4307/4308/4232 4308/4307/4231
f 4311/4311/4235 4307/4308/4232 4310/4310/4234
f 4311/4311/4235 4310/4310/4234 4312/4312/4236
f 4312/4312/4236 4313/4313/4237 4311/4311/4235
f 4314/4314/4238 4316/4315/4239 4315/4316/4240
f 4315/4316/4240 4317/4317/4241 4314/4314/4238
f 4318/4318/4242 4315/4316/4240 4316/4315/4239
f 4316/4315/4239 4319/4319/4243 4318/4318/4242
f 4318/4318/4242 4319/4319/4243 4320/4320/4244
f 4319/4319/4243 4321/4321/4245 4320/4320/4244
f 4320/4320/4244 4321/4321/4245 4322/4322/4246
f 4322/4322/4246 4323/4323/4247 4320/4320/4244
f 4324/4324/4248 4326/4325/4249 4325/4326/4250
f 4325/4326/4250 4327/4327/4251 4324/4324/4248
f 4324/4324/4248 4327/4327/4251 4328/4328/4252
f 4328/4328/4252 4329/4329/4253 4324/4324/4248
f 4330/4330/4254 4329/4329/4253 4328/4328/4252
f 4328/4328/4252 4331/4331/4255 4330/4330/4254
f 4332/4332/4256 4330/4330/4254 4331/4331/4255
f 4331/4331/4255 4333/4333/4257 4332/4332/4256
f 4334/4334/4258 4332/4332/4256 4333/4333/4257
f 4333/4333/4257 4335/4335/4259 4334/4334/4258
f 4336/4336/4260 4338/4337/4261 4337/4338/4262
f 4337/4338/4262 4339/4339/4263 4336/4336/4260
f 4340/4340/4264 4336/4336/4260 4339/4339/4263
f 4339/4339/4263 4341/4341/4265 4340/4340/4264
f 4342/4342/4266 4337/4338/4262 4338/4337/4261
f 4338/4337/4261 4343/4343/4267 4342/4342/4266
f 4344/4344/4268 4346/4345/4269 4345/4346/4270
f 4347/4347/4271 4346/4345/4269 4344/4344/4268
f 4344/4344/4268 4348/4348/4272 4347/4347/4271
f 4349/4349/4273 4347/4347/4271 4348/4348/4272
f 4346/4345/4269 4347/4347/4271 4350/4350/4274
f 4351/4351/4275 4350/4350/4274 4347/4347/4271
f 4347/4347/4271 4352/4352/4276 4351/4351/4275
f 4349/4349/4273 4352/4352/4276 4347/4347/4271
f 4350/4350/4274 4353/4353/4277 4346/4345/4269
f 4346/4345/4269 4353/4353/4277 4354/4354/4278
f 4354/4354/4278 4355/4355/4279 4346/4345/4269
f 4346/4345/4269 4355/4355/4279 4345/4346/4270
f 4354/4354/4278 4353/4353/4277 4356/4356/4280
f 4350/4350/4274 4351/4351/4275 4357/4357/4281
f 4357/4357/4281 4356/4356/4280 4353/4353/4277
f 4353/4353/4277 4350/4350/4274 4357/4357/4281
f 4358/4358/4282 4360/4359/4283 4359/4360/4284
f 4359/4360/4284 4361/4361/4285 4358/4358/4282
f 4362/4362/4286 4358/4358/4282 4361/4361/4285
f 4361/4361/4285 4363/4363/4287 4362/4362/4286
f 4364/4364/4288 4362/4362/4286 4363/4363/4287
f 4363/4363/4287 4365/4365/4289 4364/4364/4288
f 4366/4366/4290 4368/4367/4291 4367/4368/4292
f 4367/4368/4292 4369/4369/4290 4366/4366/4290
f 4370/4370/4293 4367/4368/4292 4368/4367/4291
f 4368/4367/4291 4371/4371/4294 4370/4370/4293
f 4372/4372/4295 4370/4370/4293 4371/4371/4294
f 4371/4371/4294 4373/4373/4295 4372/4372/4295
f 4374/4374/4296 4376/4375/4297 4375/4376/4298
f 4375/4376/4298 4377/4377/4299 4374/4374/4296
f 4378/4378/4300 4375/4376/4298 4376/4375/4297
f 4376/4375/4297 4379/4379/4301 4378/4378/4300
f 4380/4380/4302 4378/4378/4300 4379/4379/4301
f 4379/4379/4301 4381/4381/4303 4380/4380/4302
f 4382/4382/4304 4384/4383/4304 4383/4384/4304
f 4383/4384/4304 4385/4385/4304 4382/4382/4304
f 4386/4386/4305 4388/4387/4306 4387/4388/4307
f 4389/4389/4308 4386/4386/4305 4387/4388/4307
f 4388/4387/4306 4390/4390/4309 4387/4388/4307
f 4391/4391/4310 4389/4389/4308 4387/4388/4307
f 4392/4392/4311 4391/4391/4310 4387/4388/4307
f 4393/4393/4312 4392/4392/4311 4387/4388/4307
f 4394/4394/4313 4393/4393/4312 4387/4388/4307
f 4390/4390/4309 4395/4395/4314 4387/4388/4307
f 4396/4396/4315 4394/4394/4313 4387/4388/4307
f 4395/4395/4314 4396/4396/4315 4387/4388/4307
f 4397/4397/4316 4399/4398/4317 4398/4399/4318
f 4397/4397/4316 4398/4399/4318 4400/4400/4319
f 4400/4400/4319 4401/4401/4320 4397/4397/4316
f 4402/4402/4321 4401/4401/4320 4400/4400/4319
f 4403/4403/4322 4400/4400/4319 4398/4399/4318
f 4400/4400/4319 4403/4403/4322 4404/4404/4323
f 4404/4404/4323 4405/4405/4324 4400/4400/4319
f 4402/4402/4321 4400/4400/4319 4405/4405/4324
f 4398/4399/4318 4406/4406/4325 4403/4403/4322
f 4407/4407/4326 4406/4406/4325 4398/4399/4318
f 4398/4399/4318 4408/4408/4327 4407/4407/4326
f 4398/4399/4318 4399/4398/4317 4408/4408/4327
f 4407/4407/4326 4409/4409/4328 4406/4406/4325
f 4403/4403/4322 4410/4410/4329 4404/4404/4323
f 4410/4410/4329 4403/4403/4322 4406/4406/4325
f 4406/4406/4325 4409/4409/4328 4410/4410/4329
f 4411/4411/4330 4413/4412/4331 4412/4413/4332
f 4412/4413/4332 4414/4414/4333 4411/4411/4330
f 4413/4412/4331 4411/4411/4330 4415/4415/4334
f 4415/4415/4334 4416/4416/4335 4413/4412/4331
f 4416/4416/4335 4415/4415/4334 4417/4417/4336
f 4417/4417/4336 4418/4418/4337 4416/4416/4335
f 4419/4419/4338 4421/4420/4338 4420/4421/4339
f 4420/4421/4339 4422/4422/4340 4419/4419/4338
f 4422/4422/4340 4420/4421/4339 4423/4423/4341
f 4423/4423/4341 4424/4424/4342 4422/4422/4340
f 4424/4424/4342 4423/4423/4341 4425/4425/4343
f 4425/4425/4343 4426/4426/4343 4424/4424/4342
f 4427/4427/4344 4429/4428/4345 4428/4429/4346
f 4428/4429/4346 4430/4430/4347 4427/4427/4344
f 4430/4430/4347 4428/4429/4346 4431/4431/4348
f 4431/4431/4348 4432/4432/4349 4430/4430/4347
f 4432/4432/4349 4431/4431/4348 4433/4433/4350
f 4433/4433/4350 4434/4434/4351 4432/4432/4349
f 4435/4435/4352 4437/4436/4352 4436/4437/4352
f 4436/4437/4352 4438/4438/4352 4435/4435/4352
f 4439/4439/4353 4441/4440/4354 4440/4441/4355
f 4442/4442/4356 4441/4440/4354 4439/4439/4353
f 4440/4441/4355 4441/4440/4354 4443/4443/4357
f 4444/4444/4358 4441/4440/4354 4442/4442/4356
f 4445/4445/4359 4441/4440/4354 4444/4444/4358
f 4446/4446/4360 4441/4440/4354 4445/4445/4359
f 4447/4447/4361 4441/4440/4354 4446/4446/4360
f 4443/4443/4357 4441/4440/4354 4448/4448/4362
f 4449/4449/4363 4441/4440/4354 4447/4447/4361
f 4448/4448/4362 4441/4440/4354 4449/4449/4363
f 4450/4450/4364 4452/4451/4365 4451/4452/4366
f 4453/4453/4367 4452/4451/4365 4450/4450/4364
f 4450/4450/4364 4454/4454/4368 4453/4453/4367
f 4454/4454/4368 4455/4455/4369 4453/4453/4367
f 4451/4452/4366 4452/4451/4365 4456/4456/4370
f 4455/4455/4369 4457/4457/4371 4453/4453/4367
f 4455/4455/4369 4458/4458/4372 4457/4457/4371
f 4459/4459/4373 4458/4458/4372 4455/4455/4369
f 4451/4452/4366 4456/4456/4370 4460/4460/4374
f 4460/4460/4374 4461/4461/4375 4451/4452/4366
f 4462/4462/4376 4461/4461/4375 4460/4460/4374
f 4460/4460/4374 4463/4463/4377 4462/4462/4376
f 4464/4464/4378 4462/4462/4376 4463/4463/4377
f 4463/4463/4377 4465/4465/4379 4464/4464/4378
f 4464/4464/4378 4465/4465/4379 4466/4466/4380
f 4466/4466/4380 4467/4467/4381 4464/4464/4378
f 4467/4467/4381 4466/4466/4380 4468/4468/4382
f 4468/4468/4382 4469/4469/4383 4467/4467/4381
f 4470/4470/4384 4472/4471/4385 4471/4472/4386
f 4473/4473/4387 4470/4470/4384 4471/4472/4386
f 4472/4471/4385 4474/4474/4388 4471/4472/4386
f 4475/4475/4389 4473/4473/4387 4471/4472/4386
f 4476/4476/4390 4475/4475/4389 4471/4472/4386
f 4477/4477/4391 4476/4476/4390 4471/4472/4386
f 4478/4478/4392 4477/4477/4391 4471/4472/4386
f 4479/4479/4393 4478/4478/4392 4471/4472/4386
f 4474/4474/4388 4479/4479/4393 4471/4472/4386
f 4480/4480/4394 4482/4481/4395 4481/4482/4396
f 4483/4483/4397 4480/4480/4394 4481/4482/4396
f 4481/4482/4396 4484/4484/4398 4483/4483/4397
f 4481/4482/4396 4482/4481/4395 4485/4485/4399
f 4485/4485/4399 4486/4486/4400 4481/4482/4396
f 4486/4486/4400 4487/4487/4401 4481/4482/4396
f 4488/4488/4402 4484/4484/4398 4481/4482/4396
f 4487/4487/4401 4489/4489/4403 4481/4482/4396
f 4489/4489/4403 4488/4488/4402 4481/4482/4396
f 4490/4490/4404 4492/4491/4405 4491/4492/4406
f 4490/4490/4404 4491/4492/4406 4493/4493/4407
f 4493/4493/4407 4494/4494/4408 4490/4490/4404
f 4494/4494/4408 4493/4493/4407 4495/4495/4409
f 4492/4491/4405 4496/4496/4410 4491/4492/4406
f 4495/4495/4409 4493/4493/4407 4497/4497/4411
f 4495/4495/4409 4497/4497/4411 4498/4498/4412
f 4499/4499/4413 4495/4495/4409 4498/4498/4412
f 4492/4491/4405 4500/4500/4414 4496/4496/4410
f 4500/4500/4414 4492/4491/4405 4501/4501/4415
f 4500/4500/4414 4501/4501/4415 4502/4502/4416
f 4502/4502/4416 4503/4503/4417 4500/4500/4414
f 4503/4503/4417 4502/4502/4416 4504/4504/4418
f 4504/4504/4418 4505/4505/4419 4503/4503/4417
f 4506/4506/4420 4505/4505/4419 4504/4504/4418
f 4504/4504/4418 4507/4507/4421 4506/4506/4420
f 4508/4508/4422 4506/4506/4420 4507/4507/4421
f 4507/4507/4421 4509/4509/4423 4508/4508/4422
f 4510/4510/4424 4512/4511/4425 4511/4512/4426
f 4513/4513/4427 4512/4511/4425 4510/4510/4424
f 4511/4512/4426 4512/4511/4425 4514/4514/4428
f 4515/4515/4389 4512/4511/4425 4513/4513/4427
f 4516/4516/4429 4512/4511/4425 4515/4515/4389
f 4517/4517/4430 4512/4511/4425 4516/4516/4429
f 4518/4518/4431 4512/4511/4425 4517/4517/4430
f 4519/4519/4432 4512/4511/4425 4518/4518/4431
f 4514/4514/4428 4512/4511/4425 4519/4519/4432
f 4520/4520/4433 4522/4521/4434 4521/4522/4435
f 4522/4521/4434 4520/4520/4433 4523/4523/4436
f 4523/4523/4436 4524/4524/4437 4522/4521/4434
f 4525/4525/4438 4521/4522/4435 4522/4521/4434
f 4522/4521/4434 4526/4526/4439 4525/4525/4438
f 4526/4526/4439 4522/4521/4434 4527/4527/4440
f 4528/4528/4441 4522/4521/4434 4524/4524/4437
f 4527/4527/4440 4522/4521/4434 4529/4529/4442
f 4529/4529/4442 4522/4521/4434 4528/4528/4441
f 4530/4530/4443 4532/4531/4444 4531/4532/4445
f 4533/4533/4446 4532/4531/4444 4530/4530/4443
f 4530/4530/4443 4534/4534/4447 4533/4533/4446
f 4535/4535/4448 4533/4533/4446 4534/4534/4447
f 4534/4534/4447 4536/4536/4449 4535/4535/4448
f 4530/4530/4443 4531/4532/4445 4537/4537/4450
f 4531/4532/4445 4538/4538/4451 4537/4537/4450
f 4538/4538/4451 4539/4539/4452 4537/4537/4450
f 4539/4539/4452 4538/4538/4451 4540/4540/4453
f 4540/4540/4453 4541/4541/4454 4539/4539/4452
f 4542/4542/4455 4541/4541/4454 4540/4540/4453
f 4540/4540/4453 4543/4543/4456 4542/4542/4455
f 4533/4533/4446 4535/4535/4448 4544/4544/4457
f 4544/4544/4457 4545/4545/4458 4533/4533/4446
f 4536/4536/4449 4534/4534/4447 4546/4546/4459
f 4546/4546/4459 4547/4547/4460 4536/4536/4449
f 4548/4548/4461 4550/4549/4462 4549/4550/4463
f 4548/4548/4461 4549/4550/4463 4551/4551/4464
f 4551/4551/4464 4552/4552/4465 4548/4548/4461
f 4552/4552/4465 4551/4551/4464 4553/4553/4466
f 4553/4553/4466 4554/4554/4467 4552/4552/4465
f 4548/4548/4461 4555/4555/4468 4550/4549/4462
f 4556/4556/4469 4553/4553/4466 4551/4551/4464
f 4551/4551/4464 4557/4557/4470 4556/4556/4469
f 4558/4558/4471 4552/4552/4465 4554/4554/4467
f 4554/4554/4467 4559/4559/4472 4558/4558/4471
f 4550/4549/4462 4555/4555/4468 4560/4560/4473
f 4550/4549/4462 4560/4560/4473 4561/4561/4474
f 4561/4561/4474 4560/4560/4473 4562/4562/4475
f 4561/4561/4474 4562/4562/4475 4563/4563/4476
f 4564/4564/4477 4566/4565/4478 4565/4566/4479
f 4565/4566/4479 4567/4567/4480 4564/4564/4477
f 4565/4566/4479 4568/4568/4481 4567/4567/4480
f 4568/4568/4481 4565/4566/4479 4569/4569/4482
f 4565/4566/4479 4566/4565/4478 4570/4570/4483
f 4570/4570/4483 4571/4571/4484 4565/4566/4479
f 4565/4566/4479 4571/4571/4484 4569/4569/4482
f 4568/4568/4481 4569/4569/4482 4572/4572/4485
f 4572/4572/4485 4573/4573/4486 4568/4568/4481
f 4571/4571/4484 4570/4570/4483 4574/4574/4487
f 4574/4574/4487 4575/4575/4488 4571/4571/4484
f 4576/4576/4489 4575/4575/4488 4574/4574/4487
f 4576/4576/4489 4577/4577/4490 4575/4575/4488
f 4574/4574/4487 4578/4578/4491 4576/4576/4489
f 4577/4577/4490 4579/4579/4492 4575/4575/4488
f 4575/4575/4488 4579/4579/4492 4580/4580/4493
f 4571/4571/4484 4580/4580/4493 4569/4569/4482
f 4571/4571/4484 4575/4575/4488 4580/4580/4493
f 4576/4576/4489 4578/4578/4491 4581/4581/4494
f 4582/4582/4495 4576/4576/4489 4581/4581/4494
f 4583/4583/4496 4582/4582/4495 4581/4581/4494
f 4582/4582/4495 4584/4584/4497 4576/4576/4489
f 4584/4584/4497 4577/4577/4490 4576/4576/4489
f 4585/4585/4498 4584/4584/4497 4582/4582/4495
f 4582/4582/4495 4586/4586/4499 4585/4585/4498
f 4587/4587/4500 4586/4586/4499 4582/4582/4495
f 4584/4584/4497 4585/4585/4498 4588/4588/4501
f 4588/4588/4501 4577/4577/4490 4584/4584/4497
f 4568/4568/4481 4573/4573/4486 4589/4589/4502
f 4568/4568/4481 4589/4589/4502 4567/4567/4480
f 4590/4590/4503 4592/4591/4504 4591/4592/4505
f 4593/4593/4506 4591/4592/4505 4592/4591/4504
f 4590/4590/4503 4594/4594/4507 4592/4591/4504
f 4593/4593/4506 4595/4595/4508 4591/4592/4505
f 4596/4596/4509 4598/4597/4510 4597/4598/4511
f 4597/4598/4511 4599/4599/4512 4596/4596/4509
f 4600/4600/4513 4596/4596/4509 4599/4599/4512
f 4599/4599/4512 4601/4601/4514 4600/4600/4513
f 4602/4602/4515 4604/4603/4516 4603/4604/4517
f 4603/4604/4517 4605/4605/4518 4602/4602/4515
f 4606/4606/4519 4602/4602/4515 4605/4605/4518
f 4605/4605/4518 4607/4607/4520 4606/4606/4519
f 4605/4605/4518 4608/4608/4521 4607/4607/4520
f 4606/4606/4519 4609/4609/4522 4602/4602/4515
f 4610/4610/4523 4607/4607/4520 4608/4608/4521
f 4606/4606/4519 4607/4607/4520 4610/4610/4523
f 4608/4608/4521 4611/4611/4524 4610/4610/4523
f 4611/4611/4524 4608/4608/4521 4605/4605/4518
f 4611/4611/4524 4605/4605/4518 4612/4612/4525
f 4605/4605/4518 4603/4604/4517 4612/4612/4525
f 4610/4610/4523 4613/4613/4526 4606/4606/4519
f 4613/4613/4526 4614/4614/4527 4606/4606/4519
f 4614/4614/4527 4609/4609/4522 4606/4606/4519
f 4615/4615/4528 4617/4616/4529 4616/4617/4530
f 4615/4615/4528 4616/4617/4530 4618/4618/4531
f 4618/4618/4531 4619/4619/4532 4615/4615/4528
f 4620/4620/4533 4622/4621/4534 4621/4622/4535
f 4620/4620/4533 4621/4622/4535 4623/4623/4536
f 4623/4623/4536 4624/4624/4537 4620/4620/4533
f 4624/4624/4537 4623/4623/4536 4625/4625/4538
f 4625/4625/4538 4626/4626/4539 4624/4624/4537
f 4620/4620/4533 4627/4627/4540 4622/4621/4534
f 4622/4621/4534 4627/4627/4540 4628/4628/4541
f 4628/4628/4541 4627/4627/4540 4629/4629/4542
f 4630/4630/4543 4628/4628/4541 4629/4629/4542
f 4629/4629/4542 4631/4631/4544 4630/4630/4543
f 4630/4630/4543 4631/4631/4544 4632/4632/4545
f 4632/4632/4545 4633/4633/4546 4630/4630/4543
f 4634/4634/4547 4625/4625/4538 4623/4623/4536
f 4623/4623/4536 4635/4635/4548 4634/4634/4547
f 4636/4636/4549 4624/4624/4537 4626/4626/4539
f 4626/4626/4539 4637/4637/4550 4636/4636/4549
f 4638/4638/4551 4640/4639/4552 4639/4640/4553
f 4641/4641/4554 4640/4639/4552 4638/4638/4551
f 4638/4638/4551 4642/4642/4555 4641/4641/4554
f 4643/4643/4556 4641/4641/4554 4642/4642/4555
f 4642/4642/4555 4644/4644/4557 4643/4643/4556
f 4638/4638/4551 4639/4640/4553 4645/4645/4558
f 4641/4641/4554 4643/4643/4556 4646/4646/4559
f 4646/4646/4559 4647/4647/4560 4641/4641/4554
f 4644/4644/4557 4642/4642/4555 4648/4648/4561
f 4648/4648/4561 4649/4649/4562 4644/4644/4557
f 4639/4640/4553 4650/4650/4563 4645/4645/4558
f 4639/4640/4553 4651/4651/4564 4650/4650/4563
f 4651/4651/4564 4652/4652/4565 4650/4650/4563
f 4651/4651/4564 4653/4653/4566 4652/4652/4565
f 4654/4654/4567 4656/4655/4568 4655/4656/4569
f 4655/4656/4569 4657/4657/4570 4654/4654/4567
f 4655/4656/4569 4656/4655/4568 4658/4658/4571
f 4658/4658/4571 4659/4659/4572 4655/4656/4569
f 4660/4660/4573 4657/4657/4570 4655/4656/4569
f 4655/4656/4569 4661/4661/4574 4660/4660/4573
f 4655/4656/4569 4659/4659/4572 4661/4661/4574
f 4662/4662/4575 4659/4659/4572 4658/4658/4571
f 4658/4658/4571 4663/4663/4576 4662/4662/4575
f 4664/4664/4577 4660/4660/4573 4661/4661/4574
f 4661/4661/4574 4665/4665/4578 4664/4664/4577
f 4664/4664/4577 4665/4665/4578 4666/4666/4579
f 4666/4666/4579 4665/4665/4578 4667/4667/4580
f 4666/4666/4579 4668/4668/4581 4664/4664/4577
f 4667/4667/4580 4665/4665/4578 4669/4669/4582
f 4665/4665/4578 4670/4670/4583 4669/4669/4582
f 4661/4661/4574 4659/4659/4572 4670/4670/4583
f 4661/4661/4574 4670/4670/4583 4665/4665/4578
f 4666/4666/4579 4671/4671/4584 4668/4668/4581
f 4672/4672/4585 4671/4671/4584 4666/4666/4579
f 4673/4673/4586 4671/4671/4584 4672/4672/4585
f 4672/4672/4585 4666/4666/4579 4674/4674/4587
f 4674/4674/4587 4666/4666/4579 4667/4667/4580
f 4672/4672/4585 4674/4674/4587 4675/4675/4588
f 4675/4675/4588 4676/4676/4589 4672/4672/4585
f 4677/4677/4590 4672/4672/4585 4676/4676/4589
f 4674/4674/4587 4667/4667/4580 4678/4678/4591
f 4678/4678/4591 4675/4675/4588 4674/4674/4587
f 4658/4658/4571 4679/4679/4592 4663/4663/4576
f 4658/4658/4571 4656/4655/4568 4679/4679/4592
f 4680/4680/4593 4682/4681/4594 4681/4682/4595
f 4683/4683/4596 4681/4682/4595 4682/4681/4594
f 4680/4680/4593 4681/4682/4595 4684/4684/4597
f 4683/4683/4596 4682/4681/4594 4685/4685/4598
f 4686/4686/4599 4688/4687/4600 4687/4688/4601
f 4687/4688/4601 4689/4689/4602 4686/4686/4599
f 4688/4687/4600 4686/4686/4599 4690/4690/4603
f 4690/4690/4603 4691/4691/4604 4688/4687/4600
f 4692/4692/4605 4694/4693/4606 4693/4694/4607
f 4693/4694/4607 4695/4695/4608 4692/4692/4605
f 4694/4693/4606 4692/4692/4605 4696/4696/4609
f 4696/4696/4609 4697/4697/4610 4694/4693/4606
f 4694/4693/4606 4697/4697/4610 4698/4698/4611
f 4696/4696/4609 4692/4692/4605 4699/4699/4612
f 4698/4698/4611 4697/4697/4610 4700/4700/4613
f 4700/4700/4613 4697/4697/4610 4696/4696/4609
f 4700/4700/4613 4701/4701/4614 4698/4698/4611
f 4701/4701/4614 4694/4693/4606 4698/4698/4611
f 4701/4701/4614 4702/4702/4615 4694/4693/4606
f 4694/4693/4606 4702/4702/4615 4693/4694/4607
f 4696/4696/4609 4703/4703/4616 4700/4700/4613
f 4703/4703/4616 4696/4696/4609 4704/4704/4617
f 4704/4704/4617 4696/4696/4609 4699/4699/4612
f 4705/4705/4618 4707/4706/4619 4706/4707/4620
f 4708/4708/4621 4707/4706/4619 4705/4705/4618
f 4705/4705/4618 4709/4709/4622 4708/4708/4621
f 4710/4710/4623 4712/4711/4624 4711/4712/4625
f 4710/4710/4623 4711/4712/4625 4713/4713/4626
f 4713/4713/4626 4714/4714/4627 4710/4710/4623
f 4711/4712/4625 4712/4711/4624 4715/4715/4628
f 4716/4716/4629 4711/4712/4625 4715/4715/4628
f 4716/4716/4629 4715/4715/4628 4717/4717/4630
f 4718/4718/4631 4716/4716/4629 4717/4717/4630
f 4717/4717/4630 4719/4719/4632 4718/4718/4631
f 4718/4718/4631 4719/4719/4632 4720/4720/4633
f 4720/4720/4633 4721/4721/4634 4718/4718/4631
f 4722/4722/4635 4721/4721/4634 4720/4720/4633
f 4720/4720/4633 4723/4723/4636 4722/4722/4635
f 4722/4722/4635 4723/4723/4636 4724/4724/4637
f 4724/4724/4637 4725/4725/4638 4722/4722/4635
f 4725/4725/4638 4724/4724/4637 4726/4726/4639
f 4725/4725/4638 4726/4726/4639 4727/4727/4640
f 4713/4713/4626 4727/4727/4640 4728/4728/4641
f 4713/4713/4626 4728/4728/4641 4714/4714/4627
f 4728/4728/4641 4727/4727/4640 4729/4729/4642
f 4727/4727/4640 4726/4726/4639 4729/4729/4642
f 4730/4730/4643 4732/4731/4644 4731/4732/4645
f 4733/4733/4646 4732/4731/4644 4730/4730/4643
f 4733/4733/4646 4734/4734/4647 4732/4731/4644
f 4735/4735/4648 4732/4731/4644 4734/4734/4647
f 4736/4736/4649 4731/4732/4645 4732/4731/4644
f 4737/4737/4650 4736/4736/4649 4732/4731/4644
f 4737/4737/4650 4732/4731/4644 4738/4738/4651
f 4735/4735/4648 4738/4738/4651 4732/4731/4644
f 4739/4739/4652 4741/4740/4653 4740/4741/4654
f 4741/4740/4653 4742/4742/4655 4740/4741/4654
f 4742/4742/4655 4741/4740/4653 4743/4743/4656
f 4741/4740/4653 4739/4739/4652 4744/4744/4657
f 4745/4745/4658 4743/4743/4656 4741/4740/4653
f 4741/4740/4653 4746/4746/4659 4745/4745/4658
f 4747/4747/4660 4746/4746/4659 4741/4740/4653
f 4741/4740/4653 4744/4744/4657 4747/4747/4660
f 4748/4748/4661 4750/4749/4662 4749/4750/4663
f 4748/4748/4661 4749/4750/4663 4751/4751/4664
f 4751/4751/4664 4752/4752/4665 4748/4748/4661
f 4753/4753/4666 4752/4752/4665 4751/4751/4664
f 4753/4753/4666 4751/4751/4664 4754/4754/4667
f 4753/4753/4666 4754/4754/4667 4755/4755/4668
f 4755/4755/4668 4756/4756/4669 4753/4753/4666
f 4756/4756/4669 4755/4755/4668 4757/4757/4670
f 4757/4757/4670 4758/4758/4671 4756/4756/4669
f 4759/4759/4672 4749/4750/4663 4750/4749/4662
f 4759/4759/4672 4760/4760/4673 4749/4750/4663
f 4761/4761/4674 4758/4758/4671 4757/4757/4670
f 4757/4757/4670 4762/4762/4675 4761/4761/4674
f 4763/4763/4676 4761/4761/4674 4762/4762/4675
f 4763/4763/4676 4760/4760/4673 4764/4764/4677
f 4760/4760/4673 4759/4759/4672 4764/4764/4677
f 4762/4762/4675 4765/4765/4678 4763/4763/4676
f 4763/4763/4676 4765/4765/4678 4760/4760/4673
f 4766/4766/4679 4768/4767/4680 4767/4768/4681
f 4767/4768/4681 4769/4769/4682 4766/4766/4679
f 4766/4766/4679 4769/4769/4682 4770/4770/4683
f 4770/4770/4683 4771/4771/4684 4766/4766/4679
f 4772/4772/4685 4771/4771/4684 4770/4770/4683
f 4770/4770/4683 4773/4773/4686 4772/4772/4685
f 4772/4772/4685 4773/4773/4686 4774/4774/4687
f 4774/4774/4687 4775/4775/4688 4772/4772/4685
f 4776/4776/4689 4775/4775/4688 4774/4774/4687
f 4774/4774/4687 4777/4777/4690 4776/4776/4689
f 4776/4776/4689 4777/4777/4690 4778/4778/4691
f 4776/4776/4689 4778/4778/4691 4779/4779/4692
f 4777/4777/4690 4780/4780/4693 4778/4778/4691
f 4780/4780/4693 4781/4781/4694 4778/4778/4691
f 4775/4775/4688 4776/4776/4689 4782/4782/4695
f 4782/4782/4695 4783/4783/4696 4775/4775/4688
f 4782/4782/4695 4784/4784/4697 4783/4783/4696
f 4784/4784/4697 4782/4782/4695 4785/4785/4698
f 4785/4785/4698 4786/4786/4699 4784/4784/4697
f 4787/4787/4700 4789/4788/4701 4788/4789/4702
f 4788/4789/4702 4790/4790/4703 4787/4787/4700
f 4791/4791/4704 4789/4788/4701 4787/4787/4700
f 4791/4791/4704 4792/4792/4705 4789/4788/4701
f 4788/4789/4702 4789/4788/4701 4792/4792/4705
f 4787/4787/4700 4793/4793/4706 4791/4791/4704
f 4792/4792/4705 4794/4794/4707 4788/4789/4702
f 4795/4795/4708 4794/4794/4707 4792/4792/4705
f 4792/4792/4705 4796/4796/4709 4795/4795/4708
f 4797/4797/4710 4792/4792/4705 4791/4791/4704
f 4797/4797/4710 4796/4796/4709 4792/4792/4705
f 4797/4797/4710 4798/4798/4711 4796/4796/4709
f 4797/4797/4710 4799/4799/4712 4798/4798/4711
f 4800/4800/4713 4790/4790/4703 4788/4789/4702
f 4788/4789/4702 4801/4801/4714 4800/4800/4713
f 4802/4802/4715 4794/4794/4707 4795/4795/4708
f 4788/4789/4702 4794/4794/4707 4802/4802/4715
f 4802/4802/4715 4801/4801/4714 4788/4789/4702
f 4795/4795/4708 4803/4803/4716 4802/4802/4715
f 4804/4804/4717 4801/4801/4714 4802/4802/4715
f 4800/4800/4713 4801/4801/4714 4804/4804/4717
f 4804/4804/4717 4805/4805/4718 4800/4800/4713
f 4806/4806/4719 4800/4800/4713 4805/4805/4718
f 4807/4807/4720 4804/4804/4717 4802/4802/4715
f 4807/4807/4720 4802/4802/4715 4803/4803/4716
f 4807/4807/4720 4803/4803/4716 4808/4808/4721
f 4807/4807/4720 4808/4808/4721 4809/4809/4722
f 4810/4810/4723 4812/4811/4724 4811/4812/4725
f 4811/4812/4725 4813/4813/4726 4810/4810/4723
f 4814/4814/4727 4813/4813/4726 4811/4812/4725
f 4814/4814/4727 4815/4815/4728 4813/4813/4726
f 4810/4810/4723 4813/4813/4726 4816/4816/4729
f 4816/4816/4729 4817/4817/4730 4810/4810/4723
f 4818/4818/4731 4813/4813/4726 4815/4815/4728
f 4818/4818/4731 4816/4816/4729 4813/4813/4726
f 4819/4819/4732 4820/4820/4732 4814/4814/4733
f 4821/4821/4734 4823/4822/4735 4822/4823/4736
f 4822/4823/4736 4824/4824/4737 4821/4821/4734
f 4822/4823/4736 4823/4822/4735 4825/4825/4738
f 4822/4823/4736 4825/4825/4738 4826/4826/4739
f 4822/4823/4736 4826/4826/4739 4827/4827/4740
f 4828/4828/4741 4821/4821/4734 4824/4824/4737
f 4824/4824/4737 4829/4829/4742 4828/4828/4741
f 4828/4828/4741 4829/4829/4742 4830/4830/4743
f 4830/4830/4743 4831/4831/4744 4828/4828/4741
f 4831/4831/4744 4830/4830/4743 4832/4832/4745
f 4832/4832/4745 4833/4833/4746 4831/4831/4744
f 4832/4832/4745 4834/4834/4747 4833/4833/4746
f 4832/4832/4745 4835/4835/4748 4834/4834/4747
f 4832/4832/4745 4836/4836/4749 4835/4835/4748
f 4837/4837/4750 4839/4838/4751 4838/4839/4752
f 4838/4839/4752 4840/4840/4753 4837/4837/4750
f 4841/4841/4754 4843/4842/4755 4842/4843/4756
f 4844/4844/4757 4843/4842/4755 4841/4841/4754
f 4845/4845/4758 4843/4842/4755 4844/4844/4757
f 4845/4845/4758 4846/4846/4759 4843/4842/4755
f 4845/4845/4758 4844/4844/4757 4767/4768/4681
f 4767/4768/4681 4768/4767/4680 4845/4845/4758
f 4847/4847/4760 4845/4845/4758 4768/4767/4680
f 4768/4767/4680 4848/4848/4761 4847/4847/4760
f 4847/4847/4760 4848/4848/4761 4849/4849/4762
f 4850/4850/4763 4847/4847/4760 4849/4849/4762
f 4849/4849/4762 4851/4851/4764 4850/4850/4763
f 4852/4852/4765 4854/4853/4766 4853/4854/4767
f 4852/4852/4765 4853/4854/4767 4855/4855/4768
f 4856/4856/4769 4855/4855/4768 4853/4854/4767
f 4853/4854/4767 4857/4857/4770 4856/4856/4769
f 4858/4858/4771 4860/4859/4772 4859/4860/4773
f 4859/4860/4773 4860/4859/4772 4861/4861/4774
f 4861/4861/4774 4860/4859/4772 4862/4862/4775
f 4863/4863/4776 4862/4862/4775 4860/4859/4772
f 4864/4864/4777 4863/4863/4776 4860/4859/4772
f 4865/4865/4778 4864/4864/4777 4860/4859/4772
f 4866/4866/4779 4868/4867/4780 4867/4868/4781
f 4867/4868/4781 4868/4867/4780 4869/4869/4782
f 4869/4869/4782 4868/4867/4780 4870/4870/4783
f 4866/4866/4779 4871/4871/4784 4868/4867/4780
f 4871/4871/4784 4872/4872/4785 4868/4867/4780
f 4872/4872/4785 4873/4873/4786 4868/4867/4780
f 4874/4874/4787 4876/4875/4788 4875/4876/4789
f 4875/4876/4789 4877/4877/4790 4874/4874/4787
f 4878/4878/4791 4880/4879/4792 4879/4880/4793
f 4878/4878/4791 4879/4880/4793 4881/4881/4794
f 4882/4882/4795 4884/4883/4796 4883/4884/4797
f 4884/4883/4796 4885/4885/4798 4883/4884/4797
f 4886/4886/4799 4883/4884/4797 4885/4885/4798
f 4885/4885/4798 4887/4887/4800 4886/4886/4799
f 4888/4888/4801 4890/4889/4802 4889/4890/4803
f 4889/4890/4803 4891/4891/4804 4888/4888/4801
f 4892/4892/4805 4894/4893/4806 4893/4894/4807
f 4895/4895/4808 4893/4894/4807 4894/4893/4806
f 4895/4895/4808 4894/4893/4806 4896/4896/4809
f 4897/4897/4810 4899/4898/4811 4898/4899/4812
f 4898/4899/4812 4900/4900/4813 4897/4897/4810
f 4901/4901/4814 4903/4902/4815 4902/4903/4816
f 4902/4903/4816 4904/4904/4817 4901/4901/4814
f 4905/4905/4818 4907/4906/4819 4906/4907/4820
f 4905/4905/4818 4908/4908/4821 4907/4906/4819
f 4909/4909/4822 4911/4910/4823 4910/4911/4824
f 4911/4910/4823 4912/4912/4825 4910/4911/4824
f 4912/4912/4825 4911/4910/4823 4913/4913/4826
f 4913/4913/4826 4914/4914/4827 4912/4912/4825
f 4915/4915/4828 4917/4916/4829 4916/4917/4830
f 4916/4917/4830 4918/4918/4831 4915/4915/4828
f 4919/4919/4832 4921/4920/4833 4920/4921/4834
f 4922/4922/4835 4920/4921/4834 4921/4920/4833
f 4922/4922/4835 4923/4923/4836 4920/4921/4834
f 4924/4924/4837 4926/4925/4838 4925/4926/4839
f 4924/4924/4837 4925/4926/4839 4927/4927/4840
f 4925/4926/4839 4928/4928/4841 4927/4927/4840
f 4924/4924/4837 4927/4927/4840 4929/4929/4842
f 4930/4930/4843 4932/4931/4844 4931/4932/4845
f 4931/4932/4845 4933/4933/4846 4930/4930/4843
f 4933/4933/4846 4931/4932/4845 4934/4934/4847
f 4934/4934/4847 4935/4935/4848 4933/4933/4846
f 4935/4935/4848 4934/4934/4847 4936/4936/4849
f 4936/4936/4849 4937/4937/4850 4935/4935/4848
f 4932/4931/4844 4930/4930/4843 4938/4938/4851
f 4938/4938/4851 4939/4939/4852 4932/4931/4844
f 4939/4939/4852 4938/4938/4851 4940/4940/4853
f 4940/4940/4853 4941/4941/4854 4939/4939/4852
f 4941/4941/4854 4940/4940/4853 4942/4942/4855
f 4942/4942/4855 4943/4943/4856 4941/4941/4854
f 4944/4944/4857 4946/4945/4858 4945/4946/4859
f 4945/4946/4859 4947/4947/4860 4944/4944/4857
f 4948/4948/4861 4945/4946/4859 4946/4945/4858
f 4946/4945/4858 4949/4949/4862 4948/4948/4861
f 4950/4950/4863 4948/4948/4861 4949/4949/4862
f 4949/4949/4862 4951/4951/4864 4950/4950/4863
f 4952/4952/4865 4944/4944/4857 4947/4947/4860
f 4947/4947/4860 4953/4953/4866 4952/4952/4865
f 4954/4954/4867 4952/4952/4865 4953/4953/4866
f 4953/4953/4866 4955/4955/4868 4954/4954/4867
f 4956/4956/4869 4954/4954/4867 4955/4955/4868
f 4955/4955/4868 4957/4957/4870 4956/4956/4869
f 4958/4958/4871 4960/4959/4872 4959/4960/4873
f 4959/4960/4873 4961/4961/4874 4958/4958/4871
f 4961/4961/4874 4959/4960/4873 4962/4962/4875
f 4962/4962/4875 4963/4963/4876 4961/4961/4874
f 4963/4963/4876 4962/4962/4875 4964/4964/4877
f 4964/4964/4877 4965/4965/4878 4963/4963/4876
f 4960/4959/4872 4958/4958/4871 4966/4966/4879
f 4966/4966/4879 4967/4967/4880 4960/4959/4872
f 4967/4967/4880 4966/4966/4879 4968/4968/4881
f 4968/4968/4881 4969/4969/4882 4967/4967/4880
f 4969/4969/4882 4968/4968/4881 4970/4970/4883
f 4970/4970/4883 4971/4971/4884 4969/4969/4882
f 4972/4972/4885 4974/4973/4886 4973/4974/4887
f 4975/4975/4888 4974/4973/4886 4972/4972/4885
f 4976/4976/4889 4974/4973/4886 4975/4975/4888
f 4977/4977/4890 4974/4973/4886 4976/4976/4889
f 4974/4973/4886 4977/4977/4890 4978/4978/4891
f 4973/4974/4887 4974/4973/4886 4978/4978/4891
f 4979/4979/4892 4981/4980/4893 4980/4981/4894
f 4979/4979/4892 4980/4981/4894 4982/4982/4895
f 4979/4979/4892 4982/4982/4895 4983/4983/4896
f 4979/4979/4892 4984/4984/4897 4981/4980/4893
f 4979/4979/4892 4985/4985/4898 4984/4984/4897
f 4979/4979/4892 4986/4986/4899 4985/4985/4898
f 4980/4981/4894 4981/4980/4893 4987/4987/4900
f 4987/4987/4900 4981/4980/4893 4984/4984/4897
f 4987/4987/4900 4988/4988/4901 4980/4981/4894
f 4980/4981/4894 4988/4988/4901 4989/4989/4902
f 4989/4989/4902 4982/4982/4895 4980/4981/4894
f 4982/4982/4895 4989/4989/4902 4990/4990/4903
f 4990/4990/4903 4983/4983/4896 4982/4982/4895
f 4991/4991/4904 4985/4985/4898 4986/4986/4899
f 4986/4986/4899 4992/4992/4905 4991/4991/4904
f 4985/4985/4898 4991/4991/4904 4993/4993/4906
f 4993/4993/4906 4984/4984/4897 4985/4985/4898
f 4984/4984/4897 4993/4993/4906 4987/4987/4900
f 4994/4994/4907 4996/4995/4908 4995/4996/4909
f 4994/4994/4907 4995/4996/4909 4997/4997/4910
f 4994/4994/4907 4998/4998/4911 4996/4995/4908
f 4994/4994/4907 4999/4999/4912 4998/4998/4911
f 4994/4994/4907 5000/5000/4913 4999/4999/4912
f 5001/5001/4914 5003/5002/4915 5002/5003/4916
f 5002/5003/4916 5004/5004/4917 5001/5001/4914
f 5004/5004/4917 5002/5003/4916 5005/5005/4918
f 5005/5005/4918 5006/5006/4919 5004/5004/4917
f 5003/5002/4915 5001/5001/4914 5007/5007/4920
f 5007/5007/4920 5008/5008/4921 5003/5002/4915
f 5008/5008/4921 5007/5007/4920 5009/5009/4922
f 5009/5009/4922 5010/5010/4923 5008/5008/4921
f 5010/5010/4923 5009/5009/4922 5011/5011/4924
f 5011/5011/4924 5012/5012/4925 5010/5010/4923
f 5013/5013/4926 5015/5014/4927 5014/5015/4928
f 5013/5013/4926 5014/5015/4928 5016/5016/4929
f 5013/5013/4926 5017/5017/4930 5015/5014/4927
f 5013/5013/4926 5018/5018/4931 5017/5017/4930
f 5013/5013/4926 5019/5019/4932 5018/5018/4931
f 5020/5020/4933 5022/5021/4934 5021/5022/4935
f 5021/5022/4935 5023/5023/4936 5020/5020/4933
f 5023/5023/4936 5021/5022/4935 5024/5024/4937
f 5024/5024/4937 5025/5025/4938 5023/5023/4936
f 5022/5021/4934 5020/5020/4933 5026/5026/4939
f 5026/5026/4939 5027/5027/4940 5022/5021/4934
f 5027/5027/4940 5026/5026/4939 5028/5028/4941
f 5028/5028/4941 5029/5029/4942 5027/5027/4940
f 5029/5029/4942 5028/5028/4941 5030/5030/4943
f 5030/5030/4943 5031/5031/4944 5029/5029/4942
f 5032/5032/4945 5034/5033/4946 5033/5034/4946
f 5033/5034/4946 5035/5035/4945 5032/5032/4945
f 5036/5036/4947 5038/5037/4948 5037/5038/4949
f 5037/5038/4949 5039/5039/4950 5036/5036/4947
f 5040/5040/4951 5042/5041/4951 5041/5042/4951
f 5041/5042/4951 5043/5043/4951 5040/5040/4951
f 5044/5044/4952 5046/5045/4953 5045/5046/4954
f 5045/5046/4954 5047/5047/4955 5044/5044/4952
f 5048/5048/4956 5050/5049/4956 5049/5050/4956
f 5051/5051/4957 5053/5052/4957 5052/5053/4957
f 5054/5054/4958 5056/5055/4958 5055/5056/4958
f 5057/5057/4959 5059/5058/4959 5058/5059/4959
f 5060/5060/4960 5062/5061/4961 5061/5062/4962
f 5061/5062/4962 5063/5063/4963 5060/5060/4960
f 5063/5063/4963 5061/5062/4962 5064/5064/4964
f 5064/5064/4964 5065/5065/4965 5063/5063/4963
f 5065/5065/4965 5064/5064/4964 5066/5066/4966
f 5066/5066/4966 5067/5067/4967 5065/5065/4965
f 5062/5061/4961 5060/5060/4960 5068/5068/4968
f 5068/5068/4968 5069/5069/4969 5062/5061/4961
f 5070/5070/4970 5072/5071/4971 5071/5072/4972
f 5072/5071/4971 5070/5070/4970 5073/5073/4973
f 5073/5073/4973 5074/5074/4974 5072/5071/4971
f 5075/5075/4975 5072/5071/4971 5074/5074/4974
f 5074/5074/4974 5076/5076/4976 5075/5075/4975
f 5072/5071/4971 5075/5075/4975 5077/5077/4977
f 5072/5071/4971 5078/5078/4978 5071/5072/4972
f 5072/5071/4971 5077/5077/4977 5078/5078/4978
f 5073/5073/4973 5070/5070/4970 5079/5079/4979
f 5073/5073/4973 5079/5079/4979 5080/5080/4980
f 5081/5081/4981 5075/5075/4975 5076/5076/4976
f 5081/5081/4981 5076/5076/4976 5082/5082/4982
f 5083/5083/4983 5081/5081/4981 5082/5082/4982
f 5084/5084/4984 5081/5081/4981 5083/5083/4983
f 5083/5083/4983 5085/5085/4985 5084/5084/4984
f 5079/5079/4979 5086/5086/4986 5080/5080/4980
f 5087/5087/4987 5089/5088/4988 5088/5089/4989
f 5088/5089/4989 5090/5090/4990 5087/5087/4987
f 5090/5090/4990 5088/5089/4989 5091/5091/4991
f 5091/5091/4991 5092/5092/4992 5090/5090/4990
f 5091/5091/4991 5093/5093/4993 5092/5092/4992
f 5091/5091/4991 5094/5094/4994 5093/5093/4993
f 5091/5091/4991 5095/5095/4995 5094/5094/4994
f 5089/5088/4988 5087/5087/4987 5096/5096/4996
f 5089/5088/4988 5096/5096/4996 5097/5097/4997
f 5089/5088/4988 5097/5097/4997 5098/5098/4998
f 5099/5099/4999 5101/5100/5000 5100/5101/5000
f 5100/5101/5000 5102/5102/4999 5099/5099/4999
f 5103/5103/5001 5105/5104/5002 5104/5105/5003
f 5104/5105/5003 5106/5106/4948 5103/5103/5001
f 5107/5107/5004 5109/5108/5004 5108/5109/5004
f 5108/5109/5004 5110/5110/5004 5107/5107/5004
f 5111/5111/4954 5113/5112/4955 5112/5113/5005
f 5112/5113/5005 5114/5114/4953 5111/5111/4954
f 5115/5115/5006 5117/5116/5006 5116/5117/5006
f 5118/5118/5007 5120/5119/5007 5119/5120/5007
f 5121/5121/5008 5123/5122/5008 5122/5123/5008
f 5124/5124/5009 5126/5125/5009 5125/5126/5009
f 5127/5127/5010 5129/5128/5010 5128/5129/5010
f 5128/5129/5010 5130/5130/5010 5127/5127/5010
f 5131/5131/5011 5133/5132/5012 5132/5133/5013
f 5132/5133/5013 5134/5134/5014 5131/5131/5011
f 5135/5135/5015 5137/5136/5016 5136/5137/5017
f 5136/5137/5017 5138/5138/5018 5135/5135/5015
f 5139/5139/5019 5141/5140/5020 5140/5141/5021
f 5140/5141/5021 5142/5142/5022 5139/5139/5019
f 5143/5143/5023 5145/5144/5023 5144/5145/5023
f 5146/5146/5024 5148/5147/5024 5147/5148/5024
f 5149/5149/4958 5151/5150/4958 5150/5151/4958
f 5152/5152/5025 5154/5153/5025 5153/5154/5025
f 5155/5155/5026 5157/5156/5027 5156/5157/5028
f 5158/5158/5029 5156/5157/5028 5157/5156/5027
f 5159/5159/5030 5157/5156/5027 5155/5155/5026
f 5158/5158/5029 5160/5160/5031 5156/5157/5028
f 5160/5160/5031 5158/5158/5029 5161/5161/5032
f 5161/5161/5032 5162/5162/5033 5160/5160/5031
f 5163/5163/5034 5162/5162/5033 5161/5161/5032
f 5161/5161/5032 5164/5164/5035 5163/5163/5034
f 5159/5159/5030 5155/5155/5026 5165/5165/5036
f 5163/5163/5034 5164/5164/5035 5166/5166/5037
f 5166/5166/5037 5167/5167/5038 5163/5163/5034
f 5168/5168/5039 5167/5167/5038 5166/5166/5037
f 5166/5166/5037 5169/5169/5040 5168/5168/5039
f 5169/5169/5040 5170/5170/5041 5168/5168/5039
f 5169/5169/5040 5171/5171/5042 5170/5170/5041
f 5172/5172/5043 5170/5170/5041 5171/5171/5042
f 5159/5159/5030 5172/5172/5043 5171/5171/5042
f 5159/5159/5030 5165/5165/5036 5172/5172/5043
f 5173/5173/5044 5175/5174/5045 5174/5175/5046
f 5176/5176/5047 5173/5173/5044 5174/5175/5046
f 5176/5176/5047 5174/5175/5046 5177/5177/5048
f 5178/5178/5049 5177/5177/5048 5174/5175/5046
f 5179/5179/5050 5174/5175/5046 5175/5174/5045
f 5180/5180/5051 5174/5175/5046 5179/5179/5050
f 5180/5180/5051 5181/5181/5052 5174/5175/5046
f 5178/5178/5049 5174/5175/5046 5181/5181/5052
f 5182/5182/5053 5184/5183/5054 5183/5184/5055
f 5183/5184/5055 5184/5183/5054 5185/5185/5056
f 5185/5185/5056 5186/5186/5057 5183/5184/5055
f 5183/5184/5055 5187/5187/5058 5182/5182/5053
f 5188/5188/5059 5183/5184/5055 5186/5186/5057
f 5183/5184/5055 5188/5188/5059 5189/5189/5060
f 5190/5190/5061 5183/5184/5055 5189/5189/5060
f 5183/5184/5055 5190/5190/5061 5187/5187/5058
f 5191/5191/5062 5193/5192/5063 5192/5193/5064
f 5191/5191/5062 5194/5194/5065 5193/5192/5063
f 5194/5194/5065 5191/5191/5062 5195/5195/5066
f 5196/5196/5067 5194/5194/5065 5195/5195/5066
f 5196/5196/5067 5197/5197/5068 5194/5194/5065
f 5198/5198/5069 5197/5197/5068 5196/5196/5067
f 5196/5196/5067 5199/5199/5070 5198/5198/5069
f 5200/5200/5071 5198/5198/5069 5199/5199/5070
f 5199/5199/5070 5201/5201/5072 5200/5200/5071
f 5202/5202/5073 5192/5193/5064 5193/5192/5063
f 5202/5202/5073 5193/5192/5063 5203/5203/5074
f 5200/5200/5071 5201/5201/5072 5204/5204/5075
f 5204/5204/5075 5205/5205/5076 5200/5200/5071
f 5205/5205/5076 5204/5204/5075 5206/5206/5077
f 5206/5206/5077 5207/5207/5078 5203/5203/5074
f 5203/5203/5074 5207/5207/5078 5202/5202/5073
f 5206/5206/5077 5208/5208/5079 5205/5205/5076
f 5206/5206/5077 5203/5203/5074 5208/5208/5079
f 5209/5209/5080 5211/5210/5081 5210/5211/5082
f 5210/5211/5082 5212/5212/5083 5209/5209/5080
f 5212/5212/5083 5210/5211/5082 5213/5213/5084
f 5213/5213/5084 5214/5214/5085 5212/5212/5083
f 5214/5214/5085 5213/5213/5084 5215/5215/5086
f 5215/5215/5086 5216/5216/5087 5214/5214/5085
f 5217/5217/5088 5211/5210/5081 5209/5209/5080
f 5209/5209/5080 5218/5218/5089 5217/5217/5088
f 5213/5213/5084 5219/5219/5090 5215/5215/5086
f 5219/5219/5090 5220/5220/5091 5215/5215/5086
f 5217/5217/5088 5218/5218/5089 5221/5221/5092
f 5221/5221/5092 5222/5222/5093 5217/5217/5088
f 5223/5223/5094 5222/5222/5093 5221/5221/5092
f 5221/5221/5092 5224/5224/5095 5223/5223/5094
f 5225/5225/5096 5223/5223/5094 5224/5224/5095
f 5224/5224/5095 5226/5226/5097 5225/5225/5096
f 5227/5227/5098 5225/5225/5096 5226/5226/5097
f 5226/5226/5097 5228/5228/5099 5227/5227/5098
f 5225/5225/5096 5227/5227/5098 5229/5229/5100
f 5229/5229/5100 5227/5227/5098 5230/5230/5101
f 5231/5231/5102 5233/5232/5103 5232/5233/5104
f 5232/5233/5104 5234/5234/5105 5231/5231/5102
f 5234/5234/5105 5232/5233/5104 5235/5235/5106
f 5235/5235/5106 5232/5233/5104 5236/5236/5107
f 5237/5237/5108 5234/5234/5105 5235/5235/5106
f 5231/5231/5102 5234/5234/5105 5237/5237/5108
f 5237/5237/5108 5235/5235/5106 5238/5238/5109
f 5238/5238/5109 5239/5239/5110 5237/5237/5108
f 5237/5237/5108 5240/5240/5111 5231/5231/5102
f 5241/5241/5112 5231/5231/5102 5240/5240/5111
f 5232/5233/5104 5233/5232/5103 5242/5242/5113
f 5242/5242/5113 5243/5243/5114 5232/5233/5104
f 5244/5244/5115 5236/5236/5107 5232/5233/5104
f 5243/5243/5114 5244/5244/5115 5232/5233/5104
f 5245/5245/5116 5244/5244/5115 5243/5243/5114
f 5245/5245/5116 5243/5243/5114 5242/5242/5113
f 5246/5246/5117 5244/5244/5115 5245/5245/5116
f 5245/5245/5116 5247/5247/5118 5246/5246/5117
f 5242/5242/5113 5248/5248/5119 5245/5245/5116
f 5249/5249/5120 5248/5248/5119 5242/5242/5113
f 5250/5250/5121 5239/5239/5122 5251/5251/5123
f 5252/5252/5124 5250/5250/5121 5251/5251/5123
f 5251/5251/5123 5253/5253/5125 5252/5252/5124
f 5254/5254/5126 5252/5252/5124 5253/5253/5125
f 5254/5254/5126 5255/5255/5127 5252/5252/5124
f 5255/5255/5127 5254/5254/5126 5247/5247/5128
f 5256/5256/5129 5258/5257/5130 5257/5258/5131
f 5257/5258/5131 5259/5259/5132 5256/5256/5129
f 5260/5260/5133 5257/5258/5131 5258/5257/5130
f 5260/5260/5133 5258/5257/5130 5261/5261/5134
f 5262/5262/5135 5258/5257/5130 5256/5256/5129
f 5256/5256/5129 5263/5263/5136 5262/5262/5135
f 5264/5264/5137 5261/5261/5134 5258/5257/5130
f 5264/5264/5137 5258/5257/5130 5262/5262/5135
f 5265/5265/5138 5267/5266/5139 5266/5267/5140
f 5266/5267/5140 5268/5268/5141 5265/5265/5138
f 5269/5269/5142 5271/5270/5143 5270/5271/5144
f 5270/5271/5144 5272/5272/5145 5269/5269/5142
f 5273/5273/5146 5272/5272/5145 5270/5271/5144
f 5270/5271/5144 5274/5274/5147 5273/5273/5146
f 5275/5275/5148 5277/5276/5149 5276/5277/5150
f 5276/5277/5150 5278/5278/5151 5275/5275/5148
f 5279/5279/5152 5281/5280/5153 5280/5281/5154
f 5280/5281/5154 5282/5282/5155 5279/5279/5152
f 5283/5283/5156 5285/5284/5157 5284/5285/5158
f 5284/5285/5158 5286/5286/5159 5283/5283/5156
f 5287/5287/5160 5286/5286/5159 5284/5285/5158
f 5284/5285/5158 5288/5288/5161 5287/5287/5160
f 5289/5289/5162 5291/5290/5163 5290/5291/5164
f 5290/5291/5164 5292/5292/5165 5289/5289/5162
f 5289/5289/5162 5292/5292/5165 5293/5293/5166
f 5293/5293/5166 5294/5294/5167 5289/5289/5162
f 5295/5295/5168 5297/5296/5169 5296/5297/5170
f 5296/5297/5170 5298/5298/5171 5295/5295/5168
f 5299/5299/5172 5301/5300/5173 5300/5301/5174
f 5300/5301/5174 5302/5302/5175 5299/5299/5172
f 5303/5303/5176 5305/5304/5177 5304/5305/5178
f 5304/5305/5178 5306/5306/5179 5303/5303/5176
f 5307/5307/5180 5309/5308/5181 5308/5309/5182
f 5308/5309/5182 5310/5310/5183 5307/5307/5180
f 5311/5311/5184 5307/5307/5180 5310/5310/5183
f 5310/5310/5183 5312/5312/5185 5311/5311/5184
f 5313/5313/5186 5308/5309/5182 5309/5308/5181
f 5309/5308/5181 5314/5314/5187 5313/5313/5186
f 5315/5315/5188 5313/5313/5186 5314/5314/5187
f 5314/5314/5187 5316/5316/5189 5315/5315/5188
f 5317/5317/5190 5315/5315/5188 5316/5316/5189
f 5316/5316/5189 5318/5318/5191 5317/5317/5190
f 5319/5319/5192 5317/5317/5190 5318/5318/5191
f 5318/5318/5191 5320/5320/5193 5319/5319/5192
f 5321/5321/5194 5323/5322/5195 5322/5323/5196
f 5322/5323/5196 5324/5324/5197 5321/5321/5194
f 5325/5325/5198 5321/5321/5194 5324/5324/5197
f 5324/5324/5197 5326/5326/5199 5325/5325/5198
f 5327/5327/5200 5322/5323/5196 5323/5322/5195
f 5323/5322/5195 5328/5328/5201 5327/5327/5200
f 5329/5329/5202 5327/5327/5200 5328/5328/5201
f 5328/5328/5201 5330/5330/5203 5329/5329/5202
f 5331/5331/5204 5329/5329/5202 5330/5330/5203
f 5330/5330/5203 5332/5332/5205 5331/5331/5204
f 5333/5333/5206 5331/5331/5204 5332/5332/5205
f 5332/5332/5205 5334/5334/5207 5333/5333/5206
f 5321/5321/5194 5325/5325/5198 5335/5335/5208
f 5336/5336/5209 5321/5321/5194 5335/5335/5208
f 5325/5325/5198 5337/5337/5210 5335/5335/5208
f 5337/5337/5210 5338/5338/5211 5335/5335/5208
f 5338/5338/5211 5339/5339/5212 5335/5335/5208
f 5339/5339/5212 5336/5336/5209 5335/5335/5208
f 5340/5340/5213 5342/5341/5214 5341/5342/5215
f 5341/5342/5215 5343/5343/5216 5340/5340/5213
f 5343/5343/5216 5341/5342/5215 5344/5344/5217
f 5344/5344/5217 5345/5345/5218 5343/5343/5216
f 5345/5345/5218 5344/5344/5217 5346/5346/5219
f 5346/5346/5219 5347/5347/5220 5345/5345/5218
f 5347/5347/5220 5346/5346/5219 5348/5348/5221
f 5348/5348/5221 5349/5349/5222 5347/5347/5220
f 5349/5349/5222 5348/5348/5221 5350/5350/5223
f 5350/5350/5223 5351/5351/5224 5349/5349/5222
f 5342/5341/5214 5340/5340/5213 5352/5352/5225
f 5352/5352/5225 5353/5353/5226 5342/5341/5214
f 5354/5354/5227 5356/5355/5228 5355/5356/5229
f 5354/5354/5227 5355/5356/5229 5357/5357/5230
f 5354/5354/5227 5357/5357/5230 5358/5358/5231
f 5354/5354/5227 5358/5358/5231 5359/5359/5232
f 5360/5360/5233 5362/5361/5234 5361/5362/5235
f 5360/5360/5233 5361/5362/5235 5363/5363/5236
f 5363/5363/5236 5361/5362/5235 5364/5364/5237
f 5363/5363/5236 5364/5364/5237 5365/5365/5238
f 5366/5366/5239 5365/5365/5238 5364/5364/5237
f 5364/5364/5237 5367/5367/5240 5366/5366/5239
f 5368/5368/5241 5366/5366/5239 5367/5367/5240
f 5367/5367/5240 5369/5369/5242 5368/5368/5241
f 5368/5368/5241 5369/5369/5242 5370/5370/5243
f 5370/5370/5243 5371/5371/5244 5368/5368/5241
f 5371/5371/5244 5370/5370/5243 5372/5372/5245
f 5372/5372/5245 5373/5373/5246 5371/5371/5244
f 5374/5374/5247 5373/5373/5246 5372/5372/5245
f 5374/5374/5247 5372/5372/5245 5375/5375/5248
f 5376/5376/5249 5374/5374/5247 5375/5375/5248
f 5376/5376/5249 5375/5375/5248 5377/5377/5250
f 5365/5365/5238 5379/5378/5251 5378/5379/5252
f 5378/5379/5252 5379/5378/5251 5380/5380/5253
f 5365/5365/5238 5381/5381/5254 5379/5378/5251
f 5379/5378/5251 5382/5382/5255 5380/5380/5253
f 5373/5373/5246 5384/5383/5256 5383/5384/5257
f 5384/5383/5256 5385/5385/5258 5383/5384/5257
f 5373/5373/5246 5383/5384/5257 5386/5386/5259
f 5383/5384/5257 5385/5385/5258 5387/5387/5260
f 5388/5388/5261 5390/5389/5262 5389/5390/5263
f 5390/5389/5262 5391/5391/5264 5389/5390/5263
f 5392/5392/5265 5391/5391/5264 5390/5389/5262
f 5390/5389/5262 5393/5393/5266 5392/5392/5265
f 5392/5392/5265 5393/5393/5266 5394/5394/5267
f 5394/5394/5267 5395/5395/5268 5392/5392/5265
f 5395/5395/5268 5394/5394/5267 5396/5396/5269
f 5396/5396/5269 5397/5397/5270 5395/5395/5268
f 5398/5398/5271 5397/5397/5270 5396/5396/5269
f 5396/5396/5269 5399/5399/5272 5398/5398/5271
f 5400/5400/5273 5398/5398/5271 5399/5399/5272
f 5399/5399/5272 5401/5401/5274 5400/5400/5273
f 5400/5400/5273 5401/5401/5274 5402/5402/5275
f 5402/5402/5275 5403/5403/5276 5400/5400/5273
f 5402/5402/5275 5404/5404/5277 5403/5403/5276
f 5405/5405/5278 5404/5404/5277 5402/5402/5275
f 5406/5406/5279 5408/5407/5280 5407/5408/5281
f 5406/5406/5279 5409/5409/5282 5408/5407/5280
f 5408/5407/5280 5410/5410/5283 5407/5408/5281
f 5410/5410/5283 5411/5411/5284 5407/5408/5281
f 5410/5410/5283 5412/5412/5285 5411/5411/5284
f 5413/5413/5286 5412/5412/5285 5410/5410/5283
f 5414/5414/5287 5412/5412/5285 5413/5413/5286
f 5414/5414/5287 5413/5413/5286 5415/5415/5288
f 5416/5416/5289 5418/5417/5290 5417/5418/5291
f 5418/5417/5290 5419/5419/5292 5417/5418/5291
f 5420/5420/5293 5418/5417/5290 5416/5416/5289
f 5420/5420/5293 5416/5416/5289 5421/5421/5294
f 5422/5422/5295 5420/5420/5293 5421/5421/5294
f 5422/5422/5295 5423/5423/5296 5420/5420/5293
f 5424/5424/5297 5423/5423/5296 5422/5422/5295
f 5422/5422/5295 5425/5425/5298 5424/5424/5297
f 5426/5426/5299 5428/5427/5300 5427/5428/5301
f 5427/5428/5301 5428/5427/5300 5429/5429/5302
f 5430/5430/5303 5426/5426/5299 5427/5428/5301
f 5430/5430/5303 5431/5431/5304 5426/5426/5299
f 5432/5432/5305 5431/5431/5304 5430/5430/5303
f 5432/5432/5305 5430/5430/5303 5433/5433/5306
f 5432/5432/5305 5433/5433/5306 5434/5434/5307
f 5434/5434/5307 5435/5435/5308 5432/5432/5305
f 5436/5436/5309 5438/5437/5310 5437/5438/5311
f 5437/5438/5311 5439/5439/5312 5436/5436/5309
f 5440/5440/5313 5439/5439/5312 5437/5438/5311
f 5437/5438/5311 5441/5441/5314 5440/5440/5313
f 5442/5442/5315 5444/5443/5316 5443/5444/5317
f 5443/5444/5317 5444/5443/5316 5445/5445/5318
f 5445/5445/5318 5446/5446/5319 5443/5444/5317
f 5447/5447/5320 5448/5448/5321 5442/5442/5322
f 5442/5442/5322 5449/5449/5323 5447/5447/5320
f 5450/5450/5324 5447/5447/5320 5449/5449/5323
f 5449/5449/5323 5451/5451/5325 5450/5450/5324
f 5452/5452/5326 5450/5450/5324 5451/5451/5325
f 5451/5451/5325 5453/5453/5327 5452/5452/5326
f 5454/5454/5328 5452/5452/5326 5453/5453/5327
f 5453/5453/5327 5455/5455/5329 5454/5454/5328
f 5456/5456/5330 5457/5457/5331 5455/5455/5329
f 5458/5458/5332 5457/5457/5331 5456/5456/5330
f 5456/5456/5330 5459/5459/5333 5458/5458/5332
f 5460/5460/5334 5462/5461/5335 5461/5462/5336
f 5461/5462/5336 5463/5463/5337 5460/5460/5334
f 5462/5461/5335 5460/5460/5334 5464/5464/5338
f 5464/5464/5338 5465/5465/5339 5462/5461/5335
f 5465/5465/5339 5464/5464/5338 5466/5466/5340
f 5466/5466/5340 5467/5467/5341 5465/5465/5339
f 5467/5467/5341 5466/5466/5340 5468/5468/5342
f 5467/5467/5341 5468/5468/5342 5469/5469/5343
f 5469/5469/5343 5470/5470/5344 5467/5467/5341
f 5470/5470/5344 5469/5469/5343 5471/5471/5345
f 5471/5471/5345 5472/5472/5346 5470/5470/5344
f 5469/5469/5343 5468/5468/5342 5473/5473/5347
f 5473/5473/5347 5474/5474/5348 5469/5469/5343
f 5471/5471/5345 5469/5469/5343 5474/5474/5348
f 5474/5474/5348 5475/5475/5349 5471/5471/5345
f 5471/5471/5345 5476/5476/5350 5472/5472/5346
f 5472/5472/5346 5476/5476/5350 5477/5477/5351
f 5477/5477/5351 5478/5478/5352 5472/5472/5346
f 5478/5478/5352 5477/5477/5351 5479/5479/5353
f 5479/5479/5353 5480/5480/5354 5478/5478/5352
f 5480/5480/5354 5479/5479/5353 5481/5481/5355
f 5481/5481/5355 5482/5482/5356 5480/5480/5354
f 5483/5483/5357 5485/5484/5358 5484/5485/5359
f 5484/5485/5359 5486/5486/5360 5483/5483/5357
f 5487/5487/5361 5484/5485/5359 5485/5484/5358
f 5485/5484/5358 5488/5488/5362 5487/5487/5361
f 5489/5489/5363 5487/5487/5361 5488/5488/5362
f 5488/5488/5362 5490/5490/5364 5489/5489/5363
f 5491/5491/5365 5489/5489/5363 5490/5490/5364
f 5490/5490/5364 5492/5492/5366 5491/5491/5365
f 5492/5492/5366 5493/5493/5367 5491/5491/5365
f 5492/5492/5366 5494/5494/5368 5493/5493/5367
f 5491/5491/5365 5493/5493/5367 5495/5495/5369
f 5495/5495/5369 5496/5496/5370 5491/5491/5365
f 5497/5497/5371 5495/5495/5369 5493/5493/5367
f 5493/5493/5367 5494/5494/5368 5497/5497/5371
f 5498/5498/5372 5494/5494/5368 5492/5492/5366
f 5492/5492/5366 5499/5499/5373 5498/5498/5372
f 5500/5500/5374 5498/5498/5372 5499/5499/5373
f 5499/5499/5373 5501/5501/5375 5500/5500/5374
f 5502/5502/5376 5500/5500/5374 5501/5501/5375
f 5501/5501/5375 5503/5503/5377 5502/5502/5376
f 5504/5504/5378 5502/5502/5376 5503/5503/5377
f 5503/5503/5377 5505/5505/5379 5504/5504/5378
f 5506/5506/5380 5508/5507/5381 5507/5508/5382
f 5507/5508/5382 5509/5509/5383 5506/5506/5380
f 5510/5510/5384 5507/5508/5382 5508/5507/5381
f 5508/5507/5381 5511/5511/5385 5510/5510/5384
f 5512/5512/5386 5513/5513/5387 5506/5506/5388
f 5513/5513/5387 5512/5512/5386 5514/5514/5389
f 5515/5515/5390 5513/5513/5387 5514/5514/5389
f 5514/5514/5389 5516/5516/5391 5515/5515/5390
f 5517/5517/5392 5515/5515/5390 5516/5516/5391
f 5516/5516/5391 5518/5518/5393 5517/5517/5392
f 5519/5519/5394 5517/5517/5392 5518/5518/5393
f 5518/5518/5393 5520/5520/5395 5519/5519/5394
f 5506/5506/5388 5521/5521/5396 5512/5512/5386
f 5519/5519/5394 5522/5522/5397 5517/5517/5392
f 5523/5523/5398 5525/5524/5399 5524/5525/5400
f 5524/5525/5400 5526/5526/5401 5523/5523/5398
f 5527/5527/5402 5523/5523/5398 5526/5526/5401
f 5526/5526/5401 5528/5528/5403 5527/5527/5402
f 5529/5529/5404 5531/5530/5405 5530/5531/5406
f 5530/5531/5406 5532/5532/5407 5529/5529/5404
f 5533/5533/5408 5530/5531/5406 5531/5530/5405
f 5531/5530/5405 5534/5534/5409 5533/5533/5408
f 5535/5535/5410 5533/5533/5408 5534/5534/5409
f 5534/5534/5409 5536/5536/5411 5535/5535/5410
f 5537/5537/5412 5535/5535/5410 5536/5536/5411
f 5536/5536/5411 5538/5538/5413 5537/5537/5412
f 5539/5539/5414 5537/5537/5412 5538/5538/5413
f 5538/5538/5413 5540/5540/5415 5539/5539/5414
f 5541/5541/5416 5539/5539/5414 5540/5540/5415
f 5540/5540/5415 5542/5542/5417 5541/5541/5416
f 5543/5543/5418 5541/5541/5416 5542/5542/5417
f 5542/5542/5417 5544/5544/5419 5543/5543/5418
f 5545/5545/5420 5543/5543/5418 5544/5544/5419
f 5544/5544/5419 5546/5546/5421 5545/5545/5420
f 5547/5547/5422 5549/5548/5423 5548/5549/5424
f 5548/5549/5424 5550/5550/5425 5547/5547/5422
f 5551/5551/5426 5547/5547/5422 5550/5550/5425
f 5550/5550/5425 5552/5552/5427 5551/5551/5426
f 5553/5553/5428 5548/5549/5424 5549/5548/5423
f 5549/5548/5423 5554/5554/5429 5553/5553/5428
f 5555/5555/5430 5553/5553/5428 5554/5554/5429
f 5554/5554/5429 5556/5556/5431 5555/5555/5430
f 5557/5557/5432 5551/5551/5426 5552/5552/5427
f 5552/5552/5427 5558/5558/5433 5557/5557/5432
f 5559/5559/5434 5557/5557/5432 5558/5558/5433
f 5558/5558/5433 5560/5560/5435 5559/5559/5434
f 5561/5561/5436 5559/5559/5434 5560/5560/5435
f 5560/5560/5435 5562/5562/5437 5561/5561/5436
f 5563/5563/5438 5561/5561/5436 5562/5562/5437
f 5562/5562/5437 5564/5564/5439 5563/5563/5438
f 5565/5565/5440 5567/5566/5441 5566/5567/5442
f 5566/5567/5442 5568/5568/5443 5565/5565/5440
f 5569/5569/5444 5571/5570/5445 5570/5571/5446
f 5570/5571/5446 5572/5572/5447 5569/5569/5444
f 5573/5573/5448 5575/5574/5448 5574/5575/5448
f 5574/5575/5448 5576/5576/5448 5573/5573/5448
f 5577/5577/5449 5579/5578/5449 5578/5579/5449
f 5578/5579/5449 5580/5580/5449 5577/5577/5449
f 5581/5581/5450 5583/5582/5451 5582/5583/5452
f 5582/5583/5452 5584/5584/5452 5581/5581/5450
f 5585/5585/5453 5583/5582/5451 5581/5581/5450
f 5581/5581/5450 5586/5586/5454 5585/5585/5453
f 5587/5587/5455 5585/5585/5453 5586/5586/5454
f 5586/5586/5454 5588/5588/5455 5587/5587/5455
f 5585/5585/5453 5589/5589/5456 5583/5582/5451
f 5581/5581/5450 5590/5590/5457 5586/5586/5454
f 5591/5591/5452 5590/5590/5457 5581/5581/5450
f 5581/5581/5450 5584/5584/5452 5591/5591/5452
f 5586/5586/5454 5592/5592/5455 5588/5588/5455
f 5585/5585/5453 5593/5593/5458 5589/5589/5456
f 5590/5590/5457 5594/5594/5459 5586/5586/5454
f 5586/5586/5454 5594/5594/5459 5592/5592/5455
f 5594/5594/5459 5590/5590/5457 5595/5595/5460
f 5596/5596/5461 5594/5594/5459 5595/5595/5460
f 5596/5596/5461 5595/5595/5460 5597/5597/5462
f 5597/5597/5462 5598/5598/5463 5596/5596/5461
f 5599/5599/5464 5601/5600/5465 5600/5601/5466
f 5600/5601/5466 5602/5602/5467 5599/5599/5464
f 5603/5603/5452 5605/5604/5468 5604/5605/5469
f 5604/5605/5469 5606/5606/5452 5603/5603/5452
f 5604/5605/5469 5605/5604/5468 5607/5607/5470
f 5607/5607/5470 5608/5608/5471 5604/5605/5469
f 5608/5608/5471 5607/5607/5470 5609/5609/5455
f 5609/5609/5455 5610/5610/5455 5608/5608/5471
f 5611/5611/5472 5607/5607/5470 5605/5604/5468
f 5612/5612/5473 5604/5605/5469 5608/5608/5471
f 5612/5612/5473 5613/5613/5452 5604/5605/5469
f 5606/5606/5452 5604/5605/5469 5613/5613/5452
f 5614/5614/5455 5608/5608/5471 5610/5610/5455
f 5615/5615/5474 5607/5607/5470 5611/5611/5472
f 5616/5616/5475 5612/5612/5473 5608/5608/5471
f 5616/5616/5475 5608/5608/5471 5614/5614/5455
f 5612/5612/5473 5616/5616/5475 5617/5617/5476
f 5616/5616/5475 5618/5618/5477 5617/5617/5476
f 5619/5619/5478 5617/5617/5476 5618/5618/5477
f 5618/5618/5477 5620/5620/5479 5619/5619/5478
f 5621/5621/5480 5623/5622/5481 5622/5623/5482
f 5622/5623/5482 5624/5624/5483 5621/5621/5480
v 0.163959 0.254569 0.006440
v 0.158033 0.238265 0.008344
v 0.162336 0.254579 0.006438
v 0.159226 0.236750 0.008494
v 0.153304 0.238261 0.008347
v 0.153295 0.236750 0.008494
v 0.159226 0.236750 0.008494
v 0.153295 0.235591 0.000578
v 0.153295 0.236750 0.008494
v 0.159226 0.235591 0.000578
v 0.163959 0.254569 0.006440
v 0.159226 0.235591 0.000578
v 0.159226 0.236750 0.008494
v 0.163959 0.253546 -0.001176
v 0.162336 0.254579 0.006438
v 0.163959 0.253546 -0.001176
v 0.163959 0.254569 0.006440
v 0.162336 0.253556 -0.001178
v 0.158033 0.238265 0.008344
v 0.162336 0.253556 -0.001178
v 0.162336 0.254579 0.006438
v 0.158033 0.237108 0.000432
v 0.153295 0.236750 0.008494
v 0.153304 0.237102 0.000431
v 0.153304 0.238261 0.008347
v 0.153295 0.235591 0.000578
v 0.153304 0.238261 0.008347
v 0.158033 0.237108 0.000432
v 0.158033 0.238265 0.008344
v 0.153304 0.237102 0.000431
v 0.140512 0.250559 0.005711
v 0.211414 0.241167 0.006634
v 0.147149 0.241167 0.006634
v 0.211376 0.250559 0.005711
v 0.140512 0.250559 0.005711
v 0.211376 0.249588 0.000663
v 0.211376 0.250559 0.005711
v 0.140512 0.249588 0.000663
v 0.211414 0.241167 0.006634
v 0.147149 0.240193 0.001582
v 0.147149 0.241167 0.006634
v 0.211414 0.240193 0.001582
v 0.147149 0.241167 0.006634
v 0.140512 0.249588 0.000663
v 0.140512 0.250559 0.005711
v 0.147149 0.240193 0.001582
v 0.215731 0.247405 0.005073
v 0.215768 0.241727 0.002377
v 0.215768 0.242346 0.005567
v 0.215731 0.246791 0.001880
v 0.211376 0.250559 0.005711
v 0.211409 0.242227 0.005578
v 0.211414 0.241167 0.006634
v 0.211381 0.249971 0.004820
v 0.211409 0.241612 0.002385
v 0.211414 0.240193 0.001582
v 0.211381 0.249356 0.001627
v 0.211376 0.249588 0.000663
v 0.211381 0.249971 0.004820
v 0.215768 0.242346 0.005567
v 0.211409 0.242227 0.005578
v 0.215731 0.247405 0.005073
v 0.211409 0.242227 0.005578
v 0.215768 0.241727 0.002377
v 0.211409 0.241612 0.002385
v 0.215768 0.242346 0.005567
v 0.211381 0.249356 0.001627
v 0.215731 0.247405 0.005073
v 0.211381 0.249971 0.004820
v 0.215731 0.246791 0.001880
v 0.140512 0.249588 0.000663
v 0.211414 0.240193 0.001582
v 0.211376 0.249588 0.000663
v 0.147149 0.240193 0.001582
v 0.163959 0.253546 -0.001176
v 0.158033 0.237108 0.000432
v 0.159226 0.235591 0.000578
v 0.162336 0.253556 -0.001178
v 0.153304 0.237102 0.000431
v 0.153295 0.235591 0.000578
v 0.211381 0.249356 0.001627
v 0.215768 0.241727 0.002377
v 0.215731 0.246791 0.001880
v 0.211409 0.241612 0.002385
vt 0.745424 0.794365
vt 0.747055 0.787842
vt 0.822071 0.786211
vt 0.826963 0.792734
vt 0.826963 0.765826
vt 0.833486 0.767457
vt 0.826963 0.792734
vt 0.833486 0.767457
vt 0.876702 0.778057
vt 0.870179 0.804150
vt 0.745424 0.794365
vt 0.826963 0.792734
vt 0.827779 0.837581
vt 0.746240 0.839212
vt 0.738086 0.794365
vt 0.745424 0.794365
vt 0.746240 0.839212
vt 0.738901 0.839212
vt 0.941118 0.041759
vt 0.941118 0.115959
vt 0.985149 0.115959
vt 0.985149 0.041759
vt 0.833486 0.767457
vt 0.826963 0.765826
vt 0.837564 0.722611
vt 0.844087 0.724241
vt 0.941118 0.020558
vt 0.941118 0.041759
vt 0.985149 0.041759
vt 0.985149 0.020558
vt 0.916656 0.809857
vt 0.956611 0.781319
vt 0.956611 0.501639
vt 0.916656 0.501639
vt 0.916656 0.809857
vt 0.916656 0.501639
vt 0.888118 0.501639
vt 0.888118 0.809857
vt 0.956611 0.501639
vt 0.956611 0.781319
vt 0.985149 0.781319
vt 0.985149 0.501639
vt 0.956611 0.781319
vt 0.916656 0.809857
vt 0.932964 0.832689
vt 0.972919 0.804150
vt 0.966395 0.449454
vt 0.962318 0.418469
vt 0.937041 0.421731
vt 0.940303 0.452716
vt 0.869364 0.710380
vt 0.869364 0.655748
vt 0.862025 0.663087
vt 0.862025 0.707933
vt 0.837564 0.663087
vt 0.830225 0.655748
vt 0.837564 0.707933
vt 0.830225 0.710380
vt 0.994934 0.461685
vt 0.989226 0.414393
vt 0.962318 0.418469
vt 0.966395 0.449454
vt 0.989226 0.414393
vt 0.985965 0.389115
vt 0.959057 0.393192
vt 0.962318 0.418469
vt 0.984334 0.485332
vt 0.994934 0.461685
vt 0.966395 0.449454
vt 0.955795 0.473101
vt 0.916656 0.809857
vt 0.916656 0.501639
vt 0.956611 0.501639
vt 0.956611 0.781319
vt 0.745424 0.794365
vt 0.826963 0.792734
vt 0.822071 0.786211
vt 0.747055 0.787842
vt 0.826963 0.765826
vt 0.833486 0.767457
vt 0.994934 0.461685
vt 0.966395 0.449454
vt 0.962318 0.418469
vt 0.989226 0.414393
vn 0.0008 0.1157 0.9933
vn -0.0003 0.1161 0.9932
vn 0.0077 0.1047 0.9945
vn 0.0080 0.1044 0.9945
vn 0.0001 0.0971 0.9953
vn 0.0000 0.0967 0.9953
vn 0.0000 -0.9894 0.1449
vn 0.9671 -0.2519 0.0346
vn 0.9669 -0.2526 0.0370
vn 0.9670 -0.2524 0.0362
vn 0.9672 -0.2517 0.0338
vn 0.0064 0.9911 -0.1331
vn 0.0065 0.9911 -0.1331
vn -0.9676 0.2500 -0.0357
vn -0.9673 0.2512 -0.0337
vn -0.9674 0.2508 -0.0345
vn -0.9677 0.2496 -0.0365
vn -1.0000 0.0061 -0.0009
vn -0.0010 0.9895 -0.1447
vn -0.0009 0.9895 -0.1446
vn -0.0012 0.9895 -0.1448
vn -0.0013 0.9895 -0.1449
vn 0.0000 0.0978 0.9952
vn 0.0000 0.9820 -0.1889
vn 0.0000 -0.9819 0.1893
vn -0.8168 -0.5664 0.1091
vn -0.8168 -0.5665 0.1090
vn -0.8169 -0.5664 0.1092
vn 1.0000 0.0073 -0.0014
vn 1.0000 0.0058 0.0012
vn 1.0000 0.0038 -0.0006
vn 1.0000 0.0038 -0.0005
vn 1.0000 0.0081 -0.0001
vn 1.0000 0.0036 -0.0006
vn 1.0000 0.0037 -0.0009
vn 1.0000 0.0081 -0.0028
vn 1.0000 0.0055 -0.0035
vn -0.0003 0.0972 0.9953
vn -0.0001 0.0974 0.9952
vn -0.0003 0.0973 0.9953
vn -0.0006 0.0971 0.9953
vn 0.0267 -0.9815 0.1895
vn 0.0263 -0.9816 0.1890
vn 0.0269 -0.9815 0.1898
vn 0.0273 -0.9814 0.1903
vn 0.5083 0.8457 -0.1628
vn 0.0000 -0.0974 -0.9952
vn 0.0003 -0.0975 -0.9952
vn -0.0006 -0.0964 -0.9953
vn -0.0005 -0.0962 -0.9954
vn 0.0004 -0.0975 -0.9952
vn 0.0001 -0.0967 -0.9953
vn 0.0000 -0.0969 -0.9953
vn 0.0005 -0.0975 -0.9952
vn 0.0003 -0.0976 -0.9952
vn 0.0007 -0.0974 -0.9952
usemtl 02_-_Default
s 1
f 5625/5625/5484 5627/5626/5485 5626/5627/5486
f 5626/5627/5486 5628/5628/5487 5625/5625/5484
f 5628/5628/5487 5626/5627/5486 5629/5629/5488
f 5629/5629/5488 5630/5630/5489 5628/5628/5487
f 5631/5631/5490 5633/5632/5490 5632/5633/5490
f 5632/5633/5490 5634/5634/5490 5631/5631/5490
f 5635/5635/5491 5637/5636/5492 5636/5637/5493
f 5636/5637/5493 5638/5638/5494 5635/5635/5491
f 5639/5639/5495 5641/5640/5495 5640/5641/5496
f 5640/5641/5496 5642/5642/5496 5639/5639/5495
f 5643/5643/5497 5645/5644/5498 5644/5645/5499
f 5644/5645/5499 5646/5646/5500 5643/5643/5497
f 5647/5647/5501 5649/5648/5501 5648/5649/5501
f 5648/5649/5501 5650/5650/5501 5647/5647/5501
f 5651/5651/5502 5653/5652/5503 5652/5653/5504
f 5652/5653/5504 5654/5654/5505 5651/5651/5502
f 5655/5655/5506 5657/5656/5506 5656/5657/5506
f 5656/5657/5506 5658/5658/5506 5655/5655/5506
f 5659/5659/5507 5661/5660/5507 5660/5661/5507
f 5660/5661/5507 5662/5662/5507 5659/5659/5507
f 5663/5663/5508 5665/5664/5508 5664/5665/5508
f 5664/5665/5508 5666/5666/5508 5663/5663/5508
f 5667/5667/5509 5669/5668/5510 5668/5669/5510
f 5668/5669/5510 5670/5670/5511 5667/5667/5509
f 5671/5671/5512 5673/5672/5512 5672/5673/5512
f 5672/5673/5512 5674/5674/5512 5671/5671/5512
f 5675/5675/5513 5677/5676/5514 5676/5677/5515
f 5676/5677/5515 5678/5678/5516 5675/5675/5513
f 5679/5679/5517 5676/5677/5515 5677/5676/5514
f 5677/5676/5514 5680/5680/5518 5679/5679/5517
f 5681/5681/5519 5679/5679/5517 5680/5680/5518
f 5680/5680/5518 5682/5682/5520 5681/5681/5519
f 5682/5682/5520 5675/5675/5513 5678/5678/5516
f 5678/5678/5516 5681/5681/5519 5682/5682/5520
f 5683/5683/5521 5685/5684/5522 5684/5685/5523
f 5684/5685/5523 5686/5686/5524 5683/5683/5521
f 5687/5687/5525 5689/5688/5526 5688/5689/5527
f 5688/5689/5527 5690/5690/5528 5687/5687/5525
f 5691/5691/5529 5693/5692/5529 5692/5693/5529
f 5692/5693/5529 5694/5694/5529 5691/5691/5529
f 5695/5695/5530 5697/5696/5530 5696/5697/5530
f 5696/5697/5530 5698/5698/5530 5695/5695/5530
f 5699/5699/5531 5701/5700/5532 5700/5701/5533
f 5700/5701/5533 5702/5702/5534 5699/5699/5531
f 5703/5703/5535 5700/5701/5533 5701/5700/5532
f 5701/5700/5532 5704/5704/5536 5703/5703/5535
f 5705/5705/5537 5707/5706/5538 5706/5707/5537
f 5706/5707/5537 5708/5708/5539 5705/5705/5537
v -0.148218 0.405052 0.002837
v -0.144736 0.405464 -0.000203
v -0.148218 0.405464 -0.000203
v -0.144736 0.405052 0.002837
v -0.144736 0.408227 -0.000143
v -0.148218 0.408227 -0.000143
v -0.148218 0.409134 0.001842
v -0.144736 0.409134 0.001842
v -0.148218 0.407732 0.003514
v -0.144736 0.407732 0.003514
v -0.144736 0.405052 0.002837
v -0.148218 0.405052 0.002837
v -0.148218 0.405464 -0.000203
v -0.147168 0.406932 0.001544
v -0.148218 0.405052 0.002837
v -0.148218 0.407732 0.003514
v -0.148218 0.409134 0.001842
v -0.148218 0.408227 -0.000143
v -0.146914 0.399871 -0.002548
v -0.138141 0.398789 -0.002694
v -0.146914 0.410620 -0.001092
v -0.110080 0.396483 -0.003007
v -0.110062 0.394774 -0.003238
v -0.138141 0.394774 -0.003238
v -0.089366 0.402839 -0.002146
v -0.101894 0.396483 -0.003007
v -0.102076 0.382850 -0.004854
v -0.089184 0.382850 -0.004854
v -0.090113 0.381918 -0.004980
v -0.101147 0.381918 -0.004980
v -0.085152 0.410620 -0.001092
v -0.085159 0.402820 -0.002148
v -0.146914 0.399049 0.003524
v -0.146914 0.409798 0.004980
v -0.138141 0.397966 0.003377
v -0.110080 0.395661 0.003065
v -0.110062 0.393952 0.002833
v -0.138141 0.393952 0.002833
v -0.089366 0.402016 0.003926
v -0.085152 0.409798 0.004980
v -0.085159 0.401997 0.003923
v -0.101894 0.395661 0.003065
v -0.089184 0.382028 0.001218
v -0.102076 0.382028 0.001218
v -0.101147 0.381095 0.001092
v -0.090113 0.381095 0.001092
v -0.146914 0.399049 0.003524
v -0.138141 0.398789 -0.002694
v -0.146914 0.399871 -0.002548
v -0.138141 0.397966 0.003377
v -0.085152 0.409798 0.004980
v -0.085159 0.402820 -0.002148
v -0.085159 0.401997 0.003923
v -0.085152 0.410620 -0.001092
v -0.146914 0.399049 0.003524
v -0.146914 0.410620 -0.001092
v -0.146914 0.409798 0.004980
v -0.146914 0.399871 -0.002548
v -0.138141 0.393952 0.002833
v -0.110062 0.394774 -0.003238
v -0.138141 0.394774 -0.003238
v -0.110062 0.393952 0.002833
v -0.085152 0.409798 0.004980
v -0.146914 0.410620 -0.001092
v -0.085152 0.410620 -0.001092
v -0.146914 0.409798 0.004980
v -0.110080 0.395661 0.003065
v -0.101894 0.396483 -0.003007
v -0.110080 0.396483 -0.003007
v -0.101894 0.395661 0.003065
v -0.138141 0.394774 -0.003238
v -0.138141 0.397966 0.003377
v -0.138141 0.393952 0.002833
v -0.138141 0.398789 -0.002694
v -0.110080 0.395661 0.003065
v -0.110062 0.394774 -0.003238
v -0.110062 0.393952 0.002833
v -0.110080 0.396483 -0.003007
v -0.101147 0.381095 0.001092
v -0.090113 0.381918 -0.004980
v -0.101147 0.381918 -0.004980
v -0.090113 0.381095 0.001092
v -0.089184 0.382028 0.001218
v -0.089366 0.402839 -0.002146
v -0.089184 0.382850 -0.004854
v -0.089366 0.402016 0.003926
v -0.102076 0.382850 -0.004854
v -0.101894 0.395661 0.003065
v -0.102076 0.382028 0.001218
v -0.101894 0.396483 -0.003007
v -0.089184 0.382028 0.001218
v -0.090113 0.381918 -0.004980
v -0.090113 0.381095 0.001092
v -0.089184 0.382850 -0.004854
v -0.102076 0.382850 -0.004854
v -0.101147 0.381095 0.001092
v -0.101147 0.381918 -0.004980
v -0.102076 0.382028 0.001218
v -0.089366 0.402839 -0.002146
v -0.085159 0.401997 0.003923
v -0.085159 0.402820 -0.002148
v -0.089366 0.402016 0.003926
vt 0.113491 0.773565
vt 0.138590 0.772729
vt 0.137753 0.745120
vt 0.112654 0.745120
vt 0.160342 0.744283
vt 0.161178 0.772729
vt 0.178747 0.771892
vt 0.177911 0.744283
vt 0.196316 0.771892
vt 0.195480 0.743447
vt 0.218069 0.743447
vt 0.218905 0.771892
vt 0.237311 0.761852
vt 0.260736 0.772729
vt 0.254880 0.754323
vt 0.273286 0.752650
vt 0.263246 0.736754
vt 0.244004 0.739264
vt 0.027319 0.663131
vt 0.027319 0.596201
vt 0.081699 0.669824
vt 0.256553 0.684883
vt 0.256553 0.695759
vt 0.081699 0.695759
vt 0.384556 0.644725
vt 0.306751 0.684883
vt 0.305914 0.770219
vt 0.386230 0.770219
vt 0.380373 0.776075
vt 0.311770 0.776075
vt 0.410492 0.596201
vt 0.410492 0.645562
vt 0.027319 0.663131
vt 0.081699 0.669824
vt 0.027319 0.596201
vt 0.256553 0.684883
vt 0.256553 0.695759
vt 0.081699 0.695759
vt 0.384556 0.644725
vt 0.410492 0.596201
vt 0.410492 0.645562
vt 0.306751 0.684883
vt 0.386230 0.770219
vt 0.305914 0.770219
vt 0.311770 0.776075
vt 0.380373 0.776075
vt 0.342725 0.889856
vt 0.342725 0.843005
vt 0.274959 0.843005
vt 0.274959 0.889856
vt 0.012260 0.771892
vt 0.057437 0.771892
vt 0.057437 0.736754
vt 0.012260 0.736754
vt 0.342725 0.889856
vt 0.425551 0.889856
vt 0.425551 0.843005
vt 0.342725 0.843005
vt 0.244004 0.889856
vt 0.244004 0.843005
vt 0.028992 0.843005
vt 0.028992 0.889856
vt 0.410492 0.596201
vt 0.410492 0.556044
vt 0.027319 0.556044
vt 0.027319 0.596201
vt 0.465709 0.852208
vt 0.465709 0.896549
vt 0.525109 0.896549
vt 0.525109 0.852208
vt 0.244004 0.843005
vt 0.244004 0.889856
vt 0.274959 0.889856
vt 0.274959 0.843005
vt 0.015606 0.889856
vt 0.028992 0.889856
vt 0.028992 0.843005
vt 0.015606 0.843005
vt 0.633870 0.852208
vt 0.633870 0.896549
vt 0.713349 0.896549
vt 0.713349 0.852208
vt 0.722552 0.852208
vt 0.722552 0.896549
vt 0.868124 0.896549
vt 0.868124 0.852208
vt 0.623830 0.896549
vt 0.623830 0.852208
vt 0.525109 0.852208
vt 0.525109 0.896549
vt 0.722552 0.852208
vt 0.713349 0.852208
vt 0.713349 0.896549
vt 0.722552 0.896549
vt 0.623830 0.896549
vt 0.633870 0.896549
vt 0.633870 0.852208
vt 0.623830 0.852208
vt 0.081699 0.736754
vt 0.057437 0.736754
vt 0.057437 0.771892
vt 0.081699 0.771892
vn 0.0000 -0.9909 -0.1342
vn 0.0000 -0.6496 -0.7602
vn 0.0000 -0.6496 -0.7603
vn 0.0000 -0.9909 -0.1343
vn 0.0000 0.5497 -0.8354
vn 0.0000 0.9910 0.1341
vn 0.0000 0.3076 0.9515
vn 0.0000 -0.2452 0.9695
vn -0.9083 0.2711 0.3185
vn -0.9083 0.3461 -0.2349
vn -0.9999 0.0127 0.0018
vn -0.8962 -0.1429 -0.4199
vn -0.9040 -0.4237 -0.0574
vn -0.8962 -0.2496 0.3669
vn -0.0000 0.1342 -0.9909
vn 0.0000 -0.1342 0.9909
vn -0.1235 -0.9834 -0.1332
vn 1.0000 -0.0008 -0.0001
vn -1.0000 -0.0000 0.0000
vn 0.0000 0.9909 0.1342
vn 0.9999 0.0105 0.0014
vn 1.0000 0.0089 0.0012
vn -0.9999 0.0131 0.0018
vn 0.7118 -0.6960 -0.0943
vn -0.7118 -0.6960 -0.0943
vn -0.0046 -0.9909 -0.1342
usemtl 02_-_Default
s 1
f 5709/5709/5540 5711/5710/5541 5710/5711/5542
f 5710/5711/5542 5712/5712/5543 5709/5709/5540
f 5713/5713/5544 5710/5711/5542 5711/5710/5541
f 5711/5710/5541 5714/5714/5544 5713/5713/5544
f 5713/5713/5544 5714/5714/5544 5715/5715/5545
f 5715/5715/5545 5716/5716/5545 5713/5713/5544
f 5716/5716/5545 5715/5715/5545 5717/5717/5546
f 5717/5717/5546 5718/5718/5546 5716/5716/5545
f 5719/5719/5547 5718/5718/5546 5717/5717/5546
f 5717/5717/5546 5720/5720/5547 5719/5719/5547
f 5721/5721/5548 5723/5722/5549 5722/5723/5550
f 5723/5722/5549 5724/5724/5551 5722/5723/5550
f 5724/5724/5551 5725/5725/5552 5722/5723/5550
f 5725/5725/5552 5726/5726/5553 5722/5723/5550
f 5726/5726/5553 5721/5721/5548 5722/5723/5550
f 5727/5727/5554 5729/5728/5554 5728/5729/5554
f 5728/5729/5554 5729/5728/5554 5730/5730/5554
f 5728/5729/5554 5730/5730/5554 5731/5731/5554
f 5731/5731/5554 5732/5732/5554 5728/5729/5554
f 5730/5730/5554 5729/5728/5554 5733/5733/5554
f 5733/5733/5554 5734/5734/5554 5730/5730/5554
f 5735/5735/5554 5734/5734/5554 5733/5733/5554
f 5733/5733/5554 5736/5736/5554 5735/5735/5554
f 5735/5735/5554 5736/5736/5554 5737/5737/5554
f 5737/5737/5554 5738/5738/5554 5735/5735/5554
f 5729/5728/5554 5739/5739/5554 5733/5733/5554
f 5739/5739/5554 5740/5740/5554 5733/5733/5554
f 5741/5741/5555 5743/5742/5555 5742/5743/5555
f 5742/5743/5555 5743/5742/5555 5744/5744/5555
f 5745/5745/5555 5744/5744/5555 5743/5742/5555
f 5743/5742/5555 5746/5746/5555 5745/5745/5555
f 5747/5747/5555 5742/5743/5555 5744/5744/5555
f 5748/5748/5555 5742/5743/5555 5747/5747/5555
f 5747/5747/5555 5749/5749/5555 5748/5748/5555
f 5744/5744/5555 5750/5750/5555 5747/5747/5555
f 5751/5751/5555 5747/5747/5555 5750/5750/5555
f 5750/5750/5555 5752/5752/5555 5751/5751/5555
f 5751/5751/5555 5752/5752/5555 5753/5753/5555
f 5753/5753/5555 5754/5754/5555 5751/5751/5555
f 5755/5755/5556 5757/5756/5556 5756/5757/5556
f 5756/5757/5556 5758/5758/5556 5755/5755/5556
f 5759/5759/5557 5761/5760/5557 5760/5761/5557
f 5760/5761/5557 5762/5762/5557 5759/5759/5557
f 5763/5763/5558 5765/5764/5558 5764/5765/5558
f 5764/5765/5558 5766/5766/5558 5763/5763/5558
f 5767/5767/5540 5769/5768/5540 5768/5769/5540
f 5768/5769/5540 5770/5770/5543 5767/5767/5540
f 5771/5771/5559 5773/5772/5559 5772/5773/5559
f 5772/5773/5559 5774/5774/5559 5771/5771/5559
f 5775/5775/5540 5777/5776/5540 5776/5777/5540
f 5776/5777/5540 5778/5778/5540 5775/5775/5540
f 5779/5779/5558 5781/5780/5558 5780/5781/5558
f 5780/5781/5558 5782/5782/5558 5779/5779/5558
f 5783/5783/5560 5785/5784/5560 5784/5785/5560
f 5784/5785/5560 5786/5786/5560 5783/5783/5560
f 5787/5787/5540 5789/5788/5540 5788/5789/5540
f 5788/5789/5540 5790/5790/5540 5787/5787/5540
f 5791/5791/5561 5793/5792/5561 5792/5793/5561
f 5792/5793/5561 5794/5794/5561 5791/5791/5561
f 5795/5795/5562 5797/5796/5562 5796/5797/5562
f 5796/5797/5562 5798/5798/5562 5795/5795/5562
f 5799/5799/5563 5801/5800/5563 5800/5801/5563
f 5800/5801/5563 5802/5802/5563 5799/5799/5563
f 5803/5803/5564 5805/5804/5564 5804/5805/5564
f 5804/5805/5564 5806/5806/5564 5803/5803/5564
f 5807/5807/5565 5809/5808/5565 5808/5809/5565
f 5808/5809/5565 5810/5810/5565 5807/5807/5565
v -0.084913 0.358826 0.001548
v -0.146675 0.358192 -0.004546
v -0.084913 0.358192 -0.004546
v -0.146675 0.358826 0.001548
v -0.147979 0.353708 0.000586
v -0.144497 0.353391 -0.002466
v -0.147979 0.353391 -0.002466
v -0.144497 0.353708 0.000586
v -0.144497 0.356090 -0.003059
v -0.147979 0.356090 -0.003059
v -0.147979 0.357441 -0.001345
v -0.144497 0.357441 -0.001345
v -0.147979 0.356472 0.000611
v -0.144497 0.356472 0.000611
v -0.144497 0.353708 0.000586
v -0.147979 0.353708 0.000586
v -0.147979 0.353391 -0.002466
v -0.146929 0.355230 -0.001115
v -0.147979 0.353708 0.000586
v -0.147979 0.356472 0.000611
v -0.147979 0.357441 -0.001345
v -0.147979 0.356090 -0.003059
v -0.146675 0.347403 -0.003423
v -0.137902 0.346316 -0.003310
v -0.146675 0.358192 -0.004546
v -0.109841 0.344002 -0.003069
v -0.109823 0.342287 -0.002891
v -0.137902 0.342287 -0.002891
v -0.089127 0.350382 -0.003733
v -0.101655 0.344002 -0.003069
v -0.101837 0.330319 -0.001645
v -0.088945 0.330319 -0.001645
v -0.089874 0.329382 -0.001548
v -0.100908 0.329382 -0.001548
v -0.084913 0.358192 -0.004546
v -0.084920 0.350363 -0.003732
v -0.146675 0.348037 0.002671
v -0.146675 0.358826 0.001548
v -0.137902 0.346951 0.002784
v -0.109841 0.344636 0.003025
v -0.109823 0.342921 0.003203
v -0.137902 0.342921 0.003203
v -0.089127 0.351016 0.002361
v -0.084913 0.358826 0.001548
v -0.084920 0.350998 0.002363
v -0.101655 0.344636 0.003025
v -0.088945 0.330953 0.004449
v -0.101837 0.330953 0.004449
v -0.100908 0.330017 0.004546
v -0.089874 0.330017 0.004546
v -0.146675 0.348037 0.002671
v -0.137902 0.346316 -0.003310
v -0.146675 0.347403 -0.003423
v -0.137902 0.346951 0.002784
v -0.084913 0.358826 0.001548
v -0.084920 0.350363 -0.003732
v -0.084920 0.350998 0.002363
v -0.084913 0.358192 -0.004546
v -0.146675 0.348037 0.002671
v -0.146675 0.358192 -0.004546
v -0.146675 0.358826 0.001548
v -0.146675 0.347403 -0.003423
v -0.137902 0.342921 0.003203
v -0.109823 0.342287 -0.002891
v -0.137902 0.342287 -0.002891
v -0.109823 0.342921 0.003203
v -0.109841 0.344636 0.003025
v -0.101655 0.344002 -0.003069
v -0.109841 0.344002 -0.003069
v -0.101655 0.344636 0.003025
v -0.137902 0.342287 -0.002891
v -0.137902 0.346951 0.002784
v -0.137902 0.342921 0.003203
v -0.137902 0.346316 -0.003310
v -0.109841 0.344636 0.003025
v -0.109823 0.342287 -0.002891
v -0.109823 0.342921 0.003203
v -0.109841 0.344002 -0.003069
v -0.100908 0.330017 0.004546
v -0.089874 0.329382 -0.001548
v -0.100908 0.329382 -0.001548
v -0.089874 0.330017 0.004546
v -0.088945 0.330953 0.004449
v -0.089127 0.350382 -0.003733
v -0.088945 0.330319 -0.001645
v -0.089127 0.351016 0.002361
v -0.101837 0.330319 -0.001645
v -0.101655 0.344636 0.003025
v -0.101837 0.330953 0.004449
v -0.101655 0.344002 -0.003069
v -0.088945 0.330953 0.004449
v -0.089874 0.329382 -0.001548
v -0.089874 0.330017 0.004546
v -0.088945 0.330319 -0.001645
v -0.101837 0.330319 -0.001645
v -0.100908 0.330017 0.004546
v -0.100908 0.329382 -0.001548
v -0.101837 0.330953 0.004449
v -0.089127 0.350382 -0.003733
v -0.084920 0.350998 0.002363
v -0.084920 0.350363 -0.003732
v -0.089127 0.351016 0.002361
vt 0.836332 0.593692
vt 0.836332 0.553534
vt 0.453159 0.553534
vt 0.453159 0.593692
vt 0.109308 0.821253
vt 0.134407 0.821253
vt 0.133570 0.792808
vt 0.109308 0.792808
vt 0.156159 0.791971
vt 0.156995 0.820416
vt 0.174564 0.820416
vt 0.173728 0.791971
vt 0.192133 0.819579
vt 0.192133 0.791134
vt 0.214722 0.791134
vt 0.214722 0.819579
vt 0.238984 0.817069
vt 0.263246 0.828782
vt 0.257390 0.809540
vt 0.275795 0.808703
vt 0.265756 0.791971
vt 0.246514 0.794481
vt 0.453159 0.660621
vt 0.453159 0.593692
vt 0.507540 0.667314
vt 0.681557 0.681537
vt 0.681557 0.692413
vt 0.507540 0.692413
vt 0.810397 0.642215
vt 0.732591 0.682373
vt 0.730918 0.767709
vt 0.811234 0.767709
vt 0.805377 0.773565
vt 0.736774 0.773565
vt 0.836332 0.593692
vt 0.836332 0.642215
vt 0.453159 0.660621
vt 0.507540 0.667314
vt 0.453159 0.593692
vt 0.681557 0.681537
vt 0.681557 0.692413
vt 0.507540 0.692413
vt 0.810397 0.642215
vt 0.836332 0.593692
vt 0.836332 0.642215
vt 0.732591 0.682373
vt 0.811234 0.767709
vt 0.730918 0.767709
vt 0.736774 0.773565
vt 0.805377 0.773565
vt 0.342725 0.978537
vt 0.342725 0.931687
vt 0.274959 0.931687
vt 0.274959 0.978537
vt 0.012260 0.821253
vt 0.057437 0.821253
vt 0.057437 0.785278
vt 0.012260 0.785278
vt 0.342725 0.978537
vt 0.425551 0.978537
vt 0.425551 0.931687
vt 0.342725 0.931687
vt 0.244004 0.978537
vt 0.244004 0.931687
vt 0.028992 0.931687
vt 0.028992 0.978537
vt 0.465709 0.935033
vt 0.465709 0.979374
vt 0.525109 0.979374
vt 0.525109 0.935033
vt 0.244004 0.931687
vt 0.244004 0.978537
vt 0.274959 0.978537
vt 0.274959 0.931687
vt 0.015606 0.978537
vt 0.028992 0.978537
vt 0.028992 0.931687
vt 0.015606 0.931687
vt 0.633870 0.935033
vt 0.633870 0.979374
vt 0.713349 0.979374
vt 0.713349 0.935033
vt 0.722552 0.935033
vt 0.722552 0.979374
vt 0.868124 0.979374
vt 0.868124 0.935033
vt 0.623830 0.979374
vt 0.623830 0.935033
vt 0.525109 0.935033
vt 0.525109 0.979374
vt 0.722552 0.935033
vt 0.713349 0.935033
vt 0.713349 0.979374
vt 0.722552 0.979374
vt 0.623830 0.979374
vt 0.633870 0.979374
vt 0.633870 0.935033
vt 0.623830 0.935033
vt 0.081699 0.785278
vt 0.057437 0.785278
vt 0.057437 0.821253
vt 0.081699 0.821253
vn 0.0000 0.9946 -0.1035
vn 0.0000 -0.9946 0.1035
vn 0.0000 -0.8108 -0.5854
vn 0.0000 0.3369 -0.9415
vn 0.0000 0.9946 -0.1036
vn 0.0000 0.5235 0.8520
vn 0.0000 -0.0093 1.0000
vn -0.9083 0.3386 0.2455
vn -0.9083 0.2808 -0.3099
vn -0.9999 0.0128 -0.0013
vn -0.8962 -0.2380 -0.3743
vn -0.9040 -0.4252 0.0443
vn -0.8962 -0.1559 0.4154
vn 0.0000 -0.1035 -0.9946
vn 0.0000 0.1035 0.9946
vn -0.1235 -0.9870 0.1027
vn 1.0000 -0.0008 0.0001
vn -1.0000 -0.0000 0.0000
vn 0.9999 0.0106 -0.0011
vn 0.9999 0.0105 -0.0011
vn 1.0000 0.0090 -0.0009
vn -0.9999 0.0131 -0.0014
vn 0.7118 -0.6986 0.0727
vn -0.7118 -0.6986 0.0727
vn -0.0043 -0.9946 0.1035
usemtl 02_-_Default
s 1
f 5811/5811/5566 5813/5812/5566 5812/5813/5566
f 5812/5813/5566 5814/5814/5566 5811/5811/5566
f 5815/5815/5567 5817/5816/5568 5816/5817/5568
f 5816/5817/5568 5818/5818/5567 5815/5815/5567
f 5819/5819/5569 5816/5817/5568 5817/5816/5568
f 5817/5816/5568 5820/5820/5569 5819/5819/5569
f 5819/5819/5569 5820/5820/5569 5821/5821/5570
f 5821/5821/5570 5822/5822/5570 5819/5819/5569
f 5822/5822/5570 5821/5821/5570 5823/5823/5571
f 5823/5823/5571 5824/5824/5571 5822/5822/5570
f 5825/5825/5572 5824/5824/5571 5823/5823/5571
f 5823/5823/5571 5826/5826/5572 5825/5825/5572
f 5827/5827/5573 5829/5828/5574 5828/5829/5575
f 5829/5828/5574 5830/5830/5576 5828/5829/5575
f 5830/5830/5576 5831/5831/5577 5828/5829/5575
f 5831/5831/5577 5832/5832/5578 5828/5829/5575
f 5832/5832/5578 5827/5827/5573 5828/5829/5575
f 5833/5833/5579 5835/5834/5579 5834/5835/5579
f 5834/5835/5579 5835/5834/5579 5836/5836/5579
f 5834/5835/5579 5836/5836/5579 5837/5837/5579
f 5837/5837/5579 5838/5838/5579 5834/5835/5579
f 5836/5836/5579 5835/5834/5579 5839/5839/5579
f 5839/5839/5579 5840/5840/5579 5836/5836/5579
f 5841/5841/5579 5840/5840/5579 5839/5839/5579
f 5839/5839/5579 5842/5842/5579 5841/5841/5579
f 5841/5841/5579 5842/5842/5579 5843/5843/5579
f 5843/5843/5579 5844/5844/5579 5841/5841/5579
f 5835/5834/5579 5845/5845/5579 5839/5839/5579
f 5845/5845/5579 5846/5846/5579 5839/5839/5579
f 5847/5847/5580 5849/5848/5580 5848/5849/5580
f 5848/5849/5580 5849/5848/5580 5850/5850/5580
f 5851/5851/5580 5850/5850/5580 5849/5848/5580
f 5849/5848/5580 5852/5852/5580 5851/5851/5580
f 5853/5853/5580 5848/5849/5580 5850/5850/5580
f 5854/5854/5580 5848/5849/5580 5853/5853/5580
f 5853/5853/5580 5855/5855/5580 5854/5854/5580
f 5850/5850/5580 5856/5856/5580 5853/5853/5580
f 5857/5857/5580 5853/5853/5580 5856/5856/5580
f 5856/5856/5580 5858/5858/5580 5857/5857/5580
f 5857/5857/5580 5858/5858/5580 5859/5859/5580
f 5859/5859/5580 5860/5860/5580 5857/5857/5580
f 5861/5861/5581 5863/5862/5581 5862/5863/5581
f 5862/5863/5581 5864/5864/5581 5861/5861/5581
f 5865/5865/5582 5867/5866/5582 5866/5867/5582
f 5866/5867/5582 5868/5868/5582 5865/5865/5582
f 5869/5869/5583 5871/5870/5583 5870/5871/5583
f 5870/5871/5583 5872/5872/5583 5869/5869/5583
f 5873/5873/5567 5875/5874/5567 5874/5875/5567
f 5874/5875/5567 5876/5876/5567 5873/5873/5567
f 5877/5877/5567 5879/5878/5567 5878/5879/5567
f 5878/5879/5567 5880/5880/5567 5877/5877/5567
f 5881/5881/5583 5883/5882/5583 5882/5883/5583
f 5882/5883/5583 5884/5884/5583 5881/5881/5583
f 5885/5885/5584 5887/5886/5584 5886/5887/5585
f 5886/5887/5585 5888/5888/5585 5885/5885/5584
f 5889/5889/5567 5891/5890/5567 5890/5891/5567
f 5890/5891/5567 5892/5892/5567 5889/5889/5567
f 5893/5893/5586 5895/5894/5586 5894/5895/5586
f 5894/5895/5586 5896/5896/5586 5893/5893/5586
f 5897/5897/5587 5899/5898/5587 5898/5899/5587
f 5898/5899/5587 5900/5900/5587 5897/5897/5587
f 5901/5901/5588 5903/5902/5588 5902/5903/5588
f 5902/5903/5588 5904/5904/5588 5901/5901/5588
f 5905/5905/5589 5907/5906/5589 5906/5907/5589
f 5906/5907/5589 5908/5908/5589 5905/5905/5589
f 5909/5909/5590 5911/5910/5590 5910/5911/5590
f 5910/5911/5590 5912/5912/5590 5909/5909/5590
